prefix,d0,d1,d2,d3,d4,d5,d6
01003,0.0,0.0,0.0,0.5,0.0,0.0,0.0
01004,0.0,0.0,0.3,0.0,0.0,0.0,0.0
01005,0.0,0.49,0.0,2.05,0.0,0.275,0.0
01006,0.0,2.55,0.0,3.3,0.0,0.0,0.0
01007,0.0,0.0,0.0,0.468,0.188,0.0,0.0
01008,2.25,0.0,0.0,0.601,0.0,0.0,0.0
01009,1.0,0.0,0.0,0.9,0.0,0.075,0.0
01011,0.7,0.25,0.0,0.0,1.383,0.0,0.0
01012,0.0,0.0,0.5,0.0,0.265,0.0,0.0
01013,0.2,0.0,0.0,0.0,0.0,0.0,0.15
01014,0.0,0.0,0.0,0.0,0.35,0.0,0.0
01015,0.0,1.813,0.0,0.0,0.0,0.0,0.8
01016,0.0,0.0,0.0,0.0,0.0,0.0,0.0
01017,17.6,0.0,13.35,0.0,0.0,0.2,0.0
01019,0.15,0.0,0.0,0.0,0.0,0.0,0.0
01020,13.2,1.11,0.0,0.0,0.9,60.0,0.0
01021,2.3,0.42,0.0,0.0,0.0,0.0,0.0
01022,0.0,0.0,0.0,0.0,0.34,0.0,0.0
01023,0.0,0.667,0.0,0.0,0.0,0.0,0.0
01024,0.0,0.922,0.0,0.0,0.0,0.0,0.0
01025,0.0,0.0,0.0,0.0,0.0,0.0,0.0
01026,0.4,0.48,0.0,0.0,0.0,0.0,0.0
01027,0.15,0.0,0.0,0.0,0.0,0.0,0.0
01030,0.0,0.0,2.425,0.0,0.125,0.0,0.3
01031,2.841,0.0,0.85,0.15,0.0,0.0,0.0
01032,0.0,0.0,0.0,0.0,0.0,22.8,0.0
01033,0.0,2.965,2.35,0.0,0.0,15.8,1.25
01035,1.1,0.0,2.7,0.0,0.0,11.434,0.0
01036,0.801,0.0,0.35,0.0,0.0,0.15,0.0
01037,0.0,15.25,4.338,0.0,0.0,0.0,0.0
01038,0.0,0.0,0.45,0.45,0.0,0.0,0.0
01041,14.15,0.0,0.0,0.0,0.0,0.0,1.825
01042,0.0,0.0,3.0,0.422,0.0,0.9,0.0
01043,0.0,0.0,0.0,0.0,0.0,0.0,0.0
01044,0.0,0.0,0.0,0.8,1.2,0.0,0.0
01045,0.0,0.0,2.0,0.0,0.0,0.0,0.0
01046,0.1,6.183,0.0,1.306,1.3,1.258,0.0
01047,0.55,1.75,1.383,0.0,36.934,0.0,0.0
01048,0.0,1.15,1.15,29.45,0.4,0.0,0.0
01049,0.0,0.0,0.342,0.0,0.0,0.0,1.5
01050,0.1,1.025,6.0,0.0,2.35,0.0,0.0
01102,0.0,0.0,0.0,0.0,0.0,0.0,0.25
01103,0.0,1.25,0.31,1.3,1.1,0.0,2.15
01105,0.0,0.0,0.0,0.0,0.0,0.0,0.0
01106,0.0,0.0,0.3,0.0,0.0,0.0,0.0
01107,0.0,0.0,0.0,0.55,0.645,0.0,0.0
01108,0.0,0.1,0.0,0.0,0.0,0.0,0.0
01120,0.0,0.0,2.467,0.36,0.0,0.0,1.825
01121,0.0,0.0,0.0,9.0,0.0,0.0,0.0
01122,0.0,3.35,0.0,0.0,4.181,0.0,1.3
01123,0.0,1.067,0.0,0.0,2.25,2.5,0.0
01124,0.0,0.0,0.15,0.0,0.0,0.0,0.0
01125,0.3,0.2,0.0,0.0,0.0,0.0,0.12
01127,0.0,0.0,4.65,0.0,0.0,0.0,0.0
01129,16.125,0.0,0.0,0.0,0.0,0.32,0.0
01131,3.717,0.0,0.0,0.514,0.0,5.1,0.0
01132,2.35,0.0,30.0,0.0,0.0,0.0,0.0
01134,0.0,0.0,0.1,0.18,0.0,0.0,0.248
01135,0.0,0.1,0.0,2.6,0.0,0.0,0.275
01136,0.0,0.0,0.1,0.0,0.0,0.0,0.0
01137,0.0,1.867,1.0,0.0,2.0,0.0,0.0
01138,0.0,0.0,0.45,1.867,0.0,0.0,7.15
01139,0.0,0.0,0.0,1.3,0.0,5.575,0.0
01140,0.0,1.413,5.95,0.416,0.0,0.0,0.0
01141,7.55,0.0,0.0,0.0,1.32,0.0,0.0
01144,0.0,0.2,0.0,0.0,0.0,0.0,0.0
01150,19.6,0.0,0.25,0.0,0.4,0.0,0.0
01151,3.45,0.0,1.45,1.0,0.6,8.267,1.0
01152,2.15,0.0,0.0,0.0,9.95,0.0,0.0
01153,0.0,0.35,3.72,8.0,4.45,0.0,0.0
01154,7.15,0.15,10.7,20.685,0.0,0.0,0.0
01155,0.0,9.4,21.617,0.0,0.0,0.0,0.0
01156,0.0,0.45,3.0,0.25,1.05,0.0,0.0
01201,0.0,0.133,0.0,0.0,5.335,0.0,0.25
01202,8.8,0.396,0.0,0.0,0.0,0.0,0.0
01203,1.05,0.4,0.0,0.15,0.0,0.2,0.0
01204,0.0,0.0,0.5,2.15,0.0,0.0,0.0
01205,0.0,0.0,0.0,0.0,2.825,0.0,0.0
01206,0.0,0.0,0.0,0.0,0.0,0.0,0.15
01207,0.0,0.0,0.0,5.35,0.0,0.35,0.0
01208,0.0,0.05,0.0,0.0,0.0,0.0,0.0
01209,3.05,0.0,0.0,0.0,0.0,8.25,0.0
01210,0.0,0.0,1.06,0.3,0.0,0.0,0.0
01211,0.43,0.0,1.695,0.0,1.804,0.2,0.0
01213,0.25,0.0,0.0,0.0,0.0,0.0,9.7
01214,0.0,0.0,2.426,0.0,0.0,0.0,4.9
01215,5.35,0.0,0.0,0.0,15.75,0.0,0.0
01216,0.5,7.6,0.0,6.75,0.0,0.0,0.0
01217,0.6,0.0,30.0,0.0,0.0,0.0,0.0
01218,2.1,0.0,0.0,0.0,0.0,0.0,0.0
01219,8.5,3.55,0.0,21.7,11.85,0.5,0.0
01220,0.0,0.2,0.0,1.3,0.9,0.1,0.0
01221,0.0,0.0,0.3,0.1,3.1,3.6,0.5
01222,0.725,3.364,0.0,10.1,0.0,4.25,0.0
01223,0.335,0.0,30.363,0.2,1.825,0.0,0.0
01224,13.1,4.35,0.564,0.5,1.775,4.525,0.0
01225,0.62,0.0,0.0,0.74,0.0,0.0,1.14
01226,1.4,0.15,3.25,3.745,8.335,0.0,0.2
01227,0.15,0.0,0.4,0.25,3.52,2.783,0.0
01228,0.8,1.38,0.7,1.667,1.125,0.6,0.25
01229,4.1,0.45,0.507,5.9,0.6,0.4,1.4
01230,8.05,6.1,0.744,2.75,0.0,23.45,12.7
01231,0.0,2.65,0.0,2.05,0.35,0.0,2.35
01232,0.9,0.0,6.963,1.6,0.269,10.35,1.65
01233,0.475,2.01,1.013,0.0,0.255,1.05,0.463
01234,0.0,0.5,0.0,0.0,24.1,0.0,0.0
01235,0.0,0.0,0.0,0.0,0.0,0.0,1.76
01237,0.852,0.0,0.0,0.0,0.0,0.0,0.0
01238,0.65,0.45,3.2,6.55,2.008,0.0,0.133
01239,0.15,0.0,1.075,3.5,0.3,0.0,0.0
01240,0.733,0.5,8.963,0.35,4.757,5.5,0.0
01241,0.0,0.0,0.45,2.7,2.754,0.0,0.0
01242,0.175,1.65,0.0,0.0,3.3,0.3,0.55
01243,9.9,0.383,9.45,0.464,0.4,0.0,1.15
01244,1.518,0.207,6.95,0.0,0.0,0.0,0.0
01246,0.0,0.0,0.0,0.363,0.0,0.0,0.0
01248,0.0,0.0,0.0,0.0,0.0,0.0,0.431
01250,0.0,0.0,0.0,0.3,2.6,0.0,0.0
01251,0.0,0.0,0.15,0.0,2.25,0.5,0.0
01252,0.0,0.55,0.0,0.0,0.0,0.4,0.0
01253,0.0,0.0,0.0,0.05,0.0,0.0,0.0
01254,10.45,0.0,0.0,0.2,0.0,0.0,0.0
01255,1.9,0.0,0.0,0.7,0.0,0.0,0.0
01256,0.0,0.0,0.0,0.0,1.2,0.0,0.0
01257,2.125,0.658,4.8,0.5,0.0,0.475,5.5
01258,3.375,0.463,2.35,15.642,0.0,2.195,1.2
01259,0.25,0.75,0.0,0.25,0.0,0.3,0.0
01301,4.725,0.533,1.55,0.55,0.0,0.0,0.68
01302,1.1,0.0,6.65,0.0,0.5,7.95,0.0
01303,2.05,3.55,0.0,0.0,0.4,1.85,0.43
01304,0.0,0.313,0.0,12.9,0.7,0.0,0.473
01305,0.4,0.0,0.15,0.0,0.0,0.0,0.0
01306,4.2,0.0,1.775,6.725,66.8,0.175,0.0
01307,6.001,3.285,3.138,4.677,8.575,3.3,10.008
01308,0.75,0.55,0.0,9.646,12.983,0.0,0.9
01309,0.0,0.35,19.825,0.45,1.1,0.4,0.175
01310,0.8,1.358,2.05,4.72,0.0,2.05,0.0
01311,5.6,12.75,6.307,0.292,13.74,9.6,5.3
01312,1.2,0.4,0.0,1.75,3.25,0.0,3.3
01313,14.266,8.946,0.0,13.25,1.833,0.0,0.0
01314,7.75,0.0,3.5,0.0,0.0,0.0,1.65
01315,0.292,4.438,1.25,1.175,1.85,18.138,3.15
01316,1.9,0.9,0.0,0.85,0.0,7.225,0.15
01317,22.7,1.179,4.575,2.7,0.05,1.11,3.75
01318,0.0,0.0,0.0,1.85,9.2,1.45,0.0
01319,0.584,0.1,0.0,1.8,0.0,0.0,0.545
01320,0.0,0.0,0.0,0.0,0.0,0.2,0.0
01321,1.0,0.0,10.65,1.3,0.2,0.8,0.0
01322,0.0,24.75,0.3,3.89,0.6,0.0,8.25
01323,1.357,0.217,0.0,6.35,0.35,11.7,0.0
01324,0.0,0.0,0.0,0.0,0.0,2.05,0.0
01325,0.0,0.0,0.0,0.75,2.7,0.0,0.0
01326,0.0,0.0,0.0,0.0,1.7,0.2,0.0
01327,0.0,27.55,0.6,2.0,0.0,0.5,8.342
01328,0.35,0.0,0.4,0.0,3.4,0.0,0.0
01329,2.175,0.933,0.3,2.385,27.327,0.1,0.0
01330,0.3,0.35,1.35,0.0,0.0,0.0,0.0
01331,1.1,0.2,7.05,0.3,0.0,0.0,0.0
01332,0.0,0.0,0.0,0.1,0.0,0.0,0.0
01333,0.0,0.0,0.0,0.7,0.688,0.0,0.6
01401,0.25,21.375,2.1,0.0,0.0,1.11,1.5
01402,0.0,0.35,0.0,0.0,1.15,0.0,0.0
01403,12.3,0.0,0.15,3.905,0.6,0.2,1.7
01404,3.15,0.0,16.55,1.785,0.0,2.15,0.0
01405,5.7,0.226,0.643,9.75,0.0,0.0,0.75
01406,0.0,0.0,0.0,1.925,0.0,2.0,0.0
01407,0.0,0.0,0.0,9.495,0.65,7.6,5.25
01408,0.0,4.2,1.75,1.0,0.0,0.125,0.0
01409,7.55,2.6,0.075,3.364,1.55,0.0,6.017
01410,0.0,1.45,3.142,0.625,0.0,0.18,0.0
01411,0.075,0.3,3.438,0.0,0.0,0.0,3.2
01412,0.0,0.0,0.0,0.0,0.0,0.175,0.0
01413,0.0,0.0,0.0,0.0,0.0,0.95,4.225
01414,0.2,0.0,0.0,22.7,0.15,0.0,0.0
01415,3.96,5.417,9.1,11.992,12.918,0.93,0.9
01416,0.0,1.85,2.863,6.25,2.1,0.85,0.0
01417,0.0,0.0,5.9,0.0,1.025,0.0,0.0
01418,0.0,0.0,0.0,0.0,0.0,0.0,0.0
01419,1.9,1.6,0.974,7.55,1.8,1.1,0.4
01420,0.75,0.1,5.547,0.0,1.15,0.0,2.667
01421,1.3,1.334,3.693,1.6,1.85,0.0,0.0
01422,1.275,0.517,0.717,0.25,0.4,0.2,0.3
01423,2.0,1.649,23.3,1.012,0.7,22.275,17.2
01424,4.9,0.3,12.35,0.6,0.25,2.069,1.15
01425,11.1,0.0,0.0,4.1,0.0,0.1,0.0
01426,0.15,0.0,0.0,0.0,0.0,0.0,0.0
01427,0.0,0.0,0.0,0.0,0.5,0.0,0.0
01429,0.0,0.0,0.3,0.15,0.0,0.0,1.0
01430,0.0,0.0,0.0,0.0,0.0,0.0,0.2
01431,0.0,0.0,0.0,0.0,0.0,0.0,0.525
01432,0.0,0.0,0.0,0.0,2.55,0.0,0.0
01433,0.42,0.0,0.0,0.0,0.25,0.15,0.0
01434,2.35,0.0,0.0,0.0,11.575,0.0,0.0
01435,0.0,0.102,0.3,0.0,0.0,0.0,0.0
01438,0.18,0.0,0.0,0.0,0.0,0.0,0.0
01440,0.0,0.0,0.175,0.0,0.0,0.0,0.0
01442,0.1,1.4,0.0,0.0,20.85,0.0,0.0
01443,0.6,0.0,0.0,0.0,0.0,0.0,0.0
01444,0.533,0.0,0.0,0.6,0.0,0.0,0.0
01445,0.0,0.0,0.0,0.0,2.5,0.0,0.0
01447,0.4,0.0,0.0,0.85,0.0,0.0,0.0
01448,0.0,0.0,0.15,0.0,0.0,0.2,0.0
01449,0.0,0.0,0.0,0.0,0.35,0.0,0.0
01450,0.0,0.0,0.0,33.25,0.0,0.0,0.0
01451,4.747,4.733,0.05,5.725,0.0,0.9,0.0
01452,3.0,0.0,1.9,0.679,1.577,0.0,0.8
01453,0.4,2.9,0.0,5.688,1.6,0.207,0.3
01454,1.35,1.45,0.0,5.5,1.915,10.05,0.85
01455,0.25,8.35,0.3,0.0,0.0,1.414,0.55
01456,0.0,9.283,0.0,0.2,0.0,0.0,0.0
01457,0.0,0.0,0.0,0.0,0.0,0.0,0.0
01501,0.0,0.0,0.0,0.0,3.68,0.0,2.6
01502,0.0,0.0,0.0,0.0,0.0,0.0,0.0
01503,0.0,0.15,0.8,0.0,2.85,0.0,0.0
01504,0.0,5.7,0.15,3.668,1.35,0.0,6.05
01505,0.65,0.2,0.0,0.0,0.0,0.0,0.0
01506,0.275,0.0,0.0,0.0,3.65,0.0,0.15
01507,0.0,0.0,0.0,0.0,3.35,0.0,5.833
01508,4.05,12.0,0.35,4.0,2.85,12.783,0.0
01509,0.3,0.0,0.0,7.35,0.55,3.75,8.05
01510,0.0,0.8,0.0,0.0,0.0,0.0,0.0
01511,1.55,1.85,0.0,1.95,0.0,5.2,1.743
01512,10.15,0.0,0.0,0.225,0.3,0.0,0.15
01513,0.0,0.0,0.0,0.0,1.643,0.0,0.0
01514,0.0,0.05,0.0,0.0,1.55,0.0,0.0
01516,1.65,0.5,0.0,0.3,0.0,1.65,0.0
01517,0.0,0.575,0.0,1.383,0.0,0.0,1.05
01518,0.0,0.0,0.0,0.0,0.0,0.343,0.0
01519,0.0,0.0,0.0,1.35,0.0,0.0,0.0
01520,0.725,0.85,0.675,0.2,0.0,0.0,0.25
01521,0.213,0.0,0.0,0.0,0.0,1.8,1.538
01522,0.3,0.0,0.35,0.5,0.0,0.0,0.0
01523,0.475,0.0,0.0,1.0,0.0,0.0,0.0
01524,0.25,0.0,0.0,0.0,0.0,0.0,0.0
01525,0.0,1.49,1.4,1.75,0.75,2.85,1.25
01526,2.0,11.667,0.0,2.85,0.0,0.85,1.95
01527,3.9,10.773,0.0,0.0,0.35,9.2,13.85
01528,0.0,0.0,0.0,0.0,19.65,0.0,0.0
01529,0.1,0.6,8.384,1.1,24.894,0.55,1.3
01530,0.517,0.0,0.0,0.0,0.0,0.0,0.3
01531,0.0,1.65,0.0,0.0,0.0,0.0,0.0
01532,17.9,1.225,0.0,10.75,1.7,0.9,1.35
01533,0.75,1.535,0.0,0.0,0.2,16.125,0.0
01534,0.0,0.0,4.916,0.696,0.51,1.825,0.0
01535,0.0,2.134,0.0,0.75,2.45,0.0,0.0
01536,0.0,1.775,0.0,0.0,3.75,0.2,0.55
01537,0.475,0.0,0.0,1.5,0.8,0.0,0.0
01538,0.0,0.0,0.0,1.325,0.0,0.0,0.0
01539,0.0,0.0,0.0,0.2,0.85,0.0,0.85
01540,0.0,0.45,0.0,0.0,0.0,0.0,0.0
01541,0.283,0.0,0.113,0.0,0.45,0.0,0.35
01542,0.0,0.0,0.0,0.95,0.0,0.0,0.0
01543,0.0,8.6,4.617,0.1,0.0,0.65,0.0
01544,1.25,13.0,0.0,0.99,0.675,4.35,0.1
01545,0.0,0.251,0.75,0.0,0.0,0.0,0.0
01546,0.0,1.955,1.425,0.7,0.0,0.0,0.0
01547,0.2,0.0,2.22,4.7,0.0,5.95,0.0
01548,5.433,3.85,0.0,1.55,1.867,0.0,0.2
01549,24.4,0.0,0.0,0.45,0.0,0.0,0.0
01550,0.0,0.0,0.0,0.0,0.0,0.0,0.0
01551,0.55,0.0,0.0,0.0,0.35,0.584,12.8
01552,3.15,0.281,0.6,0.0,1.3,0.0,0.25
02010,0.0,0.0,0.0,0.55,0.0,0.0,0.0
02011,0.0,0.0,1.35,0.4,0.0,0.0,0.0
02012,0.85,0.0,21.5,0.0,0.0,0.25,0.0
02013,7.55,0.55,1.554,1.65,0.0,7.05,0.9
02016,0.0,0.0,1.0,0.304,0.433,0.0,0.0
02017,0.0,0.0,0.414,0.304,2.6,0.0,10.15
02018,0.1,0.0,0.6,0.0,0.371,0.0,1.65
02019,0.0,0.0,0.1,0.0,0.0,0.0,0.0
02020,12.65,0.2,0.527,0.0,0.0,0.0,0.45
02021,2.25,22.177,1.425,2.236,0.0,0.0,0.0
02022,0.5,1.35,4.15,1.4,0.18,0.25,11.6
02029,0.0,0.65,1.05,0.0,0.3,0.0,0.0
02031,0.0,0.0,0.95,0.15,0.0,0.254,0.0
02033,0.0,0.85,0.1,0.725,1.85,0.0,0.0
02034,0.0,0.7,0.0,0.0,0.0,0.0,0.0
02035,11.3,0.0,1.014,0.0,1.963,0.0,0.0
02036,9.5,0.0,0.55,0.0,1.15,0.0,1.55
02037,2.925,1.05,5.8,0.0,0.0,0.0,0.0
02038,0.0,0.45,0.15,0.3,0.0,1.683,0.0
02039,0.0,0.0,0.0,0.0,4.338,0.0,0.0
02040,0.425,0.0,0.3,0.0,9.2,0.0,0.0
02041,0.125,1.175,0.0,0.0,0.0,0.0,0.0
02042,0.0,0.1,0.5,0.2,0.35,0.0,1.0
02043,0.0,0.13,0.0,0.0,1.65,1.053,7.15
02044,0.65,2.5,1.1,0.0,0.0,0.0,0.15
02045,0.0,0.25,0.0,0.0,0.0,0.0,0.0
02046,0.0,4.338,0.0,3.6,0.2,0.0,0.0
02050,0.0,0.0,0.65,3.85,0.1,1.2,1.232
02051,0.0,0.0,0.0,0.0,0.35,0.0,0.0
02052,0.0,0.0,0.0,0.0,0.9,0.0,0.0
02053,12.572,0.0,1.85,0.0,0.0,1.5,0.1
02054,0.8,0.0,0.0,0.0,0.0,2.6,0.0
02055,0.5,1.35,0.0,0.0,0.501,0.0,0.0
02056,0.0,0.0,0.0,0.0,0.0,0.0,0.0
02060,1.7,0.0,0.497,0.0,12.1,0.0,0.0
02064,0.0,0.0,0.0,1.1,0.0,0.0,0.45
02066,0.0,6.85,5.5,0.584,0.05,0.0,0.0
02067,1.125,6.0,0.0,0.419,0.0,0.0,0.0
02071,1.55,1.55,0.0,0.0,0.4,0.6,0.0
02072,1.65,3.85,0.0,0.0,2.0,0.0,0.0
02074,0.2,0.0,10.1,0.0,0.0,0.0,0.0
02075,2.05,3.85,0.0,0.0,0.55,0.0,0.0
02076,0.25,0.0,0.0,0.0,0.0,0.0,0.0
02077,0.0,0.0,0.0,1.9,0.0,0.0,0.0
02078,0.2,0.0,0.6,1.6,0.0,0.0,0.0
02079,0.0,0.0,0.0,0.0,0.1,0.0,2.697
02080,0.0,0.0,0.0,0.0,0.0,0.0,7.8
02081,0.0,0.586,0.0,0.0,2.0,0.0,0.0
02082,0.1,2.415,1.05,0.217,0.0,1.1,4.5
02083,0.4,0.0,3.05,0.3,0.2,0.0,0.0
02084,0.0,0.0,0.0,0.36,0.0,0.0,0.0
02110,0.0,0.0,0.0,0.0,0.0,0.0,0.0
02111,0.4,0.35,2.667,0.45,0.7,1.9,0.0
02112,0.0,0.0,0.0,2.3,0.0,0.0,0.0
02113,0.0,0.0,0.0,2.35,0.0,1.1,0.0
02115,0.0,0.767,0.0,0.0,0.0,0.0,0.0
02117,0.0,0.1,0.0,0.9,0.0,0.0,0.0
02118,0.0,0.0,0.0,0.35,0.5,0.0,0.0
02119,0.0,0.9,0.0,0.25,0.0,0.0,0.0
02120,0.0,0.0,0.0,0.0,0.0,0.4,0.0
02121,7.0,0.0,0.0,0.0,0.0,0.0,0.0
02122,0.4,0.0,0.35,0.0,0.0,2.8,0.4
02123,6.35,0.0,0.0,0.0,0.0,0.0,0.0
02124,15.8,0.0,0.0,0.975,0.0,0.0,0.0
02125,0.0,0.0,0.0,0.0,0.0,0.8,0.0
02126,0.0,0.0,0.0,0.0,0.0,0.0,0.4
02127,0.0,0.0,0.0,11.75,0.0,0.0,0.0
02128,0.0,0.0,0.0,2.567,0.125,0.35,0.0
02129,0.0,0.0,0.0,0.0,0.0,0.0,5.1
02130,0.0,0.0,0.0,0.0,0.895,0.0,0.2
02131,4.567,0.0,0.147,0.165,0.15,0.0,0.0
02132,0.0,0.0,0.0,0.0,0.0,0.0,0.33
02133,0.0,0.25,0.0,0.0,0.0,0.305,0.0
02134,0.0,0.0,0.0,1.5,0.55,0.0,0.0
02135,0.434,0.1,0.2,15.7,0.0,0.0,0.0
02136,0.0,0.3,6.038,0.25,0.0,1.8,0.7
02137,0.0,0.0,0.0,3.4,0.0,0.0,0.0
02138,0.7,0.25,0.2,0.3,0.0,0.0,0.0
02139,0.0,0.0,0.0,0.2,0.0,0.0,0.0
02141,0.0,0.6,0.0,0.0,4.05,0.5,0.0
02143,0.0,0.0,0.0,0.0,0.0,0.0,0.0
02150,0.25,0.0,0.0,0.0,0.0,0.0,0.0
02152,0.0,0.0,0.076,0.0,0.0,0.0,0.0
02161,0.0,0.175,0.0,0.81,0.0,0.0,0.0
02166,0.0,0.0,0.0,0.0,0.0,0.0,0.6
02167,1.867,0.0,0.55,0.0,0.0,0.2,0.0
02168,0.0,0.0,0.0,0.0,0.15,0.0,0.0
02169,2.2,0.15,0.0,0.0,0.0,0.0,0.0
02174,0.0,0.0,0.0,0.0,0.0,0.0,0.0
02175,0.0,0.0,0.0,0.0,0.2,0.0,0.0
02176,0.0,0.0,0.0,0.15,0.0,0.0,0.0
02177,1.95,0.0,0.0,0.608,0.0,0.0,0.55
02178,0.0,0.0,0.0,2.05,0.6,0.0,0.687
02179,0.0,0.0,0.317,2.35,0.5,0.0,0.0
02180,0.0,0.0,2.4,0.0,0.0,0.0,0.0
02181,0.0,0.0,0.0,0.0,0.0,0.0,0.0
02185,0.0,1.85,4.153,0.8,0.0,0.0,0.283
02186,0.0,0.0,6.9,1.092,0.0,0.0,0.0
02187,0.0,0.0,4.9,0.0,0.0,0.0,0.0
02188,0.0,0.0,0.0,0.0,0.0,0.0,0.0
02189,0.0,0.0,0.8,0.0,0.0,0.0,0.0
02190,0.0,14.601,0.4,0.0,0.0,0.0,0.0
02201,0.0,6.65,0.0,0.0,0.0,0.0,1.75
02202,0.0,54.3,0.0,0.0,0.0,16.65,0.0
02203,0.0,10.225,8.583,0.0,0.0,0.0,0.0
02204,0.0,0.5,0.15,22.6,0.0,0.0,0.0
02205,0.0,0.0,0.0,0.0,0.0,0.0,1.6
02206,0.0,0.25,0.6,0.0,0.0,0.817,1.2
02207,0.0,0.0,0.0,1.2,0.0,0.0,0.0
02208,0.0,0.0,0.0,0.0,0.0,1.95,0.0
02209,0.45,0.0,9.45,1.0,0.0,0.0,0.0
02210,0.9,1.225,0.2,0.0,0.0,8.35,0.0
02212,1.825,0.0,0.0,0.317,11.75,0.0,0.0
02213,0.0,0.0,0.0,0.0,0.0,0.0,0.25
02214,0.0,0.0,0.0,0.0,0.0,2.15,0.0
02215,0.0,0.233,0.0,0.0,0.0,0.0,3.5
02216,0.0,0.0,0.0,0.0,0.0,0.0,0.0
02217,0.5,0.0,0.0,0.35,0.0,1.15,0.0
02218,2.8,0.0,0.0,1.55,0.0,0.0,0.0
02219,0.0,0.596,0.0,0.6,0.0,0.0,0.0
02220,21.2,3.975,0.0,0.0,1.05,0.0,2.05
02221,0.0,0.3,0.0,0.0,0.0,0.0,0.0
02222,1.05,0.15,0.0,0.0,0.0,0.0,8.45
02223,0.0,0.1,3.8,2.7,0.0,0.0,0.0
02224,0.0,0.0,0.0,0.0,1.55,0.0,0.2
02225,9.225,12.6,0.0,0.4,0.18,0.0,0.0
02226,0.0,0.25,0.0,0.4,0.0,7.445,0.95
02227,0.95,0.0,0.0,0.0,1.5,7.3,0.0
02228,14.35,0.0,0.0,0.0,0.0,0.0,1.375
02229,0.0,16.65,0.6,5.45,1.268,0.0,0.0
02230,1.6,0.178,0.3,0.0,0.0,0.0,0.32
02231,0.0,0.0,0.0,2.475,0.0,0.0,0.0
02232,0.0,0.0,0.0,0.0,0.15,0.0,0.0
02233,0.0,0.0,0.0,0.0,0.25,0.0,0.0
02234,0.0,0.0,0.65,0.0,0.65,0.0,0.0
02235,0.0,0.0,2.6,2.3,0.0,0.15,0.0
02236,0.0,0.0,0.75,0.0,0.0,0.1,0.0
02238,1.583,0.1,0.0,0.0,0.0,0.1,0.9
02239,0.0,0.0,0.0,0.0,0.0,0.0,0.0
02241,0.2,0.0,0.4,0.0,0.0,0.0,2.15
02242,17.75,0.15,0.6,0.0,1.617,0.0,1.6
02243,0.0,6.2,0.4,0.2,0.0,0.0,0.0
02244,1.525,0.0,0.0,0.125,0.0,0.3,0.45
02245,0.0,0.0,0.0,2.0,0.2,0.0,0.0
02246,0.0,0.0,0.0,0.0,0.1,0.0,0.638
02247,1.15,0.0,0.4,0.6,0.0,0.0,0.0
02249,0.0,0.0,1.1,0.0,0.0,0.0,0.0
02250,0.9,1.2,0.0,0.0,0.0,3.75,0.0
02251,0.0,0.0,0.275,0.95,0.0,0.55,0.0
02252,0.0,0.0,0.0,0.0,0.15,0.0,2.748
02253,0.0,0.0,0.0,0.0,0.0,0.0,0.0
02254,0.9,16.25,0.0,21.9,1.0,0.0,0.0
02255,10.9,0.0,0.4,0.0,0.0,4.788,0.0
02256,0.0,0.0,0.463,0.0,0.0,0.3,0.0
02257,0.0,0.0,0.0,0.0,0.0,3.57,0.25
02258,0.533,0.0,0.0,0.0,0.0,1.35,0.0
02259,0.0,0.0,0.0,0.0,0.0,0.303,0.15
02260,0.0,0.05,0.0,0.0,0.125,0.0,0.0
02261,0.0,0.0,0.0,0.887,0.0,1.1,0.0
02262,0.0,0.0,0.0,0.0,0.0,0.0,0.0
02264,0.317,0.7,0.35,0.2,0.0,0.0,0.0
02266,3.434,0.0,0.0,0.0,0.0,0.0,3.7
02267,0.0,0.0,0.0,0.0,17.05,0.0,0.0
02268,0.0,2.4,0.0,0.0,2.45,0.0,0.0
02269,0.0,2.1,0.0,0.0,0.0,0.0,0.0
02270,0.15,0.0,0.0,0.0,0.0,0.0,0.0
02271,1.433,0.0,0.0,0.0,0.0,0.0,0.0
02272,0.0,0.0,1.45,0.0,0.0,0.0,0.0
02273,12.45,0.55,0.175,0.0,0.5,0.0,0.0
02274,9.813,0.0,0.0,0.0,0.0,0.0,0.0
02275,0.0,0.3,0.0,0.0,0.0,0.0,1.225
02276,0.884,0.15,0.0,46.9,0.85,0.0,0.0
02278,0.0,11.6,0.0,0.0,0.0,0.0,0.0
02279,0.444,0.0,0.0,0.25,0.0,0.0,0.0
02280,0.0,0.0,0.0,0.0,0.0,0.0,0.0
02281,3.5,0.0,0.459,0.0,0.2,0.0,0.0
02290,0.0,0.0,0.0,0.0,0.0,0.0,0.0
02301,0.0,0.0,0.0,0.0,11.333,0.0,0.0
02302,9.9,0.0,0.0,0.0,0.0,1.75,0.0
02303,0.0,0.0,0.0,0.0,0.2,0.0,0.0
02304,0.0,0.0,0.47,0.0,0.0,0.0,0.0
02306,2.2,0.2,0.0,6.85,0.0,0.05,0.0
02307,30.0,0.0,0.15,0.0,0.0,0.0,0.0
02308,0.0,0.0,3.05,0.0,0.0,0.0,0.0
02309,0.0,0.0,0.15,0.0,0.0,0.0,13.15
02310,0.0,12.875,1.285,0.0,6.313,1.626,0.15
02311,0.0,0.0,0.125,0.0,0.4,0.0,0.0
02312,0.0,0.9,0.0,0.0,4.259,0.75,9.9
02313,0.0,0.2,1.25,0.0,0.0,0.0,0.0
02314,12.6,0.0,1.8,0.0,0.407,0.0,1.2
02315,0.95,8.35,0.6,0.0,0.0,0.0,0.0
02316,0.0,0.45,0.45,0.5,15.5,0.0,0.0
02317,0.0,0.075,0.851,0.0,0.0,0.0,1.717
02318,0.125,0.9,0.6,0.0,0.15,33.65,0.0
02319,0.0,0.15,0.35,0.0,0.0,0.15,0.0
02320,0.35,0.0,0.0,0.0,0.0,0.283,0.0
02321,0.0,2.55,0.0,0.0,1.1,0.0,0.0
02322,0.0,0.0,0.0,13.8,5.0,9.4,2.4
02323,0.267,10.958,0.0,0.71,0.0,0.0,2.35
02324,0.0,0.25,0.0,0.0,4.4,0.0,15.2
02325,0.0,0.0,0.25,0.95,0.0,0.0,0.0
02328,0.213,0.0,0.0,0.0,0.0,0.825,0.0
02330,0.0,0.0,0.0,2.877,0.15,0.0,2.689
02332,1.275,0.0,0.0,6.1,1.5,0.0,0.2
02333,0.0,9.725,0.0,0.0,0.7,0.0,0.0
02334,0.0,0.7,0.0,0.45,0.0,0.0,0.0
02335,1.383,0.3,0.0,0.0,0.2,0.0,1.05
02336,0.0,0.5,0.0,0.0,0.0,0.2,0.4
02337,15.6,0.6,0.0,0.0,0.0,0.0,0.0
02338,0.0,0.0,0.18,0.0,0.0,0.0,0.0
02339,0.0,0.0,0.083,0.0,0.0,0.0,0.0
02340,14.15,0.0,0.0,0.0,0.0,0.0,0.0
02341,7.0,0.15,0.25,0.0,0.0,5.047,0.0
02342,0.0,4.1,0.0,0.0,0.0,0.0,0.0
02344,6.5,0.0,0.0,0.0,0.0,0.0,0.0
02345,1.625,0.0,0.0,0.0,0.0,0.0,0.0
02346,0.0,0.0,0.5,0.8,0.1,0.0,0.0
02347,0.0,0.0,0.0,0.0,0.0,0.0,1.15
02349,0.0,5.55,0.0,0.225,0.0,0.3,0.0
02350,0.15,0.0,0.0,0.0,0.0,0.975,0.0
02351,0.0,0.0,0.0,0.0,0.0,0.4,0.0
02352,1.1,0.25,0.0,0.0,0.0,1.5,0.0
02353,23.975,0.0,0.2,0.0,0.0,0.0,0.0
02354,0.3,0.0,0.0,0.0,0.0,1.5,0.0
02355,2.6,0.0,0.0,0.0,0.0,0.0,0.0
02356,0.0,0.0,0.0,7.625,0.0,0.0,0.0
02357,0.05,0.0,0.0,0.0,0.0,0.0,0.0
02358,0.0,0.3,0.0,0.0,0.0,0.0,0.35
02359,0.0,0.0,0.0,0.0,0.0,0.0,0.3
02360,0.0,0.0,0.0,0.0,16.55,0.0,0.0
02361,0.0,0.0,0.0,0.5,0.0,0.0,0.0
02362,0.9,0.0,0.25,0.0,0.525,0.0,0.55
02363,1.3,0.3,0.0,0.0,0.0,0.0,0.0
02365,0.0,5.758,0.138,0.0,0.0,0.0,0.0
02366,0.0,0.85,0.0,15.6,0.0,0.0,0.0
02367,0.0,19.25,0.0,0.25,0.0,0.0,0.0
02368,0.0,1.3,0.0,0.0,0.0,0.475,0.0
02370,0.0,0.45,0.0,0.0,0.0,0.0,0.0
02371,0.0,2.134,0.0,0.0,0.0,0.0,0.1
02372,0.0,0.0,0.9,0.0,0.0,1.904,0.5
02374,0.0,0.0,1.05,0.0,0.25,0.0,0.0
02375,0.0,0.0,0.0,0.7,0.0,0.0,0.0
02376,0.0,9.35,0.85,0.0,0.0,0.167,1.05
02377,8.075,0.85,0.0,0.0,0.0,0.0,0.0
02378,0.0,0.0,0.0,0.264,0.0,0.0,0.0
02401,7.775,0.8,0.0,0.2,1.6,0.0,0.0
02402,0.0,0.0,65.382,0.53,2.06,3.85,5.053
02403,0.0,1.6,2.15,7.55,0.4,0.0,0.0
02404,0.35,0.0,5.5,1.2,1.0,0.2,13.4
02405,0.0,2.4,0.6,0.0,0.0,0.0,0.15
02406,0.15,0.5,0.0,0.5,0.0,1.7,1.11
02407,1.5,10.75,0.0,0.0,0.0,0.0,0.0
02408,0.0,0.6,0.0,1.05,1.25,0.533,5.5
02409,0.0,0.0,0.15,0.0,0.0,0.0,1.05
02410,0.3,0.0,0.0,3.96,0.0,21.275,0.15
02411,10.45,0.0,0.0,1.7,0.7,0.0,0.2
02413,0.0,0.0,0.414,0.0,0.0,0.0,0.0
02415,0.4,9.55,16.15,4.113,0.98,0.125,0.0
02416,0.0,0.0,0.0,0.0,0.321,0.0,0.125
02417,0.0,1.65,0.0,0.0,0.0,0.0,0.0
02418,0.0,0.0,0.0,0.0,6.2,0.0,0.0
02419,0.0,0.275,0.0,0.0,0.0,0.0,0.05
02420,0.61,0.1,0.25,1.025,0.25,10.4,0.0
02421,1.15,0.25,3.4,0.0,0.3,0.0,0.767
02422,2.225,7.8,1.034,0.75,18.475,0.0,0.0
02423,0.0,0.0,0.0,0.0,0.0,0.0,0.0
02430,9.475,2.25,1.05,1.6,0.0,0.0,0.25
02431,0.367,0.0,0.0,0.0,0.0,0.0,0.0
02432,0.0,0.0,0.0,0.0,0.0,0.0,3.0
02433,2.15,0.85,0.0,0.0,0.0,8.35,0.0
02435,10.0,2.05,7.116,14.7,2.971,10.307,0.95
02436,0.0,0.0,0.0,0.0,0.0,0.0,0.156
02440,0.0,0.0,0.0,5.288,0.0,0.0,0.0
02441,2.1,0.0,0.0,0.0,0.0,4.6,0.35
02442,0.0,0.099,0.0,1.7,0.0,0.2,0.0
02443,1.817,0.898,0.0,4.3,20.517,4.85,0.1
02450,0.0,0.0,0.55,0.0,14.45,0.0,0.0
02451,0.55,0.0,0.35,0.725,0.0,1.7,0.0
02452,0.55,0.858,0.532,0.0,0.95,1.35,0.0
02460,0.0,1.25,0.0,0.325,0.0,2.075,0.15
02461,0.0,0.75,0.5,0.725,15.35,0.0,0.782
02462,0.781,1.11,0.85,0.0,0.0,0.25,0.0
02463,0.0,0.0,0.0,0.0,0.05,0.0,0.0
02464,0.0,0.0,0.0,16.175,0.0,0.0,0.0
02465,0.0,0.0,0.6,1.7,0.225,0.0,0.0
02466,0.0,0.0,0.25,0.0,0.0,0.0,0.0
02467,0.0,0.95,0.0,1.35,0.0,0.0,0.0
02468,0.0,0.0,1.75,0.0,0.0,0.0,0.0
02469,0.0,5.675,0.25,7.7,0.0,0.0,0.0
02470,0.0,2.367,0.5,2.2,0.0,0.25,0.0
02471,0.667,0.0,0.0,0.0,0.0,0.5,0.65
02472,0.42,0.0,0.0,0.0,9.075,0.0,6.15
02473,0.0,5.933,0.0,0.0,0.0,0.0,0.0
02474,0.0,0.41,1.25,0.0,0.0,0.0,0.0
02475,0.0,0.0,0.0,0.0,0.0,0.0,0.0
02478,1.61,0.0,0.0,0.2,0.0,0.0,0.0
02479,0.0,0.0,0.0,0.0,0.0,0.0,0.0
02510,0.0,0.1,13.55,0.0,0.0,0.0,0.0
02512,5.15,0.4,11.1,0.0,0.0,0.0,0.0
02513,0.383,0.0,0.6,0.895,1.85,0.0,0.85
02514,16.15,0.0,0.0,0.0,1.05,0.7,0.0
02515,1.2,0.0,0.0,0.0,0.0,0.0,0.0
02516,1.113,0.55,0.0,0.0,0.0,0.2,0.0
02517,0.25,0.0,0.0,0.0,0.0,0.0,2.2
02518,5.692,0.9,2.0,0.911,2.6,0.0,1.05
02519,0.475,7.15,0.0,0.467,0.0,0.0,0.0
02520,0.0,0.0,0.0,0.0,0.0,0.459,0.0
02521,4.0,0.2,0.0,0.0,1.0,0.0,0.0
02522,0.0,0.0,0.0,0.0,0.35,0.0,0.0
02523,0.0,0.0,0.0,0.0,1.55,0.0,12.7
02525,0.0,0.0,0.0,0.0,0.0,0.0,0.0
02526,0.0,0.0,0.0,0.0,0.0,0.0,0.7
02530,0.0,0.0,1.65,0.0,0.0,0.0,0.0
02531,0.1,6.6,0.0,0.4,0.0,0.0,0.0
02532,0.0,0.0,0.0,0.0,0.7,0.0,0.0
02533,15.9,0.0,0.0,0.4,5.85,0.0,0.0
02534,0.0,0.0,0.5,0.8,0.0,0.0,3.85
02535,0.649,0.45,0.15,0.0,0.0,0.0,0.0
02537,0.4,0.0,0.15,3.4,0.15,0.0,0.0
02538,0.0,0.0,0.0,0.0,0.0,0.0,0.0
02539,0.0,0.0,0.0,0.0,0.0,0.275,0.0
02540,0.0,0.0,0.0,1.05,0.0,0.584,0.526
02541,0.0,0.0,0.0,0.0,0.0,0.0,0.0
02542,1.58,0.875,1.24,20.5,3.85,0.0,0.0
02543,0.0,0.0,0.0,0.25,1.075,0.0,0.533
02545,0.25,0.0,0.0,15.05,0.0,0.0,0.667
02550,0.0,0.2,0.0,0.584,0.0,13.388,0.0
02551,0.0,0.0,0.0,0.0,0.0,0.1,0.0
02552,0.4,1.3,1.1,0.0,0.9,0.0,0.0
02553,0.0,0.0,0.0,0.0,0.8,0.0,0.0
02555,0.0,0.0,0.0,1.7,0.0,0.15,0.0
02556,0.0,0.0,0.0,0.4,0.0,9.95,0.0
02557,0.0,0.0,0.0,12.3,0.0,0.0,1.05
02558,0.0,0.0,1.6,0.0,0.0,0.0,1.232
02559,0.0,0.0,0.0,0.0,0.0,0.0,0.0
02560,0.0,0.0,0.0,0.0,0.0,0.0,0.0
02561,0.0,1.05,0.0,0.0,0.0,0.0,0.0
02562,0.45,0.0,0.0,0.0,0.0,0.0,0.0
02563,0.0,0.0,0.0,4.338,0.0,0.15,0.0
02564,0.0,0.45,0.0,0.0,0.0,2.45,0.475
02565,0.0,0.0,0.0,1.8,7.9,0.0,0.7
02566,0.0,0.325,0.0,0.7,1.45,0.0,0.0
02567,0.0,0.0,0.0,0.0,0.0,0.18,0.0
02610,0.0,0.0,0.0,0.0,0.0,0.0,0.0
02611,17.206,0.85,6.2,2.967,2.6,6.663,0.25
02612,0.45,0.0,14.15,0.15,0.0,0.0,0.0
02613,0.0,0.0,0.0,0.0,0.0,0.0,0.45
02614,0.0,0.0,0.0,0.15,9.65,0.0,0.0
02615,0.0,0.0,1.925,0.5,0.85,2.8,4.267
02616,1.9,0.35,0.35,6.038,0.0,0.0,0.0
02617,0.2,0.0,0.0,1.867,0.0,0.95,0.0
02618,0.6,0.207,1.8,0.9,1.575,0.0,2.125
02630,0.0,0.0,0.3,0.0,1.7,0.0,0.0
02631,0.0,0.85,0.0,0.0,0.0,0.0,3.467
02632,0.0,0.0,0.342,0.5,0.6,0.0,0.0
02633,0.0,0.25,0.0,0.0,0.15,0.0,0.0
02634,0.0,0.0,0.0,0.325,0.0,0.0,0.0
02635,0.0,0.0,0.0,0.0,0.0,0.0,0.0
02636,0.0,0.0,0.0,0.0,10.05,0.0,17.65
02637,0.0,1.383,0.0,0.0,0.0,0.0,0.0
02649,11.325,0.0,0.0,0.0,0.0,0.0,0.0
02650,0.0,0.0,0.55,0.0,0.0,0.0,0.0
02651,0.0,13.35,0.0,0.0,0.35,0.0,0.0
02652,0.0,1.5,0.0,0.95,0.283,0.0,0.0
02670,0.275,0.0,0.0,0.0,0.0,0.0,0.0
02671,0.396,1.25,0.0,12.9,6.125,0.0,0.0
02672,0.0,0.0,0.0,0.0,0.6,0.0,9.53
02673,0.0,0.0,0.2,0.0,0.0,0.0,0.0
02674,0.0,7.0,0.7,0.0,0.3,0.0,0.0
02675,1.35,7.65,0.0,0.0,0.0,0.0,0.0
02679,0.0,0.0,2.0,0.0,0.0,0.0,0.0
02680,0.0,0.0,0.25,0.0,0.0,0.0,0.0
02710,0.0,0.0,0.0,0.0,0.0,0.2,0.0
02712,0.85,1.15,0.967,0.0,0.35,3.0,0.0
02713,0.0,0.0,0.05,0.0,0.0,0.0,0.0
02714,0.0,0.0,1.25,0.0,0.0,0.0,0.0
02715,0.0,4.9,0.0,0.0,0.0,0.0,0.2
02716,0.0,0.0,10.8,0.0,0.0,0.0,0.0
02717,2.208,0.0,0.0,0.0,0.0,0.0,0.0
02720,0.0,0.25,1.0,0.0,0.0,0.0,0.0
02721,6.95,0.0,3.541,12.825,0.0,0.0,0.0
02722,0.0,0.0,0.0,0.0,3.45,0.0,4.908
02723,0.0,0.0,0.0,1.0,0.0,0.0,0.0
02724,0.0,0.5,9.85,0.0,0.0,0.1,1.5
02725,0.0,0.0,0.0,0.0,1.3,21.0,0.0
02726,0.0,1.65,0.0,0.0,0.0,0.35,0.15
02728,0.2,0.0,0.586,4.95,0.35,0.0,0.0
02729,0.0,0.0,0.0,0.0,0.0,0.0,0.9
02730,0.0,0.442,0.0,0.15,0.0,0.0,1.825
02731,0.0,0.0,0.375,0.05,0.0,8.6,3.1
02732,0.0,0.2,0.0,0.0,0.0,0.0,0.25
02733,0.0,0.0,0.0,0.0,0.25,0.0,0.0
02734,0.257,0.0,0.2,0.0,0.0,0.0,0.0
02735,6.25,0.0,3.883,0.0,0.0,0.0,18.4
02736,0.0,0.0,0.0,0.0,2.6,0.0,0.0
02737,0.0,0.0,0.0,0.0,0.0,4.35,0.0
02738,0.0,0.0,0.0,0.0,0.45,0.0,0.0
02739,0.0,7.7,5.25,0.0,0.0,0.0,13.6
02750,0.4,0.0,0.0,0.0,0.0,0.0,0.0
02751,2.7,0.0,1.05,0.0,0.0,0.325,1.7
02752,0.3,0.0,0.0,0.0,0.0,0.0,0.0
02754,0.0,0.0,0.0,0.0,1.0,0.0,0.0
02755,1.55,0.0,0.0,0.0,0.0,0.0,0.0
02756,0.0,0.0,0.0,0.0,0.55,0.0,0.0
02757,1.05,0.0,0.0,0.0,0.1,0.0,10.05
02758,0.0,0.3,0.0,1.9,0.0,0.0,0.0
02759,0.0,0.95,0.0,0.0,0.0,0.0,0.0
02762,0.0,0.0,1.383,0.0,0.0,0.0,0.0
02763,2.3,0.0,0.0,0.0,0.0,0.0,0.0
02764,0.0,0.0,0.0,0.0,0.0,0.43,0.0
02765,0.0,0.0,2.0,0.0,0.0,0.0,0.0
02801,2.2,0.0,2.0,0.4,0.575,0.0,0.0
02802,0.4,0.0,0.2,0.9,1.15,0.65,0.65
02803,0.0,9.75,0.0,0.0,0.0,0.0,0.0
02804,7.6,0.0,0.0,0.0,0.426,3.7,1.9
02805,0.0,0.0,1.883,0.65,2.4,0.0,0.0
02806,0.0,1.4,0.0,0.0,0.0,1.55,0.0
02807,0.1,0.0,0.0,0.0,4.475,0.0,0.0
02808,0.15,0.0,0.0,1.45,0.0,0.0,0.4
02809,0.0,2.6,0.0,0.0,3.5,0.0,0.0
02811,1.35,0.0,0.0,0.0,0.0,0.0,0.0
02813,0.0,0.0,0.0,0.0,0.0,0.2,0.0
02814,0.0,0.0,1.6,0.0,0.0,0.0,0.0
02815,0.0,0.0,0.0,0.0,0.0,0.0,0.0
02817,0.0,0.0,0.0,0.0,0.0,0.0,1.25
02820,0.0,0.0,0.0,0.0,0.0,0.0,0.0
02831,0.2,0.0,2.74,0.0,0.0,0.0,0.0
02834,0.4,0.0,4.2,0.25,0.0,0.0,0.0
02835,0.45,0.0,0.0,0.45,0.0,0.0,0.0
02836,0.9,0.0,0.0,0.0,0.0,0.0,0.0
02837,0.0,0.0,0.0,24.6,0.0,0.0,0.0
02839,0.0,0.0,0.0,0.0,32.0,0.0,0.0
02840,0.233,0.0,0.0,0.0,0.35,0.25,0.0
02841,0.4,0.0,0.0,0.0,0.0,0.0,0.0
02842,0.35,3.8,0.75,0.55,0.55,0.7,0.0
02844,0.0,0.0,15.35,0.0,0.0,0.0,0.0
02845,4.475,10.05,1.25,0.0,4.7,0.0,14.25
02846,1.51,0.0,2.0,1.25,13.05,0.0,2.8
02847,0.0,2.283,0.0,0.0,0.0,0.0,0.0
02848,0.0,0.0,0.0,0.0,0.0,0.0,0.0
02849,0.0,7.65,0.0,0.0,0.0,0.0,0.0
02850,0.405,0.0,0.0,0.0,0.0,0.0,0.0
02851,0.6,10.825,0.0,10.791,0.0,0.0,0.0
02853,0.0,0.0,0.0,0.0,0.0,0.0,0.0
02854,1.35,0.0,0.0,0.0,0.0,0.0,0.0
02855,0.0,0.0,0.25,0.6,3.65,1.5,0.0
02856,1.5,0.6,1.85,0.0,0.0,0.0,0.0
02857,0.0,0.0,0.197,0.0,0.0,0.0,0.0
02858,0.0,0.0,0.0,0.0,1.1,0.0,0.0
02859,5.825,0.1,24.2,0.0,0.0,0.0,0.0
02860,0.0,0.335,0.0,0.0,1.026,0.0,0.0
02861,3.6,0.0,0.0,0.0,0.0,1.383,0.0
02862,0.0,0.0,0.0,0.0,0.0,0.2,7.95
02863,0.0,0.0,0.0,0.0,10.667,0.0,0.3
02864,0.0,0.0,0.0,0.0,0.0,0.0,0.0
02866,0.0,0.0,0.0,6.5,0.283,0.0,0.0
02867,0.0,0.0,0.0,0.0,0.0,0.0,0.7
02870,0.175,1.11,0.0,1.9,0.0,4.4,0.0
02871,0.0,0.0,0.0,6.016,0.0,0.0,0.0
02872,0.0,0.0,0.85,0.0,1.6,0.0,0.0
02873,0.0,0.0,0.0,0.0,0.0,0.0,0.0
02874,0.0,0.0,0.45,1.45,0.0,0.0,0.0
02875,0.0,3.35,0.0,0.0,0.25,0.0,0.0
02877,0.0,0.0,0.0,6.75,0.0,0.0,0.0
02878,9.0,0.0,1.1,0.0,0.0,0.0,0.0
02879,0.0,0.2,4.575,0.0,0.0,0.0,0.0
02880,0.32,0.0,10.25,0.0,0.0,0.0,0.0
02881,18.8,0.0,0.0,0.0,0.0,0.0,0.0
02882,0.0,0.0,0.0,0.0,0.0,0.0,0.25
02883,0.0,4.175,0.0,0.605,4.25,0.0,0.25
02910,0.0,0.0,0.254,0.0,1.45,0.0,0.0
02911,4.15,0.0,1.75,0.0,0.0,0.25,0.0
02912,0.3,0.0,0.0,0.0,0.0,0.0,0.683
02913,0.0,1.85,0.375,0.175,0.0,0.0,0.0
02914,0.0,0.0,0.2,0.0,0.15,0.0,0.0
02915,0.0,0.0,0.0,0.0,0.0,0.0,0.0
02916,0.0,18.05,0.0,0.0,0.0,0.0,0.0
02917,0.0,0.0,0.5,0.0,0.0,0.0,0.0
02918,0.0,0.0,0.0,6.35,0.0,0.0,0.0
02919,0.0,0.625,0.7,9.7,0.0,0.0,0.0
02920,0.0,0.0,0.0,0.0,7.0,2.6,0.525
02925,0.2,2.14,16.075,0.3,0.56,0.0,1.417
02926,7.7,1.6,0.0,0.45,0.3,0.0,0.0
02927,1.167,0.85,0.417,3.3,0.18,0.5,3.25
02928,0.3,0.3,0.0,0.0,0.0,0.0,0.0
02929,0.9,0.3,0.3,0.335,0.583,0.0,0.0
02930,0.0,0.0,0.0,0.1,0.0,0.0,0.0
02931,0.1,0.0,0.0,0.0,0.0,8.6,0.0
02932,0.55,0.0,0.0,0.0,0.0,0.0,10.8
02934,0.8,0.6,0.0,2.5,1.9,0.0,0.0
02935,0.0,0.0,0.0,0.0,0.0,0.0,0.0
02936,0.575,0.0,0.0,0.35,0.0,7.0,0.0
02937,0.0,0.0,1.897,0.0,0.0,0.0,0.0
02938,0.0,0.0,0.4,1.632,0.0,0.0,0.8
02939,0.0,0.31,0.0,0.0,0.0,0.0,0.0
02940,0.0,0.0,0.0,0.0,0.0,0.0,0.0
02941,2.8,0.0,0.0,0.0,0.0,0.0,0.0
02942,0.0,0.0,0.0,0.0,0.0,0.0,0.9
02943,0.0,1.45,0.0,0.0,5.85,0.0,0.0
02944,0.0,0.7,0.0,0.0,0.0,0.275,0.0
02945,4.825,0.25,0.0,0.0,1.5,0.0,0.0
02951,0.0,0.0,0.0,0.0,0.15,0.175,0.0
02955,5.508,0.0,0.0,0.0,0.0,0.0,0.0
02957,0.45,0.0,7.0,0.0,0.712,0.0,0.0
02960,0.0,0.0,1.383,0.645,0.0,0.0,27.25
02961,0.75,0.55,0.1,0.0,0.0,0.0,0.95
02962,1.275,18.1,9.9,0.425,0.0,0.0,0.0
02963,0.0,0.0,0.0,0.0,0.0,0.0,0.6
02964,0.0,0.0,0.0,0.0,0.0,0.0,0.2
02965,0.0,0.0,0.0,6.2,0.0,3.3,0.0
02967,0.3,0.0,0.0,0.0,0.0,0.0,6.4
02968,0.0,0.0,0.0,0.0,0.0,0.85,0.0
02969,1.5,0.269,0.2,0.0,0.0,0.0,0.0
02970,0.3,0.0,0.6,0.0,0.0,0.0,0.0
02971,0.0,0.35,0.0,50.1,0.0,20.0,0.53
02972,0.0,0.0,0.0,0.0,1.0,0.0,0.45
02975,0.0,0.0,0.7,6.7,0.0,0.0,4.725
02976,4.2,0.0,0.0,0.0,0.0,0.35,0.0
02977,0.0,0.583,16.446,3.463,0.0,0.0,0.0
02978,0.0,0.0,0.0,0.0,0.0,0.0,5.0
02979,0.0,0.0,0.0,0.0,0.0,0.1,0.0
02981,0.175,0.0,0.0,0.0,0.0,0.0,0.0
02984,0.0,0.313,0.0,0.0,1.128,0.75,0.0
02985,0.0,0.0,0.0,0.0,0.0,0.0,0.0
02987,0.0,8.638,0.15,0.0,0.85,0.0,0.0
02989,0.0,0.25,0.0,0.35,1.15,0.0,0.0
02990,0.0,0.283,20.9,0.147,0.0,0.3,0.0
02991,0.05,0.35,0.0,0.613,0.0,0.0,1.3
02992,0.0,0.0,1.075,1.383,3.7,0.0,0.0
02993,0.0,2.65,1.45,4.3,1.503,2.2,10.925
02995,9.85,15.0,0.0,0.0,3.55,0.25,0.147
02996,0.4,2.2,0.0,0.0,0.0,0.0,0.275
02998,5.7,4.9,0.793,1.75,2.0,0.45,0.85
03001,0.15,0.2,0.0,0.0,0.0,0.0,0.0
03003,0.0,0.0,0.0,0.0,0.0,0.0,0.0
03004,0.0,0.0,0.0,0.0,0.0,0.0,0.0
03005,0.0,6.122,0.0,0.0,0.65,0.0,0.0
03007,0.0,0.0,0.0,0.0,0.0,0.0,0.0
03008,8.95,0.0,0.0,1.8,0.0,0.0,0.0
03011,0.0,0.0,0.0,1.45,0.0,0.0,0.0
03012,0.0,0.0,0.0,0.0,0.0,0.0,3.333
03013,0.0,0.0,0.0,0.2,0.0,0.0,0.25
03014,0.0,0.0,0.0,0.0,0.0,0.0,0.65
03015,0.0,0.0,0.2,1.3,0.6,0.0,7.7
03016,0.0,1.85,0.0,0.0,0.0,2.6,0.0
03017,0.0,0.0,0.9,0.0,0.0,0.0,0.0
03018,1.075,0.0,0.15,0.0,0.0,0.0,0.0
03019,0.2,0.0,0.35,0.0,0.0,17.1,0.0
03021,0.0,0.1,1.5,0.0,0.0,0.0,0.418
03022,3.6,0.0,0.35,0.0,16.3,0.0,0.0
03023,0.0,0.0,0.0,0.0,0.0,0.0,0.0
03024,0.3,0.0,0.425,0.0,0.0,23.4,0.0
03025,2.525,0.0,0.0,0.0,0.0,0.0,0.133
03026,1.0,0.375,0.0,0.0,0.0,0.0,0.0
03027,0.1,0.3,1.0,0.0,0.8,0.0,0.0
03028,1.7,0.0,1.65,2.676,0.0,0.0,0.0
03029,0.0,0.0,0.0,7.2,0.0,0.0,0.3
03030,0.2,1.775,0.0,0.0,0.0,0.0,0.0
03032,0.0,0.0,0.0,0.0,0.95,0.0,15.2
03033,0.0,0.0,0.584,0.0,0.0,6.3,0.0
03034,0.0,0.0,0.0,0.258,0.45,0.0,0.0
03035,0.0,0.9,0.0,0.0,0.0,0.0,0.0
03040,0.75,1.0,0.0,6.756,0.0,0.0,15.055
03041,0.0,1.8,2.389,0.55,0.175,2.35,5.65
03042,0.0,0.25,0.0,0.0,0.0,0.0,0.0
03043,0.0,0.0,0.0,0.15,0.0,0.0,0.0
03044,0.0,0.0,0.0,0.0,0.0,0.0,0.0
03045,0.2,0.0,0.0,13.25,0.0,0.3,0.45
03046,0.0,0.7,0.0,0.0,0.0,0.0,0.0
03047,13.4,20.5,18.7,0.0,0.0,0.0,0.0
03050,0.0,0.8,0.0,0.0,0.0,0.0,0.0
03051,1.7,0.364,0.0,0.0,0.0,0.0,0.0
03052,0.0,0.0,1.55,0.0,2.415,0.0,0.0
03053,0.0,0.4,0.45,0.0,0.6,0.0,0.0
03054,0.0,0.75,0.0,0.628,0.25,0.0,0.0
03055,0.25,0.05,0.0,0.0,0.0,0.0,0.0
03057,0.0,15.4,0.0,2.675,0.0,0.0,0.0
03058,0.0,10.5,38.5,1.644,0.4,0.0,0.0
03059,0.0,0.713,0.0,0.45,9.75,0.55,0.0
03060,0.0,0.0,0.0,0.0,1.2,0.0,0.0
03061,0.606,1.3,0.0,0.0,1.582,0.0,0.326
03062,0.0,1.501,0.7,10.817,0.3,0.0,0.0
03063,0.6,0.0,0.0,0.0,0.0,0.0,0.3
03064,0.2,0.383,0.0,0.15,0.0,0.0,0.0
03065,0.0,0.0,0.0,0.0,0.0,1.25,0.0
03066,2.2,1.0,1.8,0.0,0.8,0.213,0.6
03067,18.7,0.05,1.15,0.0,0.0,7.8,0.7
03068,0.0,0.2,0.0,0.0,0.363,2.601,0.0
03069,0.0,0.0,0.6,0.431,2.1,10.75,0.6
03070,1.7,0.0,0.0,11.325,0.0,0.0,0.0
03071,0.0,0.0,1.125,0.35,0.0,0.983,0.0
03072,0.0,0.25,1.1,0.15,0.0,0.0,0.0
03073,0.0,0.313,0.0,0.0,7.4,0.0,0.0
03077,3.95,1.025,0.95,0.0,0.0,0.0,2.5
03080,6.0,3.7,8.65,0.367,0.0,1.0,0.0
03081,0.23,0.9,0.528,0.0,0.2,0.0,0.0
03084,0.7,0.833,0.0,0.0,0.0,0.6,0.975
03085,0.0,0.0,0.0,0.0,0.0,0.75,0.0
03086,0.0,0.0,0.0,2.425,2.6,0.0,0.304
03087,0.25,17.612,0.0,8.4,0.0,0.0,0.3
03088,9.697,1.65,0.35,1.936,1.45,0.0,19.55
03089,0.0,1.644,0.45,0.0,0.0,0.0,0.0
03090,0.0,0.15,0.0,0.65,0.3,0.5,0.0
03101,0.2,0.0,1.0,0.0,0.0,0.3,0.0
03102,0.0,4.338,0.0,0.2,0.0,0.0,0.95
03104,0.0,0.0,0.0,2.6,6.1,0.0,1.85
03105,0.0,0.0,0.1,0.517,1.55,0.0,3.545
03106,0.0,0.0,0.0,0.6,5.35,0.0,0.0
03107,0.0,0.0,0.0,0.0,0.0,0.71,0.0
03109,0.0,0.25,0.757,0.0,0.0,0.0,0.0
03110,4.738,1.575,0.0,1.0,0.95,1.8,0.346
03111,3.5,0.4,0.3,0.0,0.6,1.784,8.25
03112,1.14,2.45,3.8,2.29,0.35,0.18,17.985
03113,0.0,0.35,0.0,5.65,0.3,0.0,0.6
03114,0.0,0.0,0.0,0.0,3.175,0.0,0.0
03115,0.0,3.75,0.0,0.0,0.0,0.0,0.0
03116,0.0,0.0,0.75,0.0,0.0,0.0,0.0
03117,0.0,0.0,0.0,0.0,0.0,0.0,0.0
03118,0.0,0.71,0.35,0.35,0.0,0.175,1.535
03119,0.0,4.7,2.3,0.0,0.0,28.35,0.0
03120,1.341,0.0,0.7,0.125,0.6,0.0,0.0
03121,0.4,7.3,0.0,0.0,7.175,2.408,1.425
03122,0.342,7.283,0.0,0.0,0.0,0.3,0.0
03123,0.0,0.0,0.0,0.0,0.6,0.143,0.0
03124,0.8,0.0,0.0,0.0,1.24,0.0,0.0
03125,0.0,0.0,0.0,0.0,0.7,0.0,0.0
03126,0.0,0.0,0.0,1.1,0.0,0.15,0.15
03127,0.0,3.25,1.7,11.0,0.471,0.0,0.575
03128,1.7,0.526,0.0,0.0,0.0,0.0,0.0
03129,0.0,1.5,0.0,0.0,0.0,0.0,0.0
03130,0.0,0.0,0.0,0.0,0.0,0.0,0.0
03131,0.95,0.0,0.4,2.3,0.0,0.0,0.1
03132,0.8,2.367,0.2,2.9,2.375,0.55,1.0
03133,0.0,0.0,9.95,0.3,0.0,0.0,0.0
03134,0.9,1.567,0.305,18.15,0.323,5.45,8.6
03135,0.0,0.0,0.0,0.0,0.0,0.0,0.0
03136,5.9,1.0,0.8,0.5,0.4,0.0,0.433
03137,0.425,0.2,0.0,0.0,0.0,2.0,0.0
03138,1.9,0.0,0.0,0.525,0.105,0.333,0.0
03140,0.0,0.0,0.0,0.0,0.0,0.0,0.0
03141,47.52,0.0,0.4,0.0,0.0,0.0,0.0
03142,0.383,0.0,0.0,0.0,0.0,0.0,0.0
03143,0.0,0.25,0.0,0.0,0.0,0.0,0.0
03144,0.0,0.0,0.317,0.775,0.0,0.0,0.0
03145,0.15,0.0,0.0,0.0,0.0,0.0,0.0
03146,0.0,13.175,3.65,0.0,0.0,0.0,0.2
03147,0.0,0.0,0.0,3.4,0.0,0.0,0.0
03149,0.85,0.0,0.0,2.1,0.0,0.0,0.0
03150,0.0,0.0,0.18,0.25,0.0,0.0,5.348
03151,0.0,0.0,0.0,0.0,0.0,1.55,0.0
03152,0.25,0.0,0.0,0.0,5.7,2.15,0.0
03153,0.0,6.033,9.95,0.55,12.35,0.0,0.0
03154,0.0,0.0,0.0,0.0,0.0,0.0,0.0
03155,0.0,0.0,0.0,0.0,0.375,0.0,0.0
03156,0.0,0.0,9.775,0.0,0.0,0.0,0.0
03157,0.0,0.0,0.7,0.0,0.0,0.0,0.0
03158,0.0,0.05,2.3,0.0,0.0,0.192,0.0
03159,0.0,0.0,0.0,0.0,0.0,0.1,0.0
03160,0.0,3.0,0.0,0.0,0.0,1.45,0.0
03161,0.0,3.4,0.0,0.0,0.0,0.975,19.25
03162,0.0,0.2,1.4,0.28,0.498,0.0,0.0
03164,0.225,0.0,0.0,0.555,0.0,0.543,0.95
03165,0.0,1.475,0.4,0.3,4.575,0.0,0.0
03166,0.0,3.084,0.0,0.0,0.0,0.0,1.5
03167,0.0,0.0,3.75,0.0,2.45,0.0,0.2
03168,5.0,0.0,4.25,0.0,0.0,0.0,0.0
03169,0.6,1.45,1.6,0.87,2.434,0.0,0.0
03170,0.0,0.0,1.1,1.5,0.75,0.0,0.0
03171,0.0,0.192,0.185,0.0,0.2,0.0,0.0
03172,0.0,0.0,0.0,0.0,5.925,0.0,0.0
03173,1.2,0.0,0.0,0.0,0.0,0.0,0.0
03174,0.0,0.0,0.0,0.7,0.434,1.05,0.0
03175,0.0,0.0,0.0,0.0,0.2,1.35,0.0
03176,0.0,0.0,0.2,0.0,0.0,0.0,0.0
03177,0.0,0.0,0.55,0.0,0.0,0.0,0.0
03178,0.9,0.0,7.0,0.0,0.0,0.35,0.0
03179,0.0,0.0,0.281,0.0,0.0,0.0,0.0
03180,0.65,0.217,0.1,0.0,0.0,0.0,0.0
03181,15.425,0.584,0.0,9.85,12.0,0.35,1.867
03182,0.0,0.5,0.15,0.95,0.0,0.0,0.0
03183,0.5,0.0,0.0,0.45,0.0,0.0,4.55
03184,0.9,0.0,4.325,0.0,0.55,0.0,0.0
03185,0.0,0.65,0.0,0.273,0.15,0.75,0.0
03186,11.067,0.25,0.05,0.314,1.15,0.0,0.0
03187,1.067,0.1,4.8,0.0,0.0,0.313,0.0
03188,0.0,0.0,0.0,0.75,0.0,0.2,0.7
03189,0.0,0.0,0.0,0.0,3.0,0.0,0.0
03190,0.0,0.0,0.0,0.0,0.533,0.0,0.0
03191,0.35,0.0,2.0,1.9,0.2,0.0,1.704
03192,0.0,5.2,0.0,0.0,0.0,0.0,1.0
03193,0.0,0.0,0.0,0.0,0.0,19.45,0.0
03195,0.0,1.1,0.0,3.65,0.2,0.0,1.8
03201,0.0,0.1,10.75,9.95,0.0,1.05,0.0
03202,0.25,0.0,0.0,0.0,0.45,0.0,0.0
03203,2.6,2.5,0.0,4.1,0.346,0.8,0.0
03204,0.0,0.0,0.0,0.0,0.0,0.0,0.433
03205,0.0,0.0,0.0,2.25,0.0,0.0,0.3
03206,0.0,0.0,0.0,0.0,0.0,0.0,0.0
03207,0.269,0.0,0.0,0.0,0.0,0.0,0.0
03208,0.0,0.2,1.2,1.009,0.0,0.0,0.0
03209,0.0,1.488,0.0,0.0,1.257,0.0,0.0
03210,0.875,2.0,0.75,0.0,0.0,0.844,0.333
03211,0.664,0.0,1.125,1.95,0.0,0.5,12.4
03213,0.0,0.0,0.0,0.2,0.0,0.0,3.625
03215,0.0,0.0,0.0,0.0,10.8,0.0,1.25
03216,0.0,0.0,0.0,0.0,1.6,0.0,0.0
03220,7.35,0.15,4.6,7.4,0.0,0.75,2.433
03221,0.3,0.0,0.0,1.575,0.0,0.0,0.0
03222,0.363,0.0,0.7,1.7,0.0,3.05,1.582
03223,0.0,0.0,0.0,0.0,0.0,0.25,0.95
03224,0.0,0.0,0.0,2.584,0.0,0.0,0.0
03225,0.0,0.0,1.65,0.0,0.0,3.3,0.0
03226,0.2,0.0,0.0,0.0,0.0,0.0,0.0
03227,5.823,4.35,6.05,0.0,0.0,0.0,0.0
03236,0.0,8.0,0.0,0.0,20.83,2.3,0.0
03237,0.0,0.2,0.0,0.0,0.0,2.55,0.0
03238,0.0,0.0,0.588,0.0,0.0,0.0,0.0
03239,0.0,0.0,0.128,0.0,0.0,0.0,0.0
03240,0.0,0.0,0.0,0.85,0.0,0.0,0.0
03243,0.0,2.85,0.0,0.25,0.0,0.0,0.0
03244,0.0,0.0,0.0,0.0,0.2,1.75,0.606
03245,0.0,0.0,0.0,0.0,0.6,0.0,0.0
03249,9.21,0.0,1.96,0.0,0.0,0.0,0.0
03251,0.0,0.0,0.0,0.0,0.0,0.0,0.0
03253,0.0,0.0,2.05,0.0,0.9,0.0,0.0
03254,2.8,0.0,1.177,0.2,0.975,0.0,3.489
03256,0.0,0.0,0.0,0.6,0.0,0.0,0.3
03257,0.43,0.0,0.0,0.0,0.0,0.2,49.25
03258,0.0,0.0,0.0,0.0,8.15,0.0,0.217
03259,0.0,0.0,0.0,0.0,0.0,0.0,0.0
03260,0.0,0.0,0.0,0.0,0.0,0.0,1.05
03261,0.9,0.0,0.0,0.0,1.0,0.0,0.0
03262,1.2,0.0,0.0,0.0,0.0,4.373,0.0
03263,0.0,0.0,0.0,0.0,0.0,0.2,0.0
03264,0.0,0.0,0.0,0.0,3.75,0.0,0.0
03266,0.0,0.0,0.0,0.55,0.0,0.0,0.0
03267,0.4,0.0,0.0,0.0,0.0,0.0,0.0
03268,0.0,0.85,0.5,0.0,4.137,3.2,0.0
03269,0.0,0.1,4.338,0.0,0.0,0.0,0.0
03270,0.0,0.0,0.0,0.0,0.0,0.35,0.0
03271,0.8,0.0,0.0,0.0,0.0,0.0,0.0
03272,0.0,0.0,0.0,0.0,0.0,0.0,0.0
03273,0.0,0.0,0.233,0.0,0.0,0.0,1.65
03274,4.65,0.0,6.05,0.0,0.0,0.0,3.5
03275,18.883,0.0,0.187,1.389,0.0,5.14,1.4
03276,0.0,0.8,0.0,0.0,0.0,0.0,0.0
03277,0.35,0.0,0.0,0.0,0.8,0.0,0.269
03278,0.0,0.0,11.6,0.0,0.0,1.55,0.0
03279,0.0,0.15,0.0,0.0,0.0,0.25,0.0
03280,0.0,0.425,0.0,2.75,0.598,0.0,1.7
03281,0.2,0.15,0.1,0.0,0.0,0.0,1.65
03282,1.05,9.833,0.0,2.05,0.0,0.0,0.0
03283,0.0,0.0,0.0,0.0,0.431,0.4,0.0
03284,0.0,0.0,0.0,0.0,0.0,0.0,0.0
03286,1.95,2.3,1.8,10.75,0.0,0.0,4.938
03287,9.9,0.0,0.0,0.0,1.867,0.0,0.0
03288,0.0,0.0,0.0,0.0,0.0,22.9,0.9
03289,0.0,0.0,0.0,0.0,0.0,0.0,0.0
03294,0.0,0.0,32.266,0.0,0.0,0.0,0.0
03295,0.0,0.0,0.4,0.0,0.0,0.0,0.0
03303,0.0,0.0,0.0,0.3,0.283,0.0,0.0
03304,0.0,0.0,0.0,0.0,0.0,8.8,0.15
03306,0.7,0.0,0.0,0.1,0.0,0.0,0.0
03307,4.475,0.0,0.0,0.0,0.1,0.0,0.6
03308,0.0,0.0,0.0,0.0,1.25,4.338,0.0
03309,6.725,1.11,0.0,10.8,0.0,0.0,0.0
03310,6.268,7.8,2.15,0.0,0.0,2.55,0.0
03311,0.353,0.0,0.0,1.063,0.0,0.0,0.0
03312,0.75,0.275,8.2,2.9,0.0,0.3,0.0
03313,1.35,1.0,0.6,0.4,0.0,0.0,13.05
03314,1.55,11.4,0.0,0.0,0.8,0.0,0.15
03315,0.1,0.0,0.0,0.4,0.0,0.0,0.0
03316,0.5,0.0,0.0,0.0,0.0,0.0,0.0
03317,13.75,1.0,7.3,2.925,0.2,0.6,6.3
03318,0.0,6.052,0.35,5.6,3.7,1.25,0.35
03319,0.4,2.9,16.1,0.0,0.0,0.0,0.336
03320,0.5,0.8,18.171,4.442,0.0,0.0,0.75
03321,1.5,0.0,9.65,0.15,0.0,0.0,0.0
03322,0.0,0.0,3.15,2.206,1.625,2.9,1.05
03323,0.0,0.0,0.333,6.3,0.0,0.2,0.0
03324,0.0,0.55,0.0,0.3,0.0,0.0,0.0
03325,0.65,0.0,1.3,3.4,2.95,0.3,0.0
03330,0.0,0.0,0.0,0.0,0.0,0.0,0.0
03331,0.0,0.0,0.0,0.0,2.425,0.0,0.0
03332,0.0,0.0,0.2,0.0,0.55,0.0,0.0
03333,1.75,0.773,0.0,2.663,0.0,0.0,0.0
03334,0.0,1.129,0.0,2.75,0.0,0.625,0.0
03335,10.4,5.2,0.0,0.75,0.0,0.0,1.25
03336,0.983,0.3,0.6,0.0,0.0,1.75,0.95
03337,24.728,0.0,0.0,0.0,8.05,0.0,1.6
03340,0.0,1.7,0.0,0.0,0.0,0.0,0.0
03342,0.55,0.434,0.0,0.0,0.49,0.0,0.0
03343,0.0,2.7,0.39,0.22,0.0,0.0,9.95
03344,0.0,0.15,0.45,2.75,0.0,0.0,0.0
03345,0.55,0.0,0.0,0.0,6.85,0.0,0.0
03346,0.0,6.081,0.0,0.0,0.0,0.483,0.0
03347,0.0,0.0,0.0,0.0,0.0,2.75,0.0
03348,0.0,0.0,0.0,1.15,0.0,0.0,0.0
03349,0.0,0.0,1.0,0.0,0.0,0.0,0.0
03350,0.0,0.0,0.25,0.0,0.0,23.0,0.0
03351,0.0,1.4,0.0,0.0,0.0,1.9,0.0
03355,0.0,0.0,0.3,0.0,0.0,0.0,0.0
03356,15.35,0.45,0.0,0.0,2.8,0.0,0.0
03357,0.0,0.0,0.5,0.0,0.568,0.4,0.0
03358,1.9,0.0,2.85,0.0,0.0,0.0,0.0
03359,0.0,0.0,3.25,0.15,0.0,0.0,0.0
03360,0.0,10.35,0.15,0.0,0.0,0.0,0.0
03361,0.15,0.0,0.107,0.5,0.0,1.383,0.45
03362,2.85,0.0,0.0,4.85,0.0,0.0,0.0
03363,0.0,9.65,0.0,1.65,3.6,0.0,0.0
03364,0.0,0.0,0.4,0.0,0.0,1.044,0.0
03365,0.0,0.0,0.0,0.0,0.183,0.0,0.0
03366,0.0,0.5,0.0,12.8,0.0,0.0,0.0
03367,2.5,0.0,0.0,0.0,0.0,0.0,0.05
03370,0.0,0.0,0.15,1.275,0.0,0.0,0.0
03371,0.6,0.0,0.3,0.75,0.0,0.0,0.0
03372,0.642,3.3,1.85,0.0,0.0,0.1,0.0
03373,0.45,0.0,0.0,0.0,0.0,0.0,0.0
03374,0.0,1.45,0.0,0.3,0.0,0.0,0.0
03375,0.0,0.45,0.0,0.0,0.75,0.35,0.0
03376,0.0,0.0,0.269,0.0,0.0,0.0,0.0
03377,1.2,0.0,0.8,0.0,0.0,0.0,1.3
03378,0.0,0.2,5.01,0.0,7.413,0.0,0.0
03379,1.25,1.65,0.0,1.65,0.15,0.0,0.0
03380,0.0,0.6,0.0,0.0,0.394,1.2,1.92
03382,0.0,0.0,2.2,0.0,0.7,0.0,0.0
03383,0.163,0.0,0.0,0.0,0.0,0.0,0.0
03386,0.0,0.0,0.15,0.0,1.6,0.0,0.0
03387,0.75,0.0,0.0,3.5,0.0,0.0,1.5
03388,0.0,0.0,0.0,0.1,0.0,0.117,0.0
03389,0.0,0.0,0.0,0.45,0.0,0.0,0.0
03390,0.0,0.0,0.0,0.0,0.0,1.15,0.0
03401,0.0,0.0,0.0,0.0,0.0,0.65,14.15
03402,0.0,0.0,0.0,0.0,0.0,0.1,0.0
03403,0.0,0.0,0.1,0.0,0.0,0.0,0.0
03404,6.35,0.0,0.0,0.6,0.0,0.0,0.283
03405,0.0,0.0,0.0,2.65,0.0,0.0,0.0
03406,0.0,0.0,0.0,1.9,0.0,0.0,0.0
03407,0.975,0.2,2.9,0.25,2.542,0.0,0.0
03408,0.296,0.0,0.0,0.0,0.75,3.336,0.85
03409,0.175,0.0,1.25,0.0,0.0,0.0,0.0
03410,0.0,0.0,1.0,1.7,0.0,0.0,0.0
03411,0.0,0.2,0.55,0.0,0.0,0.0,0.0
03412,0.0,1.238,0.0,0.0,0.0,0.0,0.0
03413,0.0,0.8,2.5,0.6,0.0,1.05,0.0
03414,1.3,0.0,0.0,0.0,0.0,0.0,7.0
03415,0.0,0.0,0.0,1.0,8.05,0.0,0.0
03416,1.475,0.0,0.0,0.5,3.5,0.0,3.0
03417,0.0,0.0,0.0,0.0,0.0,0.0,0.3
03420,2.841,0.4,0.0,0.0,0.0,1.5,0.0
03421,0.0,0.0,0.207,0.0,1.85,0.0,0.0
03422,0.25,0.0,2.95,0.0,0.0,0.0,6.2
03423,21.333,2.4,0.0,1.875,0.0,0.0,0.0
03424,0.0,6.4,0.0,0.0,0.0,0.0,0.0
03425,0.0,0.0,0.25,0.0,0.0,0.1,0.0
03426,0.0,0.0,0.0,0.0,0.0,0.0,0.4
03427,0.0,1.35,0.0,0.0,0.0,0.0,0.3
03428,0.0,0.0,0.0,1.95,0.0,16.65,0.0
03429,0.4,0.0,8.5,0.0,0.0,0.0,3.25
03430,0.775,0.3,0.0,0.0,0.0,0.0,0.0
03431,0.0,0.675,0.0,0.0,0.0,0.0,0.0
03432,0.0,0.0,0.0,0.0,0.0,0.0,0.0
03433,0.0,0.45,0.0,0.0,0.0,0.0,0.0
03434,0.0,0.0,0.0,0.0,7.0,0.0,0.0
03435,0.2,0.0,0.0,0.0,0.0,0.0,3.1
03436,0.0,0.475,0.0,0.0,1.5,0.0,0.0
03437,0.85,0.0,0.0,1.75,0.0,0.0,0.9
03438,0.0,0.0,0.4,0.0,0.0,0.0,0.0
03440,0.95,0.0,0.0,0.0,0.0,0.0,0.0
03441,0.0,0.0,0.0,6.3,0.0,0.0,0.0
03442,0.0,0.0,0.0,0.0,0.0,0.342,0.0
03444,0.0,0.0,2.15,0.0,0.0,0.0,0.0
03445,0.0,0.8,0.2,0.0,0.0,0.0,0.0
03446,0.15,0.0,0.35,16.9,0.0,7.55,0.0
03447,0.0,0.0,0.0,0.0,0.0,0.0,0.0
03448,0.0,0.0,0.0,0.0,0.858,0.0,0.0
03449,0.0,0.0,0.3,0.0,0.5,0.0,8.35
03451,0.0,0.0,0.45,0.0,0.0,0.0,0.0
03452,1.0,0.0,0.0,0.0,0.0,0.0,0.0
03455,0.0,0.0,0.55,0.0,0.5,0.0,0.0
03456,0.0,3.05,0.0,0.0,0.0,0.0,0.0
03460,5.58,0.45,1.2,0.675,0.0,0.0,3.25
03461,0.15,0.45,2.725,0.0,0.0,0.15,17.05
03462,0.0,0.0,1.5,0.0,0.0,0.2,0.0
03463,0.0,1.367,0.0,0.05,0.0,0.0,0.0
03470,0.15,0.6,2.9,0.1,2.2,1.793,0.0
03471,0.0,0.75,0.35,6.61,0.0,0.0,0.0
03472,0.9,0.0,1.6,0.0,0.0,0.0,0.0
03474,0.0,0.0,0.0,5.7,0.0,0.0,0.0
03475,0.09,0.0,3.4,2.444,0.0,3.225,0.0
03476,0.0,0.5,0.0,1.4,1.5,0.0,0.6
03477,1.5,0.0,0.0,0.0,0.0,0.0,0.0
03478,0.0,0.0,25.3,0.0,0.0,0.0,0.0
03479,0.0,1.1,0.0,0.0,0.0,0.0,0.0
03480,0.0,5.2,0.0,0.0,0.0,0.0,4.6
03502,0.6,0.0,5.2,0.0,0.5,0.8,0.3
03503,0.0,0.0,0.0,0.682,0.0,0.0,0.0
03504,0.0,0.15,0.0,0.0,0.0,0.0,0.233
03505,0.0,0.0,0.0,0.0,0.0,1.75,0.0
03506,0.311,0.0,2.9,0.0,0.0,0.0,0.0
03507,0.0,0.0,25.0,0.0,0.075,0.0,0.0
03508,6.9,0.962,1.2,0.0,0.36,0.0,0.0
03509,0.0,0.4,0.0,2.6,0.0,0.4,0.0
03510,0.0,0.0,0.0,0.343,0.0,0.0,0.363
03511,0.25,0.0,0.325,0.0,10.7,0.0,0.0
03512,7.463,0.3,0.0,0.0,0.0,0.0,0.0
03513,0.167,1.247,0.0,3.0,0.45,0.0,0.392
03514,0.0,0.0,0.0,0.0,0.0,0.0,0.0
03515,3.3,0.2,0.0,0.0,0.0,0.0,0.0
03517,0.0,0.0,0.0,0.0,5.033,0.0,1.15
03518,0.0,4.7,0.0,0.0,0.0,0.0,0.0
03520,0.0,2.373,0.0,1.6,0.0,1.2,0.0
03521,0.0,0.0,1.3,0.0,0.0,1.3,0.0
03522,0.0,0.0,0.0,0.0,0.0,1.6,0.15
03523,0.75,0.0,0.0,0.0,0.0,0.35,0.0
03524,0.0,0.78,0.0,0.0,0.95,0.0,17.55
03525,0.0,0.0,0.0,0.0,0.0,0.0,0.0
03526,0.1,0.0,0.0,0.65,0.0,0.0,0.0
03527,0.0,0.0,0.0,0.4,0.0,0.0,0.0
03530,0.3,0.0,0.0,0.0,0.0,0.0,2.088
03531,0.0,0.0,0.433,3.05,0.0,0.0,0.0
03533,0.0,10.225,0.0,0.0,1.557,0.0,0.0
03534,4.105,0.0,0.0,0.0,0.0,0.35,0.0
03535,0.0,0.0,1.35,0.0,0.0,0.0,0.0
03541,0.0,0.0,0.0,0.0,0.0,0.0,0.0
03542,0.0,0.0,0.0,0.0,0.0,0.0,1.4
03543,0.25,0.0,0.0,0.0,0.0,0.0,5.95
03544,0.0,0.0,7.1,0.0,0.0,0.0,0.0
03545,0.0,0.0,0.2,0.0,0.14,0.0,9.4
03546,0.0,0.0,0.0,0.8,0.0,0.0,0.0
03547,0.675,0.225,0.0,0.0,5.1,0.0,8.35
03548,0.0,0.9,0.0,0.95,0.0,0.0,0.0
03550,0.05,0.0,0.0,0.2,0.0,0.0,0.0
03551,0.0,0.0,0.0,1.0,0.0,0.0,0.0
03552,0.35,0.0,0.0,0.9,0.0,0.0,4.9
03553,0.0,1.15,0.0,0.0,0.0,0.0,0.0
03555,0.0,1.8,0.0,0.0,0.2,0.0,0.0
03557,0.0,0.0,0.4,0.0,0.583,0.0,0.375
03558,0.0,0.525,0.0,0.0,0.775,2.6,0.0
03559,1.35,2.841,0.0,0.0,0.0,1.4,0.0
03560,0.4,0.0,0.0,0.0,0.0,0.0,0.48
03561,2.283,0.0,0.0,0.0,1.6,0.25,0.0
03562,1.65,0.0,8.6,0.2,1.95,0.0,0.0
03563,0.733,0.0,0.3,15.35,1.9,0.0,12.567
03564,0.0,0.0,0.0,0.0,7.0,0.0,0.0
03565,0.0,0.25,0.0,0.0,0.0,0.0,0.0
03566,0.0,0.45,0.0,0.0,0.0,0.0,16.45
03567,1.25,0.35,0.0,0.0,1.55,0.3,0.0
03568,0.0,8.4,0.0,18.05,0.4,0.0,0.0
03569,0.0,0.0,0.0,0.0,0.0,0.0,0.0
03570,0.0,3.767,10.2,2.8,8.5,0.0,0.0
03571,0.0,0.0,0.0,16.7,0.0,0.0,0.0
03572,4.965,1.25,2.95,11.75,9.263,0.2,3.975
03573,0.0,0.0,0.55,0.35,0.0,0.25,1.7
03574,0.444,0.65,2.85,0.0,0.0,0.25,0.0
03575,0.85,0.35,0.0,0.55,0.0,0.0,0.0
03576,0.0,0.0,0.0,6.05,0.2,0.0,0.0
03577,0.0,0.0,0.0,0.0,0.45,0.0,10.225
03578,0.3,0.0,0.0,1.15,0.0,0.0,0.0
03579,0.0,2.213,0.55,0.0,0.0,0.25,0.65
03580,6.15,0.0,0.0,0.0,0.0,0.0,0.0
03581,0.4,0.0,0.0,0.0,0.0,1.25,0.0
03582,0.0,0.15,0.0,0.55,3.11,5.9,0.0
03583,0.0,0.0,0.0,0.0,0.0,0.0,0.0
03584,1.75,0.0,1.2,0.0,0.0,0.0,0.0
03585,1.8,0.0,0.0,0.383,1.651,0.0,2.5
03587,0.0,0.0,0.85,0.0,0.0,0.0,1.2
03588,0.0,0.0,0.0,0.0,0.0,0.0,0.0
03589,1.8,0.0,0.0,0.0,3.505,0.0,2.7
03590,20.45,0.248,9.0,0.25,0.0,0.0,0.0
03591,0.167,1.75,1.0,0.0,0.0,0.0,0.5
03603,0.0,0.0,0.0,0.0,0.0,0.0,0.0
03604,0.0,0.0,1.05,0.2,0.15,0.0,0.0
03605,0.9,0.0,0.0,0.0,0.0,0.65,5.1
03606,0.0,0.0,0.0,0.0,0.0,0.0,0.0
03609,0.0,0.0,0.0,0.0,0.0,0.0,0.75
03610,0.0,0.0,0.0,0.0,0.3,0.4,0.808
03611,0.0,0.0,0.0,0.0,0.0,0.55,0.0
03612,0.0,0.0,0.0,0.0,0.0,0.0,0.1
03613,0.3,0.9,0.33,1.25,0.3,0.0,0.0
03614,0.0,0.0,0.0,2.7,0.0,0.0,11.325
03616,0.55,0.0,0.0,0.0,0.5,0.65,0.0
03617,0.0,0.0,0.2,1.083,0.0,0.0,0.0
03618,8.3,0.0,0.0,0.0,0.0,0.0,0.0
03622,0.65,0.0,0.0,0.0,0.0,0.0,1.25
03623,0.0,0.0,0.0,0.0,0.0,11.5,0.35
03624,0.0,0.0,0.0,0.0,0.0,0.0,0.0
03625,0.0,0.0,0.0,0.0,0.0,0.15,0.0
03626,0.0,0.0,0.0,0.0,0.0,0.0,0.0
03627,0.0,3.4,0.0,0.0,0.0,0.0,0.0
03630,0.0,0.0,0.175,0.0,20.5,0.0,0.0
03633,0.0,3.0,0.0,0.0,0.0,0.0,0.0
03634,0.0,0.0,1.4,4.1,0.0,0.0,1.4
03636,2.1,0.0,0.0,0.0,0.0,0.0,0.2
03637,0.0,0.0,0.0,0.0,0.4,0.0,0.0
03638,0.0,0.0,0.285,0.1,0.0,0.0,0.1
03639,0.85,8.45,0.0,0.0,0.0,0.0,0.0
03640,0.0,1.2,7.55,0.0,0.0,0.3,0.0
03641,0.0,0.0,0.0,0.0,0.0,7.0,0.0
03642,1.0,0.0,0.0,0.0,0.0,0.0,0.5
03644,0.0,0.233,0.25,0.0,0.0,0.0,1.475
03645,0.0,0.0,0.0,0.0,0.0,0.0,0.15
03646,1.379,0.0,0.45,0.0,0.0,0.0,0.0
03647,5.5,4.6,0.0,2.5,0.0,0.0,2.75
03648,2.3,0.0,3.35,0.0,2.125,0.15,9.15
03649,0.0,0.8,0.0,0.0,0.0,0.6,0.2
03650,0.0,0.0,1.6,0.0,0.0,0.0,0.0
03651,4.425,30.1,0.0,0.0,0.0,1.3,0.0
03652,0.0,0.0,0.0,0.0,0.0,0.0,0.0
03653,0.0,0.0,0.0,0.0,0.0,0.0,0.0
03654,1.2,0.0,0.0,25.475,0.3,0.0,2.383
03655,0.0,0.0,0.0,0.0,0.0,0.0,0.0
03656,0.0,0.0,0.0,0.8,0.0,0.0,0.0
03657,0.0,1.45,0.1,0.0,0.0,0.0,0.0
03658,0.0,0.0,0.0,0.0,0.0,0.0,0.0
03659,0.0,0.9,0.0,0.0,0.6,0.0,0.6
03660,10.75,0.0,0.975,22.675,0.0,0.0,0.0
03661,0.0,0.2,0.0,0.0,0.0,0.0,0.0
03662,0.0,0.0,0.321,0.0,0.0,0.0,0.0
03663,0.18,0.0,0.0,0.0,0.0,0.0,0.0
03664,0.0,0.0,0.0,0.0,0.0,0.8,0.0
03665,1.75,0.0,1.225,9.984,0.0,1.9,0.0
03666,0.0,0.0,1.4,13.388,0.0,0.0,0.0
03668,0.0,2.125,0.0,0.0,0.0,0.0,0.0
03669,24.75,0.0,0.0,0.0,2.0,0.0,7.625
03672,0.0,0.0,6.038,0.0,1.35,0.0,0.0
03673,95.4,0.0,0.0,0.0,0.3,0.0,0.0
03674,0.0,0.0,0.0,1.4,0.0,0.0,0.0
03675,0.133,0.0,0.55,0.0,0.0,1.0,0.0
03676,0.0,0.0,1.8,0.0,0.25,0.0,0.0
03677,0.0,0.0,0.0,1.35,0.0,0.0,7.32
03678,0.0,0.0,0.0,0.4,0.3,0.25,0.0
03679,2.65,0.0,0.0,0.0,1.0,0.0,0.0
03680,0.0,0.528,0.3,0.5,0.0,0.0,0.0
03681,0.0,0.0,0.0,0.0,0.0,0.0,0.0
03682,0.0,30.225,0.25,0.0,0.0,0.0,0.0
03683,0.0,0.0,0.0,0.0,0.0,0.0,0.0
03685,0.0,25.517,1.25,3.7,0.2,4.25,4.525
03687,1.085,5.9,13.95,0.0,0.0,0.0,0.0
03688,0.0,0.0,0.0,0.0,0.4,0.0,0.15
03689,0.0,0.0,36.75,0.0,0.0,0.0,0.0
03690,1.25,0.4,0.122,0.3,1.483,0.0,0.0
03691,0.0,0.0,0.0,0.0,0.45,0.3,0.0
03692,0.0,0.35,0.0,0.0,0.0,0.0,0.4
03693,3.678,0.0,0.0,0.0,0.0,0.0,0.0
03694,7.95,0.0,19.85,0.95,3.95,3.31,12.45
03701,0.0,0.0,0.0,0.0,0.0,0.0,0.0
03702,0.0,0.5,0.0,0.0,0.5,0.0,0.0
03703,0.0,0.15,0.0,0.0,0.0,0.6,0.0
03704,0.584,0.0,0.0,0.25,0.0,0.0,0.0
03707,0.0,0.0,1.3,0.0,0.0,0.75,0.35
03710,0.0,0.0,0.0,0.0,0.5,0.0,0.0
03711,9.15,0.0,0.0,0.0,0.0,0.0,0.0
03712,0.0,0.55,0.35,0.0,2.8,0.0,0.0
03713,0.0,0.0,0.0,0.0,0.0,0.0,0.0
03714,0.0,0.0,0.0,0.0,0.0,0.0,0.0
03715,0.0,0.5,0.0,0.6,0.0,0.0,0.8
03716,7.3,0.0,0.0,0.0,0.0,0.0,10.8
03717,0.0,0.95,0.0,0.0,0.281,0.55,0.0
03718,0.7,0.0,0.0,0.283,0.0,1.7,0.25
03720,0.0,0.0,0.0,0.0,1.6,0.45,0.0
03721,3.084,0.0,0.0,0.0,0.0,0.0,0.0
03725,0.0,0.0,0.0,0.0,0.0,0.0,0.0
03726,1.45,10.15,0.0,0.975,0.0,1.7,0.0
03727,0.0,2.25,0.0,0.0,0.0,0.0,0.0
03728,0.25,3.0,0.0,9.7,0.0,0.0,0.0
03729,8.683,0.0,12.025,3.0,2.074,0.774,0.0
03731,0.0,0.0,0.633,0.0,0.0,0.0,0.0
03732,0.0,1.225,0.5,0.0,9.65,1.749,0.3
03733,10.05,0.0,2.225,0.35,0.0,0.95,5.25
03734,0.97,0.0,1.717,6.65,7.425,0.0,0.0
03735,0.5,0.0,0.0,1.3,0.35,0.0,14.95
03736,0.6,0.0,0.0,0.0,0.0,0.0,1.6
03737,0.3,0.65,0.0,0.0,1.45,0.0,0.2
03738,0.0,0.0,11.35,0.0,6.95,6.45,1.2
03755,0.0,0.0,0.0,0.0,0.0,1.125,6.05
03756,5.2,0.0,1.05,0.0,0.0,0.0,0.0
03757,7.563,2.512,0.35,0.0,0.0,0.0,0.15
03758,0.0,1.75,0.0,1.05,0.0,0.82,0.45
03759,0.0,0.0,0.0,1.7,1.6,0.0,0.0
03801,0.0,0.0,0.1,0.0,0.15,0.0,0.5
03802,0.0,0.0,0.0,0.0,0.0,0.0,0.0
03803,3.5,0.342,0.431,0.0,0.0,0.738,0.0
03804,7.883,0.0,0.0,0.0,0.0,0.0,0.0
03805,0.0,0.927,0.0,1.266,0.35,0.0,0.584
03806,1.2,0.9,0.0,0.3,0.0,0.0,0.0
03807,0.2,0.85,17.5,5.45,0.35,0.5,0.207
03808,0.1,0.0,0.0,0.2,0.0,0.0,0.225
03809,0.0,1.75,0.0,0.0,13.9,1.55,0.0
03810,3.52,0.35,0.0,14.275,0.0,0.0,0.0
03811,0.0,12.0,0.0,0.85,0.25,0.0,0.0
03812,5.7,0.45,0.0,0.0,0.0,0.567,0.0
03813,0.0,7.233,0.0,0.0,0.85,0.0,0.0
03814,0.0,0.95,0.0,0.0,4.1,0.3,0.0
03816,0.825,0.0,12.986,0.98,8.95,8.7,0.0
03817,19.35,0.31,0.0,0.725,0.0,0.0,0.65
03818,0.0,0.0,0.0,0.1,0.35,1.45,10.5
03819,0.0,0.0,1.4,3.128,0.0,0.0,0.0
03820,0.0,1.363,1.55,3.735,0.375,10.0,0.0
03821,13.658,0.35,1.25,0.0,0.55,1.633,0.0
03822,0.4,0.0,0.0,9.95,0.0,0.0,2.9
03823,0.0,0.0,0.419,0.05,0.0,0.0,6.5
03827,0.0,0.0,0.0,0.0,0.55,0.8,0.0
03828,0.0,0.0,2.134,0.0,12.3,0.25,0.0
03870,0.0,0.0,0.0,0.1,0.0,0.0,0.0
03871,0.0,0.0,0.0,0.0,1.5,0.0,0.0
03872,0.0,0.0,5.55,0.0,0.0,0.0,0.0
03873,0.0,0.0,0.0,1.1,0.0,0.0,0.0
03874,0.0,0.0,4.2,0.0,0.0,0.0,0.0
03876,0.156,0.0,0.0,0.0,0.0,0.0,0.0
03877,0.0,0.0,0.45,0.0,0.0,0.0,0.3
03880,0.0,0.0,0.0,0.0,0.0,0.0,0.55
03881,0.0,0.125,0.0,0.0,0.0,0.0,4.275
03882,0.0,0.0,0.0,0.0,0.0,0.0,1.788
03883,0.0,0.0,0.0,0.0,1.064,0.0,1.25
03884,0.0,0.0,0.35,0.0,1.0,0.0,0.0
03888,0.0,0.0,0.0,0.15,0.35,0.45,0.0
03891,0.0,0.433,0.0,0.0,0.0,0.0,0.0
03892,0.0,0.0,0.0,0.0,0.0,0.0,0.0
03893,6.05,0.0,0.0,0.0,0.0,0.0,0.0
03894,0.0,0.0,0.0,1.6,0.25,0.0,0.0
03896,1.56,0.0,0.0,0.321,0.0,0.0,0.0
03901,0.0,0.0,0.0,0.0,0.0,0.0,0.0
03904,0.0,1.25,0.0,0.0,0.0,0.0,0.0
03905,0.125,0.0,0.0,0.0,0.0,0.0,0.0
03907,0.0,0.0,0.5,0.0,0.0,0.0,0.0
03908,5.6,2.1,0.0,0.0,0.0,0.4,0.0
03909,0.0,0.0,2.05,0.0,0.0,0.0,0.0
03910,0.0,0.0,0.0,0.0,17.6,0.0,0.15
03911,0.2,0.0,0.0,0.0,1.8,0.387,0.0
03912,0.35,0.0,0.0,0.0,0.0,0.1,0.0
03917,2.584,0.0,0.0,0.0,0.0,0.0,0.0
03918,0.16,0.0,1.2,0.15,6.9,0.0,0.0
03920,20.1,1.25,0.5,0.0,8.05,0.0,0.0
03921,6.9,0.0,0.0,0.0,0.0,0.0,0.0
03922,0.0,0.25,0.0,0.0,0.0,0.0,0.3
03923,0.0,0.0,0.0,0.658,0.0,1.9,0.0
03924,0.0,0.0,1.5,1.9,0.0,0.4,0.625
03925,0.0,0.0,0.0,0.0,0.25,0.0,0.0
03927,0.0,0.0,0.0,0.15,0.0,0.0,0.0
03928,0.0,0.6,0.825,14.45,0.0,0.0,0.0
03929,0.0,7.225,0.0,7.4,0.0,0.35,5.55
03930,0.0,0.5,0.0,0.0,0.0,0.0,0.2
03931,1.1,0.0,0.0,0.0,0.0,0.15,0.0
03935,0.0,0.55,1.75,0.0,0.85,0.0,0.0
03936,0.66,0.0,0.0,0.0,0.0,0.0,7.0
03937,0.0,0.0,2.35,0.0,0.0,0.611,0.0
03938,0.3,0.0,0.0,0.318,0.0,0.239,0.0
03939,1.95,0.0,0.0,0.0,0.0,0.0,0.0
03940,1.05,0.0,0.0,0.0,0.0,0.925,3.5
03941,0.125,0.0,0.0,0.0,0.0,0.0,0.0
03942,0.35,0.0,0.0,0.0,0.0,0.0,0.3
03943,0.0,0.0,0.0,0.0,0.0,3.8,0.0
03944,0.0,0.0,0.2,0.0,10.25,0.0,1.05
03945,0.0,0.25,0.0,0.0,0.0,0.483,0.0
03946,0.0,0.0,0.0,0.25,0.0,0.0,0.0
03947,0.0,0.0,0.0,0.0,0.0,0.6,0.0
03950,0.0,0.335,0.0,0.0,0.8,0.0,0.0
03951,0.0,2.3,0.3,0.55,0.2,0.35,0.0
03952,0.0,0.0,0.0,0.0,0.175,0.0,0.8
03953,0.213,0.75,0.0,0.0,0.4,0.0,0.0
03958,0.0,0.0,1.6,0.0,0.0,0.0,0.0
03959,0.0,0.0,0.0,0.0,0.0,0.0,0.55
03960,0.0,0.0,0.0,0.0,0.0,0.275,0.8
03961,0.0,0.0,0.0,0.0,0.0,0.0,0.9
03962,0.6,1.4,0.35,0.0,0.0,0.6,0.0
03963,0.0,0.0,22.539,0.0,3.75,0.0,0.335
03965,0.0,1.394,0.0,0.15,0.0,0.0,0.0
03966,0.0,0.0,0.0,0.4,0.0,0.0,0.0
03967,0.0,0.0,0.15,0.283,0.0,0.0,0.0
03968,0.0,0.95,1.383,0.0,0.85,1.7,0.0
03969,0.0,0.0,1.275,0.0,0.0,0.0,0.0
03970,0.0,0.0,4.6,0.0,0.0,0.0,0.9
03971,0.0,1.75,0.0,0.0,1.55,0.0,0.0
03972,0.0,0.0,0.0,0.0,0.0,0.0,0.0
03973,0.0,0.0,0.0,0.0,2.375,0.0,0.0
03974,0.125,0.4,0.0,0.0,0.0,0.0,0.9
03975,2.3,0.0,0.3,0.0,0.0,1.2,8.125
03976,3.45,0.0,0.0,0.0,0.4,0.0,0.0
03977,2.65,15.685,0.15,0.26,0.0,0.0,2.8
03978,0.0,0.0,0.0,11.4,2.6,0.0,0.0
03979,0.0,0.65,0.0,0.0,0.0,0.0,0.0
03980,0.0,0.321,1.5,0.444,0.0,0.0,1.0
03981,0.0,0.0,0.0,7.5,0.0,0.0,0.0
03982,9.1,0.2,0.0,3.65,3.973,0.0,1.3
03983,0.0,5.0,0.0,0.0,0.16,0.0,0.15
03984,0.0,7.15,0.6,0.0,76.45,1.7,0.0
03985,0.0,0.35,0.0,0.8,0.0,16.3,0.0
03986,0.375,0.0,0.0,0.0,0.0,0.0,0.0
03988,1.2,0.558,0.0,0.0,0.0,0.0,0.0
03989,0.0,0.0,0.0,0.0,0.0,1.8,0.0
04001,0.7,1.867,1.711,1.0,0.75,0.0,1.45
04002,1.1,1.975,1.0,0.45,0.725,11.64,0.0
04003,4.25,3.467,0.6,0.75,1.4,0.175,0.0
04004,0.0,3.5,0.0,0.15,0.0,3.794,0.0
04005,0.3,0.0,46.656,0.263,44.0,0.0,1.25
04006,3.355,6.8,0.95,2.0,0.0,0.0,3.753
04007,0.0,0.0,6.5,1.2,7.15,0.0,0.0
04008,1.2,14.95,0.35,0.9,0.0,0.0,0.0
04009,0.0,0.0,0.0,0.0,0.6,0.0,0.0
04010,0.0,4.05,0.3,1.1,0.3,0.0,0.0
04011,184.85,1.25,0.6,0.55,1.533,1.035,0.75
04012,0.0,1.25,1.0,4.96,0.9,0.0,0.0
04013,2.713,0.25,0.25,1.175,0.0,0.45,0.0
04014,3.0,16.95,0.35,10.15,0.0,0.0,0.7
04015,0.45,5.45,2.25,3.414,2.059,12.95,0.0
04016,0.0,0.82,30.0,0.0,0.0,0.0,2.85
04017,1.263,0.2,0.0,0.0,0.35,0.0,3.3
04018,0.0,0.25,2.45,1.3,0.0,0.9,0.25
04019,3.05,0.0,0.0,0.269,1.0,1.35,0.0
04020,0.0,3.711,0.0,0.953,0.0,2.5,0.0
04021,0.0,0.0,0.55,0.54,0.0,2.967,0.0
04022,0.0,1.65,1.244,0.254,1.203,0.346,0.25
04023,0.5,0.0,0.0,0.7,0.0,0.18,0.0
04024,0.0,0.0,0.7,0.85,0.233,0.4,3.25
04025,0.0,39.6,0.0,0.0,4.588,0.5,8.1
04026,5.69,7.6,0.05,0.8,0.0,0.0,1.774
04027,0.3,0.0,0.0,0.0,0.0,0.0,0.0
04028,0.0,0.35,0.25,0.0,0.0,0.0,0.0
04029,0.0,0.0,0.0,0.0,0.566,0.0,0.0
04030,0.0,0.0,0.15,0.0,0.3,0.0,0.0
04031,0.55,0.0,0.0,0.0,0.0,0.0,0.0
04032,1.4,1.2,0.0,0.0,0.0,0.0,0.0
04035,0.0,0.85,0.0,0.0,0.0,0.4,0.0
04037,0.0,1.5,0.0,0.0,4.45,2.5,0.0
04038,0.0,24.865,1.375,1.2,10.85,0.0,3.75
04039,3.467,0.5,0.9,1.925,0.0,0.0,0.467
04040,0.0,0.0,2.8,2.725,0.0,0.0,0.0
04041,1.579,3.062,1.435,0.9,0.75,0.0,0.3
04042,0.5,1.35,18.423,0.0,1.207,1.45,7.6
04043,0.0,6.275,0.0,0.9,0.413,0.0,0.0
04044,0.0,6.3,2.45,0.0,34.95,0.525,0.173
04045,11.83,1.606,0.6,0.0,2.6,4.7,0.95
04046,0.0,0.563,0.0,0.05,0.0,0.0,0.0
04047,0.0,0.0,0.5,1.639,0.0,0.0,0.0
04048,0.0,0.0,0.2,0.2,0.0,0.538,0.0
04049,0.0,0.0,0.852,0.233,0.0,0.0,0.15
04050,0.0,0.0,0.5,0.0,0.15,0.7,0.0
04052,0.22,0.0,0.538,0.0,8.24,0.0,3.55
04053,0.2,0.0,0.0,0.8,0.0,0.0,0.0
04054,0.173,0.0,0.0,1.4,0.15,0.0,0.0
04055,0.3,0.0,0.25,2.5,0.398,3.467,0.0
04057,0.0,0.4,0.0,1.4,0.0,0.0,1.7
04058,1.2,0.107,2.825,0.0,0.0,0.167,0.0
04059,0.0,0.0,0.0,0.0,0.0,0.0,0.0
04061,0.0,0.0,0.0,0.0,0.125,0.0,6.2
04062,0.0,0.0,0.0,8.15,0.4,1.1,0.0
04063,1.3,0.4,0.0,0.0,0.061,0.0,0.0
04064,0.0,0.0,0.0,1.234,0.55,0.0,0.0
04065,0.0,0.0,0.0,2.9,0.0,0.0,10.4
04066,0.0,0.0,0.2,0.15,0.0,0.0,0.0
04067,0.0,0.4,0.0,0.0,0.0,0.0,0.0
04068,14.0,0.0,0.105,0.0,0.0,0.0,0.0
04070,0.0,0.0,0.0,0.3,0.0,0.0,0.0
04071,0.0,0.0,0.0,0.0,5.4,0.7,0.275
04074,0.0,0.0,0.0,0.0,1.4,0.0,0.0
04075,0.0,0.0,0.0,0.0,0.0,0.0,0.0
04076,0.0,0.0,0.7,0.0,0.4,0.5,1.55
04077,0.0,0.0,0.0,0.0,0.689,0.225,0.0
04078,1.2,0.0,3.35,0.8,0.0,0.0,9.875
04079,0.0,0.8,0.0,0.2,0.95,0.8,0.0
04080,0.0,2.518,0.45,3.792,2.05,0.0,0.4
04081,0.5,0.6,0.167,0.0,0.75,0.0,0.0
04082,0.0,0.15,0.0,0.0,0.0,0.0,0.0
04084,0.0,0.0,5.11,0.35,0.0,15.875,0.3
04085,0.0,0.0,0.0,0.0,0.0,0.0,0.0
04086,0.0,0.0,0.601,1.35,1.5,0.5,1.375
04087,2.521,0.45,4.338,0.75,0.2,0.0,0.321
04088,1.95,6.1,0.0,0.0,4.99,1.733,0.4
04089,0.0,2.683,0.0,0.0,0.0,0.0,30.975
04090,0.0,0.15,0.0,0.0,0.0,0.0,0.0
04101,0.0,3.1,7.275,0.0,0.0,0.0,0.15
04102,0.4,0.0,2.45,0.0,1.5,0.7,0.0
04103,0.2,0.0,0.0,0.0,0.0,0.0,0.0
04104,1.758,2.14,3.6,0.5,0.0,10.55,0.0
04105,3.95,1.15,30.0,0.6,0.7,0.0,0.2
04106,1.928,2.475,0.2,0.6,0.0,0.0,0.0
04107,0.9,7.25,0.0,0.0,0.0,0.75,0.0
04108,11.25,0.0,0.0,0.0,0.0,0.0,1.05
04109,0.0,3.85,0.0,0.0,0.0,1.2,4.45
04110,0.0,0.0,0.45,3.1,0.0,0.0,0.0
04111,0.85,2.6,2.05,0.0,0.5,0.0,0.0
04112,0.0,0.532,2.1,2.584,0.167,1.0,1.867
04113,14.1,2.4,0.0,0.8,0.0,0.0,0.0
04114,0.0,0.0,9.85,0.2,0.15,0.0,0.0
04115,0.0,0.55,1.85,0.0,17.273,2.55,0.0
04116,8.517,4.5,1.65,0.2,0.0,1.225,0.3
04117,0.75,9.6,0.65,3.525,10.45,0.0,4.15
04118,1.9,0.6,0.0,0.0,0.0,0.4,0.0
04119,4.15,10.15,10.35,0.0,14.75,1.0,18.8
04120,0.55,2.0,0.0,0.2,0.0,0.0,0.0
04121,0.215,0.0,0.775,0.0,0.15,0.0,0.0
04122,0.0,1.7,16.167,1.05,0.0,0.0,1.8
04123,0.0,0.0,0.0,0.0,2.975,6.55,0.0
04124,4.8,0.0,0.0,0.0,0.0,0.0,0.0
04125,3.011,0.526,1.5,0.95,0.0,1.65,0.0
04126,16.3,0.0,2.15,12.35,0.5,0.0,8.65
04127,0.55,0.0,10.4,0.0,11.57,0.306,0.0
04128,2.0,0.0,0.8,10.25,0.0,0.0,1.2
04129,0.0,0.0,0.0,3.675,18.45,0.0,1.65
04130,5.85,1.0,1.282,0.0,0.85,1.8,0.625
04131,1.4,0.0,13.325,0.0,0.0,0.7,1.95
04132,1.15,0.0,0.133,0.0,0.4,0.0,0.0
04133,0.0,0.0,0.0,0.0,0.593,0.0,0.0
04134,4.4,0.0,0.8,1.0,2.963,0.0,5.7
04135,0.2,0.1,2.388,0.1,1.1,1.0,0.15
04136,0.0,0.0,0.385,0.2,0.95,3.775,0.0
04137,0.0,0.0,0.4,0.0,0.0,0.0,3.35
04138,0.25,0.0,0.321,0.0,0.225,0.517,0.15
04139,2.125,0.45,0.25,0.0,0.0,0.0,0.0
04140,1.254,1.768,4.513,0.0,15.75,2.645,2.73
04141,0.0,4.475,1.173,1.35,0.0,0.5,0.0
04142,4.1,5.15,0.3,0.55,0.0,0.0,0.65
04143,2.13,4.275,0.2,0.0,0.343,4.65,0.0
04144,1.85,71.316,12.75,9.125,0.0,17.533,1.036
04145,0.0,1.4,1.1,0.0,0.0,0.192,0.4
04146,7.163,0.617,2.0,4.733,0.0,0.0,4.375
04147,0.0,0.0,0.4,0.0,0.0,0.0,0.0
04148,0.207,0.0,0.0,0.0,3.585,0.0,0.0
04149,0.0,0.0,1.0,0.4,0.0,0.95,0.0
04150,0.0,0.0,0.0,0.0,0.0,0.0,0.0
04151,2.2,0.0,0.0,0.253,0.0,0.0,0.0
04152,0.275,0.41,0.0,0.1,12.3,0.0,0.69
04153,0.0,0.0,0.0,0.0,0.0,0.0,0.0
04154,0.0,1.75,0.0,0.0,0.3,0.0,0.0
04155,1.0,0.128,0.0,0.0,0.0,0.0,0.0
04156,0.0,3.05,0.5,0.5,0.0,0.0,0.0
04157,7.8,0.675,0.25,0.0,0.0,0.0,0.0
04158,0.0,0.4,0.0,0.0,3.7,0.0,0.0
04159,0.0,1.45,1.688,3.15,1.8,0.0,0.0
04160,0.0,1.4,0.0,0.0,0.0,0.0,0.45
04161,0.0,0.0,0.16,0.175,0.415,0.0,0.0
04162,0.2,0.0,0.0,0.2,0.0,0.0,0.899
04163,7.0,10.5,0.0,0.0,4.44,0.0,1.9
04164,0.4,0.91,0.0,0.317,0.65,0.0,0.0
04165,0.0,3.0,11.88,1.0,2.95,0.0,0.0
04166,0.0,0.35,0.0,1.75,0.2,0.3,0.0
04167,2.25,0.3,0.0,0.0,0.0,1.25,0.0
04168,0.75,0.0,0.0,0.0,0.0,0.0,0.0
04169,2.65,2.25,0.0,0.0,0.0,0.0,0.0
04170,0.0,0.0,0.0,0.0,0.0,0.0,5.075
04171,0.0,1.05,0.0,0.0,0.0,0.0,0.0
04173,0.0,0.0,0.0,2.7,0.0,7.95,0.3
04174,0.0,0.53,0.0,0.0,0.25,7.9,0.0
04176,7.5,1.825,1.05,0.0,0.25,0.0,4.338
04177,0.2,1.5,4.338,0.0,0.817,0.0,0.0
04180,1.55,0.0,0.9,0.0,0.0,0.0,0.0
04181,0.0,0.0,8.55,0.0,0.55,0.0,1.1
04182,0.0,0.0,0.5,0.0,5.4,0.416,2.113
04183,0.0,5.1,0.0,0.2,0.0,0.0,0.25
04184,0.4,0.0,0.45,0.0,0.375,0.0,0.183
04185,1.7,0.25,22.6,0.0,0.0,0.3,0.0
04186,0.3,1.05,3.55,5.8,0.0,0.0,0.2
04187,0.0,0.35,0.2,0.45,0.2,9.2,0.0
04190,0.0,8.024,0.0,0.0,1.3,4.625,1.45
04191,0.36,6.2,0.65,0.65,0.0,15.45,0.0
04193,0.0,0.6,0.0,0.0,0.45,0.0,1.383
04194,10.15,0.15,0.2,0.0,0.0,0.0,0.788
04195,9.342,9.417,12.35,7.22,0.25,0.1,21.7
04201,1.5,0.4,0.0,0.35,0.0,0.0,0.0
04202,0.0,0.0,0.0,0.45,0.0,0.0,0.0
04203,20.185,0.0,0.0,0.0,0.0,0.0,0.1
04204,1.75,0.2,0.0,0.0,5.05,0.0,2.6
04205,10.734,8.9,0.0,0.0,2.062,2.25,4.425
04206,0.0,0.65,6.238,0.0,12.475,0.0,0.0
04207,0.513,0.36,0.0,2.15,0.0,0.0,0.0
04208,0.0,1.583,0.25,0.0,0.0,0.0,0.396
04209,0.0,8.717,7.52,0.85,0.0,0.264,0.0
04210,0.371,0.0,0.0,0.0,0.0,0.0,0.0
04211,0.15,22.85,0.8,0.0,3.65,10.75,0.0
04212,0.0,9.75,0.0,0.0,0.0,0.0,0.0
04213,0.7,0.4,31.2,0.0,0.7,0.2,5.625
04215,0.1,0.0,0.658,0.0,0.0,0.0,0.35
04216,0.75,1.35,0.444,0.0,2.4,0.321,8.8
04217,0.0,0.0,7.35,0.0,1.026,0.0,0.0
04218,0.0,0.0,0.0,0.0,0.0,0.0,1.825
04221,0.0,0.532,1.7,0.0,0.0,0.0,0.0
04222,0.0,0.0,0.6,0.0,0.0,0.0,15.467
04224,11.75,0.0,0.0,0.0,0.0,0.0,0.0
04225,0.0,0.1,0.0,0.0,0.0,0.228,0.0
04230,0.0,0.0,0.0,0.0,5.875,1.5,0.0
04231,0.0,0.125,0.0,0.0,0.0,0.0,0.0
04232,0.0,2.5,0.0,0.0,0.0,0.15,0.0
04235,0.0,0.5,0.0,3.1,0.0,0.0,2.25
04236,0.0,0.0,0.0,0.15,0.0,0.0,0.0
04240,0.0,1.867,0.0,0.0,0.15,0.0,0.0
04241,0.675,0.0,0.0,0.0,0.0,0.513,2.55
04242,0.0,0.0,0.0,0.0,0.0,0.0,0.0
04243,0.1,0.0,0.0,4.105,0.0,2.288,0.15
04244,10.2,0.0,0.0,0.0,1.85,0.0,0.0
04246,0.1,0.0,0.0,0.0,0.0,0.0,0.0
04247,0.0,0.35,0.0,8.833,0.0,8.683,0.0
04248,0.0,0.0,0.0,0.0,0.0,0.0,0.0
04249,1.05,0.0,0.2,0.55,0.0,0.0,0.0
04250,1.25,0.0,0.0,0.0,0.0,0.0,0.0
04251,2.867,0.0,0.0,0.0,0.0,0.0,11.875
04252,0.292,0.0,0.0,0.346,0.0,0.0,0.0
04253,0.15,0.4,0.1,0.85,0.8,0.0,1.55
04254,0.0,0.0,0.0,2.3,0.0,0.0,1.7
04255,0.25,0.0,0.0,0.0,0.0,0.15,0.25
04256,0.0,1.583,0.55,1.196,2.4,0.0,1.65
04257,0.0,0.35,0.3,1.9,2.5,0.0,0.0
04258,0.0,0.0,0.0,0.0,0.0,0.0,2.4
04261,2.3,0.0,2.05,0.0,0.9,0.0,0.3
04264,0.0,0.6,0.0,0.0,1.5,0.0,0.0
04265,0.35,0.0,0.0,0.0,0.0,0.0,0.0
04266,0.0,0.25,0.0,0.0,0.0,1.65,0.0
04267,0.0,1.2,0.0,0.0,0.0,0.0,0.0
04268,0.0,0.4,0.0,0.0,0.188,0.0,0.925
04269,0.0,0.0,0.7,7.65,0.15,0.0,2.775
04270,0.0,0.32,0.25,0.0,0.0,0.0,0.15
04271,0.0,0.0,0.0,0.375,0.0,0.0,1.1
04272,0.25,0.387,0.725,8.65,12.15,0.0,0.0
04273,0.193,0.0,0.0,0.4,0.5,0.0,3.6
04274,0.0,0.0,0.0,0.0,0.304,0.0,0.0
04275,0.0,0.0,0.4,0.0,0.0,0.0,0.0
04276,0.05,0.0,11.2,1.2,0.0,0.0,0.5
04277,0.0,0.0,0.0,0.0,0.0,0.241,0.0
04278,3.1,10.2,1.75,0.2,0.2,12.407,1.95
04279,0.0,0.2,0.0,0.0,0.0,0.0,0.0
04280,0.0,0.0,0.0,0.133,1.7,0.0,0.0
04281,0.0,1.4,0.0,0.0,0.0,0.0,0.1
04282,0.3,0.0,0.0,1.2,0.0,0.0,0.0
04283,0.0,0.0,0.0,0.15,0.0,0.0,0.0
04284,0.0,2.0,0.8,0.0,0.0,0.0,0.55
04285,1.575,0.0,0.0,0.0,9.1,0.0,0.0
04286,0.0,0.0,0.5,3.45,0.0,0.15,0.0
04288,0.0,13.3,0.0,0.0,0.2,0.0,0.353
04290,0.0,0.0,0.0,0.35,0.0,0.0,0.0
04291,0.0,0.0,0.0,0.0,0.0,0.0,0.0
04292,0.0,0.0,0.0,0.0,0.0,0.0,0.0
04293,0.0,0.0,0.35,0.0,0.353,0.273,0.0
04294,0.0,0.0,0.0,5.85,0.0,0.0,24.2
04295,0.0,6.4,0.15,0.167,0.0,0.0,0.0
04296,1.957,0.0,0.2,0.0,0.6,21.971,1.475
04297,5.35,0.0,0.0,0.65,0.2,0.0,1.7
04298,0.0,0.0,0.0,1.1,0.0,0.0,0.0
04301,0.0,0.0,1.234,0.0,0.893,0.0,0.0
04302,3.54,30.584,17.863,0.45,0.8,0.45,2.692
04303,1.7,1.0,0.85,0.0,0.0,0.0,0.625
04304,1.821,5.8,0.1,6.599,6.663,3.475,0.117
04305,13.3,0.0,1.35,1.8,0.2,4.692,0.0
04306,0.0,0.0,0.0,0.0,1.9,1.35,3.1
04307,1.7,0.0,0.0,0.0,0.0,0.0,0.0
04308,0.0,0.757,0.0,0.0,1.5,0.0,0.0
04309,0.233,8.75,0.0,0.0,0.0,0.0,0.0
04310,0.0,7.5,2.208,0.583,0.25,0.304,0.0
04311,14.6,0.875,6.505,10.55,0.5,0.78,0.1
04312,0.0,0.0,0.0,0.0,0.0,0.0,0.0
04313,0.15,0.0,0.959,5.4,18.05,4.794,17.9
04314,0.0,0.0,1.175,0.0,0.0,0.0,7.55
04315,0.2,0.0,0.0,0.0,0.547,0.0,0.0
04316,0.0,0.0,0.0,0.95,0.85,13.867,0.0
04317,0.0,0.35,0.0,3.05,1.075,1.95,1.733
04318,0.0,0.0,0.51,0.0,0.0,0.0,0.0
04319,0.0,0.6,0.0,0.0,0.0,0.0,0.0
04320,0.85,0.0,0.0,0.0,0.0,0.0,0.0
04321,2.055,3.3,0.0,0.0,1.734,0.5,3.25
04323,0.0,13.35,0.289,0.55,0.3,0.0,0.35
04324,2.627,0.25,1.6,0.0,0.0,0.0,0.0
04325,0.0,3.55,7.3,0.0,0.0,0.0,0.0
04326,0.0,0.0,0.0,0.0,0.0,0.0,0.0
04327,0.0,0.0,3.65,0.0,0.0,0.0,1.55
04330,0.15,11.55,1.95,1.4,0.0,0.0,0.433
04331,0.0,0.207,1.65,0.0,0.133,0.644,2.03
04332,0.0,0.0,2.45,0.1,0.0,0.0,0.0
04333,0.0,0.0,0.0,0.0,0.0,0.8,0.0
04334,0.273,0.2,0.0,0.0,0.2,0.0,0.0
04335,0.45,0.0,0.0,0.0,0.0,0.0,0.0
04336,33.358,0.0,0.35,0.0,0.0,1.2,0.0
04337,0.0,0.45,0.0,2.75,0.0,0.0,0.3
04338,0.0,0.0,0.0,1.375,0.0,0.0,2.05
04339,0.0,10.65,0.0,0.0,0.0,0.0,0.0
04340,0.7,0.0,0.0,0.0,8.65,0.0,0.0
04342,0.0,0.2,0.123,0.473,10.55,0.0,0.0
04343,0.35,0.0,0.0,0.0,0.05,0.0,0.0
04344,1.9,2.95,0.0,0.75,0.333,0.49,57.8
04346,1.8,0.0,0.4,1.825,0.0,1.05,1.625
04347,0.0,0.0,6.3,0.0,0.513,0.4,5.4
04348,0.2,0.0,1.1,0.55,0.0,0.517,6.75
04349,1.5,6.65,0.2,0.0,0.55,0.742,8.0
04350,0.0,0.0,0.1,0.0,7.6,0.0,0.0
04355,0.0,0.0,1.95,0.0,0.0,0.0,0.0
04356,0.0,0.0,0.0,0.0,0.0,0.0,0.0
04357,0.0,0.0,0.0,0.0,0.0,0.0,0.0
04358,0.0,0.0,0.0,0.0,0.0,0.4,0.0
04359,0.0,0.0,1.0,0.0,0.425,0.0,0.0
04360,0.0,1.95,0.0,0.0,0.25,0.0,0.0
04361,0.0,0.675,0.0,0.2,0.0,1.15,0.0
04362,0.8,0.8,0.0,9.95,0.0,0.15,1.6
04363,6.675,12.35,0.375,6.65,8.8,0.335,7.583
04364,1.65,0.55,0.0,0.0,0.65,7.875,19.9
04365,0.0,0.0,0.0,0.0,0.0,0.283,0.0
04366,0.0,1.65,0.2,1.6,0.0,0.6,0.0
04367,0.0,1.15,0.166,0.0,0.0,1.35,4.9
04368,0.55,0.43,0.0,9.4,0.2,0.0,0.0
04369,0.0,0.0,0.0,0.0,7.35,0.0,0.0
04370,0.0,0.0,0.0,0.0,0.5,0.0,11.4
04371,0.0,0.4,0.0,0.0,0.0,0.0,0.0
04372,0.8,0.55,0.0,0.2,0.45,0.0,0.0
04374,0.7,0.0,0.0,0.0,0.0,0.0,0.75
04375,0.0,3.25,0.0,0.0,0.0,0.0,0.0
04376,0.0,16.663,0.25,0.0,0.0,0.35,0.0
04378,0.0,0.15,0.65,0.0,0.0,1.6,0.4
04379,0.0,2.383,0.0,0.3,0.0,3.5,0.0
04381,0.0,1.7,0.0,0.0,1.5,0.0,0.0
04382,0.0,0.0,0.0,0.0,0.0,0.0,12.05
04383,0.0,0.597,0.35,0.0,0.0,0.0,0.0
04384,0.0,0.0,0.0,1.85,0.0,0.0,0.0
04386,7.5,0.175,0.0,0.0,0.0,0.0,0.0
04387,0.0,4.0,1.05,0.0,0.0,0.433,0.1
04401,1.4,0.0,0.0,0.0,0.5,1.2,1.05
04402,0.2,0.0,0.0,0.0,0.0,0.0,0.0
04403,0.95,0.0,2.2,0.0,0.0,0.0,0.0
04405,1.9,0.0,0.0,0.15,0.0,0.75,0.0
04406,0.0,0.0,1.35,0.0,0.0,0.0,0.0
04407,0.0,0.0,0.0,0.0,0.0,0.0,0.0
04408,0.0,0.0,0.0,0.0,0.3,2.5,0.0
04409,0.0,0.3,0.0,0.0,0.0,0.0,0.0
04410,0.95,0.383,0.7,0.0,0.0,1.1,0.0
04411,0.0,0.2,0.0,0.0,0.0,0.0,0.0
04412,0.0,0.0,0.0,0.0,0.0,0.0,0.0
04413,0.0,0.0,0.0,0.0,0.0,0.0,0.25
04414,1.3,0.45,0.0,0.0,0.0,0.0,1.7
04415,0.0,0.0,0.25,0.203,0.15,5.888,0.0
04416,0.0,0.0,0.2,0.2,0.0,0.0,9.32
04417,0.0,0.0,1.2,0.0,0.0,0.0,0.0
04419,0.0,0.0,0.0,0.0,0.0,0.25,0.0
04421,1.9,3.4,0.6,7.7,0.0,13.575,0.4
04423,0.0,0.0,0.55,0.0,0.0,0.0,0.0
04424,0.0,0.0,0.0,0.0,3.85,0.4,0.0
04425,0.43,1.55,0.0,0.0,0.45,0.0,0.0
04426,0.0,0.0,0.35,3.3,0.0,0.558,0.0
04427,0.0,0.0,0.7,7.0,0.0,0.0,1.4
04428,0.0,0.583,0.0,0.0,0.0,0.0,0.4
04429,1.87,0.0,0.0,0.0,0.0,0.0,0.0
04430,1.65,1.084,0.3,0.0,0.6,1.2,10.1
04431,0.0,0.05,0.7,0.0,0.65,0.85,0.0
04432,0.0,2.008,0.0,0.0,0.0,0.0,0.0
04433,0.4,0.308,13.25,13.567,0.0,4.165,0.2
04434,0.0,0.35,4.95,0.0,1.55,0.433,0.0
04437,0.0,0.75,0.0,1.128,0.3,0.0,0.0
04438,0.0,6.2,8.55,0.75,1.4,35.95,2.8
04439,0.0,0.0,0.0,0.0,0.85,0.0,0.0
04444,0.35,0.225,0.175,0.0,4.65,0.397,0.0
04445,0.0,0.0,0.0,0.45,0.625,0.0,0.125
04446,1.3,0.0,0.0,0.0,0.0,0.0,0.0
04447,2.317,0.9,0.15,1.0,11.373,0.49,0.922
04455,6.6,0.15,0.1,0.3,3.15,0.0,0.0
04456,0.0,0.35,0.4,0.0,0.0,0.0,0.0
04457,0.233,0.2,0.0,0.0,0.0,0.0,0.0
04458,0.35,0.0,1.0,0.625,1.7,1.4,0.0
04459,0.35,0.5,15.8,0.0,3.334,0.0,0.0
04460,0.2,0.0,0.0,0.0,0.0,0.0,0.0
04461,0.0,0.0,0.4,0.0,0.0,0.0,0.0
04462,0.0,6.7,0.2,0.0,0.0,0.0,0.0
04463,0.0,0.0,0.0,0.1,0.0,0.0,0.0
04464,0.0,0.0,0.0,0.0,0.6,0.2,0.0
04466,0.0,0.0,6.4,0.0,0.3,0.283,0.0
04467,2.05,0.0,0.0,0.0,0.0,0.0,0.0
04468,0.0,1.825,0.25,0.0,0.0,0.0,0.0
04469,4.788,0.0,0.0,0.0,0.0,0.0,0.825
04470,0.0,1.013,0.0,0.0,0.0,0.0,0.0
04472,0.0,0.24,0.0,0.0,0.0,0.0,0.314
04473,0.0,0.0,0.491,0.45,0.25,0.0,0.0
04474,2.75,0.0,0.2,23.3,2.17,1.05,0.0
04475,22.3,0.0,0.675,1.675,2.05,1.55,0.5
04476,0.4,0.0,30.25,0.65,2.25,0.0,1.25
04501,0.0,0.3,0.0,0.0,0.0,0.0,0.0
04502,0.0,1.95,0.0,0.0,0.0,0.0,0.0
04503,0.0,0.0,0.0,0.0,14.65,0.0,0.0
04504,0.0,0.0,0.0,0.0,0.0,0.0,0.0
04505,0.0,0.0,0.0,0.0,0.0,0.0,0.0
04506,0.5,0.0,0.25,0.0,2.467,0.0,0.0
04507,0.0,0.0,0.0,0.9,0.0,0.0,0.0
04508,0.0,0.0,4.338,0.875,0.203,0.0,0.0
04509,0.75,0.0,0.0,1.1,0.0,0.0,0.2
04510,11.4,13.3,3.0,0.0,0.0,0.0,0.8
04511,0.0,2.08,1.205,0.1,0.0,0.95,0.0
04512,0.0,5.775,0.0,0.0,0.0,0.2,0.0
04513,0.0,0.075,0.0,0.0,0.0,3.9,0.0
04514,14.542,4.338,3.8,6.95,5.95,1.274,5.0
04515,0.2,1.363,3.8,2.85,0.881,14.113,6.15
04516,7.15,1.95,6.367,12.3,0.1,8.35,2.316
04517,0.0,1.35,0.0,0.4,0.0,0.0,3.933
04520,0.0,0.4,4.111,3.15,0.542,31.613,0.0
04521,0.133,0.308,18.05,0.367,0.0,0.0,25.55
04522,0.25,0.0,0.8,0.0,0.117,0.0,0.0
04523,0.6,2.45,0.0,0.213,2.75,7.3,1.372
04524,1.81,1.45,0.0,1.7,0.4,0.57,15.2
04530,0.0,2.5,1.1,1.05,19.05,0.0,0.0
04531,1.933,4.3,4.35,0.5,0.75,0.0,4.6
04532,0.387,0.65,1.5,2.475,12.76,0.0,3.65
04533,0.0,2.283,0.15,3.2,0.35,0.0,0.0
04534,0.45,0.988,5.5,0.15,2.234,6.317,0.9
04535,0.0,0.0,0.0,0.0,0.0,0.225,0.0
04536,0.0,0.0,0.0,10.0,0.0,0.0,1.15
04537,1.8,0.0,2.45,5.1,0.55,0.6,1.11
04538,0.0,0.533,1.25,10.275,0.0,0.0,0.0
04542,4.387,2.35,0.4,0.55,0.95,0.0,0.0
04543,10.3,37.25,0.0,22.867,8.5,0.5,0.4
04544,2.7,0.117,0.0,0.0,0.9,0.0,0.0
04545,12.75,3.15,0.3,0.125,0.85,1.613,16.932
04546,12.927,0.0,0.0,0.0,1.36,0.0,5.417
04547,9.733,7.15,0.55,0.0,0.598,0.6,0.35
04548,2.77,2.25,0.6,0.4,0.0,0.84,0.0
04549,0.0,8.6,0.0,0.0,0.0,0.0,0.0
04550,1.15,1.275,13.0,0.0,1.05,1.5,0.425
04551,1.5,1.433,36.1,9.925,2.463,0.71,0.5
04552,2.9,0.0,10.275,1.296,3.134,0.0,1.238
04553,0.0,0.0,0.0,0.0,0.0,0.0,0.0
04555,2.0,0.0,0.0,0.0,0.0,0.0,13.3
04556,0.0,1.35,0.0,0.0,0.0,0.0,0.0
04557,0.0,0.0,0.0,0.0,0.0,0.0,0.0
04558,0.0,0.0,0.0,0.0,0.0,0.25,0.0
04559,2.0,0.3,0.0,0.0,0.73,0.0,0.0
04560,0.925,7.625,0.7,0.0,1.375,0.0,1.85
04561,1.38,7.7,0.0,0.7,1.35,0.9,8.85
04562,0.85,0.5,1.2,0.0,4.05,0.3,0.25
04563,0.0,0.35,6.25,0.0,0.0,1.301,1.2
04564,0.65,14.175,8.05,0.85,0.513,0.283,0.607
04565,0.0,0.0,1.0,0.0,0.325,0.0,1.65
04566,1.25,0.05,1.2,0.0,0.0,0.71,0.0
04567,0.0,3.4,0.3,0.0,0.0,1.65,0.0
04569,0.0,0.0,0.0,0.0,0.85,0.25,0.0
04570,0.0,0.0,0.0,0.0,0.1,0.0,0.0
04571,11.35,4.842,4.575,11.25,6.95,2.75,0.326
04575,0.0,0.0,0.0,0.25,0.0,0.85,0.0
04576,0.0,0.238,0.0,4.604,0.25,0.0,0.213
04578,0.0,5.575,0.0,0.0,0.649,2.0,0.0
04580,0.0,0.0,0.0,0.0,22.7,12.0,0.0
04581,1.44,0.15,0.717,2.3,0.0,0.0,2.6
04582,0.0,0.15,7.35,1.05,0.0,0.0,0.0
04583,0.4,1.4,6.101,0.2,0.0,1.8,0.35
04601,0.0,1.41,0.0,0.0,0.0,1.25,0.0
04602,2.54,0.0,15.15,0.6,15.0,2.1,7.3
04603,0.0,0.3,0.0,0.0,0.35,0.0,0.0
04604,0.0,0.0,0.0,0.0,0.0,0.0,0.0
04605,0.0,0.0,8.4,0.0,0.0,4.3,0.0
04606,6.9,0.0,1.95,0.0,0.0,0.0,0.383
04607,0.213,0.0,1.317,0.0,0.0,0.0,0.0
04608,0.0,0.183,1.91,0.8,1.975,0.0,0.248
04609,0.0,0.0,0.0,0.0,0.0,0.0,0.0
04610,0.4,0.0,0.43,0.0,0.0,0.446,0.0
04611,0.0,0.0,0.0,0.0,0.375,0.0,0.0
04612,2.8,1.2,0.0,0.36,5.88,0.7,5.948
04613,0.0,0.0,1.6,0.985,0.0,0.0,0.35
04614,20.45,0.34,0.1,0.95,1.875,0.0,0.35
04615,8.4,0.0,0.0,1.4,0.0,0.0,0.0
04616,0.8,2.2,0.45,0.9,1.5,0.0,0.1
04617,1.45,0.2,0.0,2.1,5.383,0.0,1.2
04618,3.2,3.3,0.0,0.6,0.0,0.55,8.95
04619,0.335,1.353,0.225,0.0,0.15,0.0,0.4
04620,0.4,0.0,0.8,0.0,0.0,0.0,0.0
04621,0.6,0.5,0.45,0.0,0.0,0.0,0.0
04622,0.2,1.1,0.0,1.95,0.0,0.0,0.0
04623,0.317,0.7,0.0,0.15,0.0,0.0,0.0
04624,0.0,0.928,0.0,0.849,0.0,0.0,0.0
04625,0.35,0.0,0.0,0.4,0.44,0.0,0.0
04626,0.0,0.0,0.0,0.0,0.2,0.0,0.0
04627,0.0,0.0,0.4,0.0,0.0,0.0,0.0
04630,9.75,0.0,0.0,1.25,0.0,0.438,0.0
04631,0.0,0.0,0.0,5.95,1.4,0.0,0.0
04632,7.6,1.2,0.65,0.0,0.0,0.0,0.0
04633,0.0,1.867,10.1,0.0,0.0,0.4,1.35
04634,2.75,1.2,0.0,8.6,0.15,0.416,0.0
04635,5.984,0.0,0.0,1.2,10.1,1.85,0.917
04636,0.0,4.5,0.0,0.0,0.0,0.0,0.0
04637,0.0,0.0,0.15,0.0,0.0,0.0,4.92
04638,0.0,0.0,0.35,0.0,0.0,0.0,0.0
04639,0.0,0.0,0.0,0.0,0.39,0.0,0.204
04640,0.0,0.15,0.0,0.0,0.75,0.0,0.0
04641,2.8,0.0,0.0,0.0,0.0,0.0,0.0
04642,0.0,0.0,0.0,0.0,0.0,0.0,0.0
04643,0.0,0.25,0.0,0.0,0.0,0.0,0.0
04645,0.0,0.0,0.3,0.0,0.0,0.0,0.0
04646,0.0,0.0,18.8,0.0,0.0,0.0,0.0
04647,0.0,0.0,0.0,0.0,0.0,0.0,0.0
04648,4.15,0.0,0.15,0.0,0.0,0.0,0.7
04649,10.75,2.069,12.0,0.0,2.55,0.0,0.0
04650,0.0,0.0,0.0,0.4,1.667,0.0,0.0
04651,0.0,0.0,0.0,0.0,4.105,0.0,0.375
04652,18.2,0.0,0.0,0.15,2.4,0.0,0.0
04653,8.0,0.0,0.0,0.0,0.0,0.0,0.0
04655,0.0,0.0,0.0,0.0,1.65,0.183,0.0
04657,0.0,2.9,5.2,0.0,0.0,0.0,4.625
04658,0.0,0.0,0.125,0.0,0.0,0.0,2.6
04660,1.734,0.6,0.0,0.0,1.15,0.0,0.0
04661,11.948,0.0,2.903,3.15,0.0,0.1,1.2
04662,0.55,0.0,0.1,0.0,0.0,0.0,1.0
04663,0.3,0.0,0.0,0.0,0.0,0.0,0.0
04664,0.4,0.0,8.55,0.0,0.0,0.0,0.0
04671,4.941,1.45,0.225,5.45,3.6,0.0,0.25
04672,0.0,0.0,0.0,0.0,0.2,0.0,0.0
04673,1.45,0.35,0.0,0.0,0.15,0.738,0.0
04674,12.85,1.825,4.4,0.45,1.75,0.0,2.45
04675,25.368,6.55,0.625,8.35,23.45,12.081,1.293
04676,0.6,0.0,0.0,2.841,0.2,0.8,0.0
04678,0.0,7.9,0.0,0.0,0.0,0.0,0.0
04679,1.5,9.15,8.413,2.0,2.45,0.5,0.0
04685,3.15,0.0,0.7,0.0,0.0,4.575,6.55
04686,8.15,0.0,3.85,0.0,0.0,0.0,0.25
04689,0.175,1.95,0.0,0.0,0.25,0.0,0.0
04690,0.0,0.0,0.25,0.0,0.0,10.664,0.0
04691,0.15,3.65,0.7,1.617,0.0,0.0,0.0
04692,0.0,0.0,0.0,0.0,0.0,0.0,0.0
04693,14.5,0.15,0.0,0.0,0.0,0.0,0.0
04696,7.741,0.538,0.0,12.2,1.6,0.65,0.0
04701,0.0,0.0,0.0,0.0,0.0,0.0,0.0
04702,0.0,0.0,0.15,0.0,0.0,0.75,4.1
04703,0.0,1.6,0.0,0.0,1.6,0.0,0.0
04704,27.175,0.35,0.0,0.0,0.15,0.0,0.0
04705,0.0,0.0,0.0,60.95,1.0,0.0,0.0
04707,0.45,8.85,0.15,0.5,1.075,0.0,0.3
04708,0.0,30.75,0.0,0.0,0.0,0.0,0.175
04709,2.7,0.0,0.0,0.7,0.584,5.25,0.0
04710,15.45,9.45,0.0,0.9,0.0,1.833,4.35
04711,0.0,0.0,0.767,0.25,1.875,0.1,0.0
04713,0.2,0.0,0.0,1.61,0.0,0.0,0.0
04714,0.0,2.3,0.0,0.0,0.0,0.0,0.0
04715,0.335,0.3,0.325,4.45,13.3,1.65,0.0
04716,0.755,0.1,1.55,0.753,0.185,0.0,1.4
04717,0.0,0.95,1.0,0.0,0.425,0.0,3.784
04718,0.0,0.0,2.4,0.15,7.65,0.0,0.0
04719,2.8,1.11,4.05,1.2,0.75,1.05,12.292
04720,0.0,0.0,0.0,0.0,0.0,0.0,0.0
04721,0.0,0.0,0.667,0.0,0.0,0.0,0.0
04722,0.0,0.0,0.35,0.0,1.7,0.0,0.0
04723,0.0,0.0,0.0,0.0,0.0,0.0,0.0
04724,0.0,0.0,1.35,0.0,0.0,0.0,0.0
04726,1.3,0.0,6.55,1.125,0.15,7.55,22.4
04727,0.0,0.7,0.0,0.0,0.0,1.45,0.0
04728,0.0,0.0,0.2,6.225,0.381,0.0,0.0
04729,0.0,0.35,0.0,0.6,2.363,0.0,0.0
04730,0.0,0.275,0.0,0.0,0.0,0.0,0.0
04733,0.0,0.0,0.0,0.0,1.15,0.0,0.0
04734,1.65,1.9,0.0,0.8,0.35,0.0,12.8
04735,0.0,0.0,1.525,0.45,0.25,0.0,0.3
04736,0.0,14.05,0.0,0.525,0.0,0.0,0.0
04738,0.0,0.65,0.0,0.35,0.0,0.6,0.0
04739,0.0,0.153,1.15,0.0,0.0,1.1,0.0
04740,11.6,2.325,0.0,0.0,0.0,0.0,0.0
04741,0.0,0.475,0.0,0.0,19.85,6.5,0.45
04742,0.175,0.8,0.0,0.0,0.0,0.0,0.0
04743,0.0,0.1,0.0,0.0,0.0,0.0,0.0
04744,0.0,0.55,0.0,0.0,0.0,0.0,0.0
04745,0.0,0.0,0.0,1.05,0.0,0.25,0.0
04746,0.0,0.55,0.85,0.0,0.0,1.225,0.396
04747,0.51,10.25,1.25,0.8,0.0,1.3,7.95
04750,0.25,0.0,2.1,0.0,17.95,0.15,0.3
04751,0.0,0.0,0.0,1.9,0.0,0.0,0.0
04752,0.0,0.0,0.0,2.35,0.0,0.71,0.8
04753,0.0,1.65,0.35,0.0,0.0,5.446,0.15
04754,0.8,0.0,0.0,0.0,1.25,2.6,0.0
04755,0.0,0.0,0.4,0.0,0.0,0.0,0.0
04756,0.0,0.0,0.0,0.3,0.0,0.0,0.0
04757,0.0,1.3,0.0,0.0,0.0,0.0,0.2
04760,0.0,0.0,0.49,0.0,0.0,0.0,0.0
04761,0.975,0.0,0.0,0.0,0.0,0.85,0.0
04762,0.0,0.0,0.0,7.95,0.0,0.0,0.0
04763,0.0,0.55,0.0,5.2,0.275,0.0,0.15
04764,0.0,1.725,0.396,0.0,0.0,0.0,0.0
04766,9.9,0.0,0.0,0.0,0.0,0.0,0.0
04768,0.0,0.0,0.0,0.0,3.9,0.0,0.0
04770,6.55,0.0,0.0,0.463,0.0,0.0,0.0
04772,4.6,0.3,0.0,0.24,0.0,0.0,0.475
04773,0.0,0.0,0.0,0.0,0.0,0.0,3.4
04774,0.0,0.0,0.0,0.0,0.0,0.0,0.0
04775,0.0,0.0,0.0,0.0,0.35,0.55,0.55
04776,0.0,0.7,0.95,2.6,3.1,0.0,0.0
04777,0.8,0.0,0.0,0.0,0.0,25.65,0.8
04781,0.0,1.75,0.0,1.733,0.083,0.0,0.0
04782,0.0,0.0,0.0,1.018,0.0,0.0,1.75
04783,2.9,0.0,0.05,0.0,0.0,10.85,0.0
04784,2.6,0.0,0.175,0.0,0.0,0.0,1.3
04785,1.9,0.55,0.0,0.0,2.5,0.0,0.0
04787,0.5,0.0,7.9,0.0,0.0,0.0,0.0
04788,0.173,0.0,0.0,0.0,0.0,2.275,0.0
04789,0.0,0.0,0.0,0.0,0.0,0.0,1.55
04794,0.966,0.0,0.0,0.117,1.9,0.0,0.0
04795,0.0,2.825,0.0,0.0,0.566,0.0,1.75
04802,0.0,0.0,0.0,0.0,6.025,0.0,0.0
04803,0.0,0.35,0.0,0.0,1.95,0.0,0.0
04805,5.675,3.8,1.15,5.4,0.0,0.0,0.1
04806,0.0,0.0,0.0,5.2,0.0,0.0,11.35
04807,0.25,0.0,0.0,0.0,0.0,0.0,0.0
04809,5.7,0.0,3.775,0.0,0.15,11.83,0.55
04810,0.0,7.05,0.4,0.0,3.875,0.0,2.6
04811,0.0,1.975,0.0,0.2,0.0,0.0,0.0
04812,0.15,1.6,0.2,0.75,0.3,0.0,0.45
04813,0.0,0.0,0.383,0.0,0.0,0.0,1.05
04814,8.1,0.0,2.167,11.458,0.0,0.55,1.267
04815,1.85,0.0,2.15,23.1,0.85,0.15,0.25
04816,0.0,0.2,3.1,0.0,0.0,10.325,0.0
04820,0.0,0.0,0.0,0.0,0.7,0.0,0.0
04821,0.0,0.0,0.5,21.0,1.0,0.3,0.35
04822,4.1,0.483,43.15,0.0,7.55,0.833,0.0
04823,0.0,0.833,0.0,12.2,3.1,1.883,0.0
04824,0.125,1.55,0.0,0.375,0.0,0.0,0.0
04826,3.6,0.0,0.0,0.0,0.183,0.0,0.0
04827,0.0,0.125,2.6,2.95,0.0,0.45,0.475
04828,0.15,0.0,0.0,0.0,8.7,0.0,0.0
04829,0.0,0.2,4.15,21.3,0.0,3.725,1.45
04830,0.0,0.0,0.0,0.9,15.066,0.5,0.5
04831,1.0,0.0,0.7,0.0,0.0,0.0,1.2
04832,0.0,0.0,0.193,0.0,0.0,0.2,0.175
04833,0.0,0.15,8.3,0.25,0.0,0.575,5.6
04835,0.2,0.0,10.75,14.95,0.0,0.0,0.0
04836,0.0,24.32,5.45,0.0,2.15,3.0,6.535
04837,0.0,5.2,0.0,0.0,0.0,0.0,0.0
04840,0.0,0.0,7.4,1.05,1.9,1.25,1.1
04841,1.45,0.607,0.0,0.463,0.15,3.007,0.125
04842,11.1,0.0,12.75,0.05,0.0,0.459,0.4
04843,3.629,0.25,11.317,0.0,2.117,0.0,0.0
04844,0.0,1.2,1.45,12.683,18.725,0.6,12.625
04845,3.825,2.65,3.5,0.0,0.5,0.35,0.0
04846,0.0,0.0,0.0,0.0,0.0,0.0,0.0
04847,0.3,0.0,7.7,0.15,0.55,1.383,1.95
04848,7.0,0.688,0.0,0.0,0.0,31.4,0.0
04849,0.0,12.6,1.25,1.6,2.5,0.35,1.15
04850,0.0,0.0,0.0,3.6,0.0,0.925,1.11
04851,1.6,0.0,10.8,0.0,0.0,6.725,1.46
04852,0.0,0.0,2.646,1.6,1.383,1.343,1.45
04853,4.25,0.05,0.0,0.0,0.0,0.0,0.0
04854,0.15,1.967,0.0,4.888,0.0,0.25,0.25
04855,21.2,1.35,2.783,8.45,0.7,1.11,0.0
04856,0.49,3.55,2.61,0.0,0.82,0.0,0.0
04857,0.733,0.0,5.45,0.85,1.05,0.0,1.2
04858,0.05,0.9,0.792,0.0,0.0,0.0,0.547
04859,0.0,0.7,0.0,0.0,0.0,0.0,0.15
04860,0.95,1.25,0.0,0.0,0.45,0.0,0.0
04862,0.0,0.4,0.0,0.0,0.0,0.0,0.97
04863,2.25,1.975,0.0,1.92,0.6,0.0,0.0
04864,35.25,1.35,0.145,0.0,0.0,0.0,0.5
04865,0.7,0.0,0.0,0.0,0.0,0.0,0.45
04866,0.0,0.0,1.65,0.0,0.0,0.0,0.0
04870,0.0,0.7,0.0,0.0,0.0,4.1,0.0
04875,0.0,0.0,0.0,0.0,0.0,0.0,0.0
04877,0.0,0.0,0.0,9.574,0.0,0.0,0.0
04880,0.6,1.265,2.25,1.2,0.0,0.7,0.65
04881,0.0,0.0,0.0,0.792,0.0,0.0,0.0
04882,1.375,0.0,0.0,0.0,0.0,0.0,0.0
04883,0.05,0.295,0.0,4.267,0.0,0.7,0.2
04884,0.0,0.0,0.0,0.0,0.0,0.0,0.0
04888,0.396,0.0,1.144,0.501,0.0,1.0,0.0
04890,1.0,7.505,0.0,17.575,1.575,0.0,3.6
04891,0.4,0.0,0.0,0.0,0.0,0.7,0.0
04892,0.0,0.0,0.0,0.8,0.0,0.0,0.0
04893,8.292,0.3,0.0,0.0,0.0,0.0,0.0
04894,4.35,0.0,0.0,0.0,0.0,0.4,0.0
04895,5.2,0.0,2.084,0.68,0.2,0.0,1.5
04896,2.3,10.1,0.0,0.238,0.0,0.0,0.0
04902,3.25,0.0,14.0,1.588,0.0,0.0,2.55
04904,0.0,0.125,0.0,3.75,0.0,1.55,13.181
04905,0.0,0.0,1.05,0.0,0.5,0.0,0.15
04909,0.0,0.1,0.0,0.0,2.6,0.0,0.0
04910,2.538,0.0,0.0,0.0,0.0,0.0,0.25
04911,0.0,1.5,8.319,1.0,0.15,9.983,0.61
04912,0.6,0.0,0.336,0.0,0.45,0.0,0.0
04913,8.6,0.0,0.35,0.0,0.0,0.0,2.55
04914,0.8,0.35,0.426,0.0,0.0,0.0,0.0
04915,0.0,0.2,0.0,0.45,0.0,0.0,1.125
04916,0.0,0.0,0.875,0.0,0.0,0.0,0.25
04917,1.0,0.0,1.65,2.6,0.0,2.55,0.416
04918,3.1,1.232,11.875,0.0,6.95,0.0,0.0
04920,0.35,3.0,0.0,0.0,0.0,0.0,0.0
04921,0.0,0.0,0.0,0.0,0.0,0.0,0.0
04922,0.0,0.0,0.0,0.0,0.0,0.0,0.0
04923,0.0,5.0,0.0,0.541,0.0,0.0,0.0
04925,0.0,3.8,0.0,0.0,0.0,0.0,0.0
04926,1.55,0.0,0.0,0.0,0.0,0.0,0.0
04929,0.3,1.6,0.0,0.0,0.0,4.901,1.725
04930,0.35,2.134,0.0,2.775,0.4,0.0,0.2
04931,0.0,0.0,0.6,0.0,0.0,0.0,0.625
04932,0.0,0.0,0.4,6.017,0.0,0.0,0.0
04935,0.0,0.0,0.0,0.55,0.0,0.0,0.0
04937,0.0,1.1,0.525,3.45,0.275,1.9,0.0
04938,0.0,0.0,15.35,0.6,25.7,1.45,0.0
04939,0.275,0.2,6.3,0.0,0.0,0.0,0.3
04940,0.0,0.0,0.0,0.0,0.0,0.586,0.0
04941,0.257,1.35,0.6,15.6,0.0,0.0,0.95
04942,0.26,3.983,0.05,1.583,0.0,0.4,0.697
04943,2.15,0.1,4.381,0.7,0.0,0.0,0.0
04944,0.0,0.3,0.15,0.0,0.0,0.0,0.0
04945,0.0,1.95,3.85,6.0,0.0,0.0,0.0
04948,0.0,0.0,0.0,0.0,0.0,0.0,0.0
04949,0.0,0.0,0.0,1.017,0.0,0.0,0.525
04950,0.0,0.0,0.0,0.0,0.0,0.0,0.85
04951,0.0,0.0,0.0,0.0,0.85,0.0,0.6
04960,1.816,0.15,0.4,7.15,0.0,0.0,0.0
04961,0.0,0.0,0.584,1.323,0.0,0.0,1.7
04962,0.0,0.0,0.0,0.0,0.0,4.6,0.0
04963,16.0,0.0,0.0,0.0,0.0,0.0,0.55
04965,0.05,0.4,0.0,0.0,0.2,0.0,0.0
04966,0.0,0.0,0.0,0.0,0.0,0.0,0.0
05001,0.0,1.5,1.25,0.0,0.0,0.0,23.5
05002,0.7,1.05,0.0,0.0,0.45,0.0,0.0
05003,0.0,0.35,0.32,8.7,0.0,0.335,0.473
05004,6.1,0.0,0.0,2.1,7.85,1.818,0.0
05005,0.55,1.1,0.0,0.0,8.3,0.0,0.0
05006,3.55,3.45,10.2,4.225,0.725,0.0,21.62
05007,0.2,0.0,12.025,0.0,4.383,4.8,2.5
05008,0.0,0.2,0.0,1.6,0.0,0.0,7.55
05009,0.7,0.0,0.15,1.233,13.22,2.35,1.4
05010,3.2,0.0,2.35,2.4,0.0,0.0,4.193
05011,0.0,0.0,1.343,2.619,2.95,0.0,0.175
05012,0.0,9.125,2.6,4.014,0.0,0.0,0.55
05013,4.914,1.813,0.0,0.65,0.39,0.3,0.63
05014,0.1,0.283,0.0,0.0,0.45,1.9,11.85
05015,0.0,0.0,1.175,2.132,0.0,0.0,3.4
05016,0.7,0.4,0.0,0.4,0.5,2.302,0.25
05017,30.693,8.008,3.29,0.88,1.2,0.7,8.65
05018,0.258,1.17,0.584,0.2,22.85,0.6,6.467
05019,5.9,0.525,0.15,0.4,7.55,0.1,0.0
05020,8.3,0.0,2.05,0.7,4.75,0.8,1.928
05021,2.446,9.225,0.35,2.325,0.342,1.7,1.25
05022,6.95,0.0,0.0,0.175,0.0,0.0,0.0
05023,0.0,0.0,0.15,0.0,16.125,0.0,0.0
05024,0.0,6.2,0.0,0.6,0.0,0.0,0.2
05025,0.6,0.84,1.7,1.76,9.918,0.0,0.0
05026,0.2,0.78,0.0,1.1,1.3,9.8,0.0
05027,0.35,0.35,2.15,0.0,0.0,1.75,1.55
05028,0.0,0.0,0.0,0.0,0.2,0.435,0.0
05029,0.0,0.0,0.0,0.0,0.0,0.25,0.0
05030,0.533,0.0,0.0,3.367,4.317,0.0,0.0
05033,0.0,0.0,0.0,2.4,0.5,3.7,0.0
05034,0.1,0.0,0.0,0.0,0.0,0.0,0.0
05036,8.65,16.4,5.5,3.0,0.0,1.1,11.0
05037,0.0,0.0,0.1,0.0,1.5,0.0,0.941
05038,1.8,0.15,0.35,0.0,1.6,6.15,0.0
05041,0.0,0.0,0.0,0.0,0.0,0.8,0.2
05042,0.0,11.05,0.0,0.0,0.0,0.982,0.0
05043,7.438,2.1,0.0,0.0,0.461,0.0,0.0
05044,0.0,0.9,0.444,0.0,0.0,0.0,2.917
05045,0.0,0.0,0.0,0.0,0.35,0.0,0.0
05046,0.0,0.2,0.0,0.0,0.0,0.0,2.4
05047,1.143,1.867,0.6,0.76,0.0,0.45,0.0
05048,0.0,0.0,1.2,0.35,0.0,12.9,0.0
05049,1.35,0.0,0.0,0.0,4.4,0.0,1.6
05050,0.39,0.125,0.555,3.25,0.0,0.0,0.0
05051,0.25,0.4,4.9,18.875,0.15,0.1,1.3
05054,0.15,0.15,9.725,1.75,0.483,0.0,13.65
05055,0.4,0.0,0.0,0.0,0.0,0.0,0.0
05056,0.0,8.55,0.0,0.6,0.984,0.0,0.6
05057,0.0,0.0,0.175,0.0,0.0,0.0,0.0
05058,0.0,4.338,0.0,0.0,0.56,0.6,0.0
05059,0.0,0.0,1.7,0.0,5.35,0.0,0.0
05060,0.0,7.075,1.207,0.5,0.0,0.0,0.0
05061,0.0,0.5,1.6,0.0,0.594,0.0,0.15
05065,1.15,0.0,0.0,1.111,4.75,0.0,0.15
05068,0.0,0.0,1.867,0.0,0.0,0.0,0.0
05069,1.35,1.1,0.85,0.0,0.0,0.0,0.0
05072,0.0,0.0,0.0,0.0,0.0,0.0,0.0
05073,0.0,0.267,0.0,0.0,0.18,0.0,0.0
05074,4.2,0.0,0.0,5.95,0.7,24.2,0.0
05075,0.25,0.705,2.65,0.1,0.55,0.0,0.188
05076,0.0,7.6,0.0,0.0,0.0,0.0,0.0
05077,0.0,0.0,1.0,0.0,1.2,0.6,0.0
05080,0.0,0.0,0.0,0.0,0.0,0.0,0.0
05081,0.7,0.0,0.0,0.0,0.0,0.0,0.0
05083,5.45,0.185,1.85,1.4,3.95,4.8,2.2
05084,0.0,0.0,0.0,0.0,0.0,0.0,0.0
05085,0.725,0.0,0.0,0.2,0.0,0.0,0.0
05086,0.0,6.038,6.6,0.0,0.0,0.0,0.0
05087,0.0,0.0,0.0,0.15,0.0,0.0,0.95
05088,5.8,0.25,0.0,0.0,0.0,0.0,0.0
05089,0.4,2.45,1.15,1.85,0.34,5.2,3.157
05092,0.85,1.784,0.0,0.0,0.15,0.0,0.0
05093,1.5,0.0,0.0,0.4,7.95,0.0,1.4
05095,0.0,1.35,0.0,0.0,0.0,0.0,0.0
05101,0.4,0.0,0.0,2.65,0.0,0.0,0.2
05102,0.0,0.0,0.8,9.95,0.0,0.15,0.0
05103,0.0,0.7,0.0,0.0,0.0,0.0,0.0
05104,0.0,0.226,0.0,0.0,0.0,0.0,0.0
05105,0.0,0.0,0.0,0.0,0.0,0.0,0.0
05106,0.0,1.25,0.0,0.0,0.0,0.85,0.0
05107,2.1,0.385,0.0,0.0,0.0,0.0,0.0
05108,15.05,0.0,0.3,3.5,1.752,0.0,0.675
05109,0.0,0.15,0.0,0.0,0.0,0.0,0.0
05110,0.4,0.0,1.1,0.0,0.0,0.0,0.0
05114,0.0,0.0,0.0,0.0,2.35,0.0,0.7
05115,0.0,0.0,0.0,0.35,0.0,0.0,2.425
05116,0.15,0.0,0.0,0.0,0.0,0.0,0.0
05117,0.0,0.0,7.3,0.0,7.65,0.0,0.0
05119,5.467,0.0,0.0,0.0,1.425,0.0,0.0
05120,1.047,0.0,0.0,1.0,0.0,0.0,0.0
05121,0.0,0.0,0.65,0.0,7.6,0.0,0.6
05122,0.25,0.0,0.0,0.0,8.35,0.0,0.0
05123,0.0,0.0,0.0,0.0,0.0,0.0,0.481
05124,0.0,3.0,0.0,0.0,5.4,0.0,0.0
05125,0.0,7.0,0.528,0.25,0.0,0.0,0.8
05126,0.0,14.15,0.0,0.0,0.0,1.4,0.325
05127,0.0,0.0,0.0,0.0,0.0,0.0,0.0
05128,1.35,3.25,0.0,2.877,3.013,1.65,0.1
05131,0.0,0.0,1.4,2.275,0.0,1.867,0.0
05132,0.0,1.05,0.0,0.0,0.0,0.125,0.0
05133,0.727,8.15,0.3,0.175,0.0,0.0,0.35
05134,0.0,3.458,0.0,1.65,0.0,0.0,0.0
05135,0.0,0.0,0.0,0.0,0.35,0.0,0.0
05136,0.825,0.7,13.9,29.75,0.6,0.0,0.2
05138,4.7,0.875,5.35,5.2,0.0,1.25,0.55
05140,0.0,0.0,0.0,0.0,0.0,0.0,0.0
05141,0.0,0.6,4.825,0.0,5.85,0.0,0.0
05143,0.3,0.35,8.6,0.5,1.864,11.4,0.0
05144,0.0,0.0,0.7,0.0,0.0,0.0,0.0
05145,8.705,1.725,2.35,12.133,6.575,2.209,0.75
05154,10.225,0.0,0.0,0.0,0.0,1.65,0.0
05158,0.4,0.1,0.0,1.2,0.0,0.0,0.3
05159,1.2,0.0,0.0,0.0,3.2,0.0,0.0
05160,0.65,0.0,0.0,0.0,0.0,0.0,0.0
05161,0.157,0.0,1.11,2.1,0.0,1.5,0.0
05162,1.275,0.0,0.0,0.0,0.0,0.1,0.0
05164,0.0,0.6,2.134,0.1,0.55,0.0,0.336
05165,0.0,2.708,0.0,16.4,0.45,0.0,0.0
05170,0.625,0.0,0.0,0.0,0.0,0.0,0.0
05171,7.786,13.625,1.483,2.95,8.364,0.2,30.934
05172,10.825,2.45,0.15,1.95,0.363,0.4,0.0
05174,1.538,3.5,4.147,0.5,0.0,1.8,0.0
05175,0.0,10.45,0.3,0.25,0.0,0.0,0.0
05176,0.0,0.0,0.275,0.0,0.0,0.0,0.0
05177,0.0,0.0,0.075,0.0,0.0,0.0,0.0
05180,0.0,0.0,0.0,0.0,0.0,0.0,0.0
05181,0.1,0.0,2.15,7.5,0.0,1.366,0.05
05182,1.75,5.486,0.0,0.0,3.725,0.0,0.15
05183,0.0,0.0,0.0,1.15,0.3,0.0,1.65
05184,0.4,2.35,0.0,0.0,0.0,0.0,0.625
05185,0.0,11.25,2.51,2.95,0.0,0.0,0.0
05186,0.0,0.0,0.0,0.85,0.0,7.9,2.384
05187,0.0,3.2,10.95,2.85,0.147,0.8,7.15
05201,0.0,2.65,0.0,0.0,2.6,0.0,0.0
05202,0.0,0.6,5.95,0.584,0.6,0.0,3.325
05203,0.0,0.6,0.0,1.7,0.0,0.0,0.0
05204,0.0,0.0,0.0,0.675,0.0,0.0,0.0
05205,0.0,0.45,0.0,0.0,0.0,0.0,5.875
05206,2.2,0.0,1.7,0.45,0.0,0.0,0.0
05207,1.8,0.0,0.0,0.0,0.0,1.0,1.825
05208,0.0,0.0,1.2,0.0,0.0,0.0,0.0
05209,0.3,0.0,0.9,1.15,0.0,0.0,0.0
05210,0.98,0.1,1.243,0.0,0.0,6.15,0.0
05211,0.0,0.0,0.0,0.0,0.0,0.0,0.0
05212,1.2,0.0,0.0,0.0,0.7,0.0,0.0
05215,0.0,0.0,0.75,0.0,0.0,0.0,0.0
05223,0.05,0.0,0.425,3.634,0.0,0.0,0.0
05240,0.0,0.0,0.0,0.0,0.0,0.0,0.363
05263,0.0,0.0,0.0,0.0,0.0,0.0,0.128
05265,0.0,1.55,0.0,0.0,0.0,0.0,0.0
05266,0.0,0.0,0.0,0.0,0.15,0.665,0.0
05267,0.3,0.0,4.888,0.758,0.0,0.0,0.35
05268,0.0,0.0,0.0,0.175,0.313,1.1,0.0
05269,0.0,0.0,1.05,0.0,0.0,0.0,0.15
05270,0.0,1.4,0.0,0.0,0.0,0.0,0.0
05271,0.2,0.0,0.386,0.583,2.65,0.0,1.193
05272,1.85,0.0,0.0,7.75,0.0,0.4,0.0
05273,0.0,0.0,0.0,0.0,0.0,0.15,0.0
05280,0.0,1.2,0.0,0.0,0.0,0.0,0.0
05282,0.0,0.0,0.0,0.0,0.0,0.0,0.0
05283,0.575,0.0,0.0,0.0,0.0,0.0,0.85
05302,2.9,23.963,5.63,0.0,0.317,4.004,0.98
05303,0.29,0.75,2.842,0.8,6.245,0.575,5.425
05304,1.1,0.0,0.0,0.0,0.0,0.0,0.0
05305,0.0,0.85,0.225,0.2,2.2,0.0,0.05
05307,0.0,0.0,0.0,0.0,1.95,0.0,0.0
05311,0.0,16.425,0.1,56.1,0.974,1.0,5.725
05314,0.0,0.0,0.15,3.0,0.0,0.0,0.0
05315,0.0,0.0,0.0,0.0,0.0,0.0,0.15
05316,0.0,0.0,0.0,0.0,0.2,0.0,0.0
05318,30.225,0.7,0.0,1.15,0.0,0.25,0.0
05319,0.5,3.05,0.0,0.1,0.908,0.0,0.161
05322,0.0,0.0,0.0,0.0,0.0,0.0,0.0
05323,0.0,0.0,0.0,0.525,0.2,0.15,2.85
05327,0.65,0.0,0.0,0.0,0.0,0.0,0.0
05328,6.51,0.0,0.0,0.0,0.0,0.0,0.147
05329,0.05,0.0,0.0,1.6,0.0,0.0,0.0
05330,0.15,0.0,0.0,0.0,0.0,0.21,0.675
05331,4.6,0.396,0.0,0.0,0.0,1.45,0.0
05332,0.0,0.0,0.0,0.0,0.0,0.8,5.3
05333,0.0,0.1,0.15,0.0,0.0,0.0,0.0
05334,0.0,0.0,0.75,0.0,0.0,0.0,0.0
05335,3.35,0.0,0.4,3.276,0.0,0.175,0.0
05336,0.0,0.0,0.0,0.0,0.0,0.0,0.0
05337,0.0,0.2,0.0,0.0,0.4,0.0,0.0
05338,1.95,0.0,0.0,0.4,2.45,0.0,2.533
05339,0.0,0.0,0.0,0.0,0.0,0.0,0.5
05340,0.0,0.0,0.0,0.0,3.995,2.1,0.0
05343,0.0,0.3,0.0,0.0,0.0,0.2,0.0
05344,0.125,1.05,0.606,0.0,1.14,0.2,0.0
05345,6.45,0.0,6.51,0.3,30.0,0.0,1.6
05346,0.0,0.0,0.0,0.0,1.25,0.0,0.0
05347,0.3,0.0,1.143,0.0,0.8,0.0,0.0
05348,0.57,0.0,0.0,0.0,0.0,3.5,0.0
05350,0.175,0.0,0.0,1.825,15.225,0.0,0.0
05351,0.45,0.2,6.313,2.8,0.7,10.452,0.0
05352,7.683,0.0,4.0,0.0,0.0,0.0,0.0
05353,0.0,30.0,4.55,0.0,0.25,2.045,0.528
05356,1.25,0.0,0.0,0.0,0.0,0.15,0.0
05358,2.49,0.0,0.0,5.55,0.0,0.0,0.292
05359,0.0,1.2,0.0,2.0,0.0,34.2,0.0
05360,0.0,1.35,0.622,0.0,0.0,0.0,0.0
05361,0.0,0.0,0.0,0.0,0.6,0.0,0.0
05362,0.0,0.0,0.15,0.0,0.7,0.0,0.0
05363,0.517,0.86,0.0,0.0,0.2,0.0,3.5
05364,0.0,0.333,0.0,0.0,9.05,0.0,0.0
05365,0.0,0.25,0.0,1.85,7.0,1.5,1.31
05366,0.277,0.0,0.0,0.0,0.95,2.7,0.69
05367,0.0,0.0,0.0,0.0,0.6,0.95,0.0
05368,0.0,0.0,0.725,0.5,0.0,0.0,0.0
05372,0.425,0.0,1.8,3.05,0.0,9.068,0.0
05374,0.0,0.65,23.85,0.0,0.321,0.0,1.25
05376,0.8,9.75,0.0,0.0,0.4,0.0,0.0
05379,2.313,0.0,0.25,1.566,0.0,0.1,0.95
05382,1.75,1.55,0.0,0.15,0.0,3.967,4.508
05386,18.4,0.0,0.4,0.0,0.363,0.0,2.49
05387,0.0,0.0,0.0,1.8,0.05,0.0,0.0
05388,0.0,0.4,0.15,0.0,0.0,0.0,0.0
05396,0.0,10.15,0.0,0.0,0.15,2.134,2.027
05397,3.1,1.683,1.714,0.0,5.875,9.9,0.0
05398,0.0,0.15,0.2,0.25,1.4,0.3,0.0
05399,0.0,0.555,0.0,0.0,0.0,0.0,0.0
05401,3.053,0.0,0.4,1.25,2.8,0.0,0.0
05402,0.0,0.0,0.0,0.15,0.0,0.0,0.35
05403,0.167,9.65,1.525,0.0,0.0,0.0,0.0
05404,1.39,5.9,0.0,0.0,0.425,0.0,2.45
05405,9.05,0.0,0.35,6.35,28.888,0.45,1.666
05406,2.5,0.0,0.2,1.11,0.0,0.0,0.0
05407,3.15,0.7,0.0,1.2,0.0,0.0,1.523
05408,1.8,0.0,0.35,0.0,0.0,0.0,0.0
05409,3.525,20.996,2.75,12.814,0.413,0.0,5.5
05410,4.1,6.05,3.938,10.988,1.7,3.033,8.15
05411,0.4,0.0,0.36,0.0,0.0,0.35,0.4
05412,1.965,0.207,2.175,0.0,2.0,3.45,0.75
05413,0.0,0.351,0.0,0.0,1.45,0.3,0.0
05414,0.2,0.0,2.85,7.45,2.0,0.8,0.0
05415,0.525,0.6,17.641,10.45,0.75,3.525,7.59
05416,19.55,0.3,0.95,1.65,4.1,4.1,0.0
05417,6.45,1.667,1.05,0.0,2.75,1.3,3.9
05418,0.0,0.0,0.0,0.0,0.0,0.0,0.0
05419,0.0,22.55,0.57,0.0,0.0,0.0,0.0
05420,0.0,0.0,0.25,17.5,0.0,0.0,0.0
05421,0.0,0.0,0.0,0.0,2.1,0.1,1.05
05422,0.0,0.0,0.15,1.25,0.35,0.0,0.25
05423,0.0,0.0,0.35,0.0,0.9,0.0,0.0
05424,1.5,1.6,0.0,4.1,0.0,7.4,0.0
05425,0.0,7.0,0.0,0.5,0.2,0.184,0.15
05427,2.826,1.825,0.0,0.0,0.0,0.0,0.4
05428,0.0,9.96,0.0,1.084,0.0,0.0,1.15
05429,0.0,0.05,0.2,0.0,0.3,0.3,0.0
05432,0.0,0.0,1.05,0.0,6.025,0.0,0.0
05433,0.0,0.0,0.0,0.0,3.2,1.5,0.0
05434,2.9,0.0,0.0,2.4,15.475,0.0,0.2
05435,2.525,18.183,0.0,0.0,0.95,0.0,0.0
05436,0.0,10.8,0.0,0.0,3.65,0.0,0.0
05437,0.3,0.0,0.0,0.0,0.0,0.0,0.0
05438,7.583,0.0,0.0,0.0,1.75,0.0,8.631
05439,0.058,0.0,0.0,0.4,0.0,0.3,0.0
05440,0.517,0.0,2.1,0.0,0.0,0.0,0.375
05441,0.0,0.0,0.45,0.0,0.0,0.0,0.0
05442,0.0,0.125,0.0,0.0,0.394,0.0,0.0
05443,0.0,1.413,5.326,0.0,0.0,0.0,30.0
05444,0.0,0.0,1.2,0.0,0.6,0.0,0.0
05445,0.0,0.0,7.663,0.3,0.0,0.0,0.0
05446,0.0,0.0,5.1,0.0,0.0,0.0,3.85
05447,0.0,14.15,0.0,1.6,0.0,0.4,0.0
05448,1.813,0.0,0.0,0.0,0.0,3.2,0.0
05449,0.75,0.0,0.0,0.0,0.0,0.0,0.0
05450,0.0,0.4,0.0,0.0,0.0,0.0,1.1
05451,0.15,0.5,0.321,0.0,0.5,0.0,0.0
05452,0.0,1.1,0.0,0.0,0.213,0.0,0.0
05453,0.0,0.0,0.0,9.55,0.0,0.0,0.0
05454,0.0,0.0,0.0,0.0,2.7,0.0,0.0
05455,0.0,0.0,0.0,0.0,2.0,0.0,0.0
05459,0.0,0.0,0.0,0.0,2.3,0.0,0.0
05460,0.0,0.0,0.35,0.0,0.0,0.0,0.0
05462,1.65,0.0,0.1,0.0,0.0,0.0,0.0
05463,0.0,0.0,0.0,0.55,0.0,0.0,0.0
05464,0.0,0.0,0.0,0.0,7.2,0.0,0.0
05465,0.0,0.0,0.0,0.0,0.4,0.0,0.0
05466,0.0,1.45,0.0,0.0,0.0,0.321,1.35
05468,7.596,1.5,2.6,2.0,1.997,6.6,0.2
05469,0.15,0.8,21.1,0.9,0.0,0.15,1.25
05470,0.0,0.0,0.0,0.0,0.0,0.0,0.0
05477,0.33,0.85,0.0,0.0,0.0,0.0,0.0
05501,1.65,0.0,0.0,0.0,0.0,0.0,0.35
05502,0.0,0.0,0.0,0.0,0.0,7.35,0.0
05503,1.8,0.0,0.0,10.8,0.0,0.0,0.0
05508,0.0,5.2,0.0,0.85,0.3,1.367,16.9
05509,2.5,3.85,0.15,8.3,0.0,0.0,0.0
05510,0.0,0.0,0.0,0.0,0.0,0.95,0.0
05511,0.0,0.0,0.0,2.366,0.0,0.0,0.0
05512,0.0,0.485,0.0,0.0,6.6,0.0,0.0
05514,0.0,0.0,0.0,0.0,0.15,0.0,0.0
05515,0.0,0.95,0.0,0.0,0.0,0.0,0.0
05516,0.3,1.0,0.0,0.314,0.9,0.0,0.0
05518,0.0,0.7,0.15,0.0,0.0,0.0,0.0
05519,3.0,0.0,0.0,0.0,0.0,0.0,0.0
05520,0.0,0.0,0.0,0.0,0.2,0.0,0.5
05521,0.0,0.0,0.0,0.0,0.0,0.0,0.0
05522,0.0,0.0,0.0,0.0,0.9,0.0,0.0
05523,0.0,0.0,0.0,0.0,14.55,0.0,0.0
05524,0.0,0.35,0.0,0.0,0.0,0.0,0.0
05525,0.0,0.0,0.0,1.017,0.2,0.0,0.2
05527,0.0,0.0,0.0,0.0,0.0,0.15,0.0
05528,1.0,2.35,0.598,0.2,0.75,0.125,0.6
05529,0.0,0.0,0.0,1.013,0.0,0.0,0.0
05531,0.0,2.0,0.0,0.0,0.0,0.0,0.0
05533,0.0,0.0,0.0,0.1,0.0,0.0,0.0
05535,0.887,0.0,10.292,0.0,0.0,0.0,0.0
05536,0.0,0.6,0.0,0.0,0.0,0.0,0.0
05537,0.0,0.15,0.0,0.0,0.0,0.0,0.0
05538,0.0,0.0,6.05,0.0,0.0,0.0,0.0
05539,0.0,0.0,0.0,0.0,0.0,10.75,0.0
05540,0.0,0.55,0.067,9.05,0.0,0.0,1.644
05541,21.4,0.0,0.0,1.5,0.425,10.83,9.1
05542,0.0,0.0,0.0,15.925,1.25,0.684,0.0
05543,0.0,0.0,0.0,0.0,0.0,0.0,2.0
05544,0.0,0.65,0.95,0.0,0.3,0.0,0.925
05545,0.6,0.0,1.65,0.0,0.0,0.0,0.0
05546,0.0,0.0,0.0,0.0,1.867,0.0,0.15
05547,0.0,1.558,0.55,0.0,0.434,0.4,0.25
05549,0.0,0.0,1.7,0.15,0.95,1.933,0.0
05550,0.0,0.0,0.0,0.0,0.0,3.6,0.0
05551,0.0,0.0,0.5,0.0,1.6,0.0,0.0
05560,0.0,0.0,0.0,0.0,0.0,0.0,0.0
05564,0.544,0.0,0.0,0.0,0.0,0.0,0.0
05565,21.1,0.396,0.2,0.0,3.05,13.95,0.0
05567,0.15,0.0,10.05,0.0,0.0,2.388,0.0
05568,1.7,4.922,0.0,0.25,0.0,0.0,0.85
05569,0.0,0.0,0.0,0.0,0.0,4.475,0.0
05570,1.663,0.0,0.0,0.0,0.0,0.0,0.0
05571,0.0,0.0,0.0,0.0,7.85,2.45,1.2
05572,1.1,1.2,0.68,2.7,0.233,0.0,0.0
05573,0.0,0.0,0.0,0.0,0.85,0.0,0.0
05574,0.0,0.0,0.0,0.95,0.0,0.325,1.238
05576,0.0,0.0,0.0,0.0,0.0,0.0,0.75
05577,15.75,2.525,10.092,0.15,0.247,0.0,1.4
05579,0.0,0.75,0.0,0.0,19.25,0.0,0.0
05580,0.0,0.0,0.45,0.0,0.0,0.0,0.0
05581,0.0,0.0,3.4,0.0,0.0,0.0,0.0
05582,0.0,0.0,1.35,0.0,0.0,0.0,0.0
05583,3.313,0.0,0.0,0.0,0.0,0.0,0.0
05584,0.0,0.0,0.0,0.0,0.19,0.0,0.0
05585,0.0,0.0,0.0,0.0,0.0,0.45,0.0
05586,0.0,1.2,0.0,0.4,0.0,9.5,4.1
05587,0.0,0.3,14.05,0.0,0.0,0.25,0.0
05588,1.79,0.0,3.275,0.0,1.075,5.683,0.0
05589,0.0,0.0,1.2,0.0,0.0,0.0,0.0
05590,0.0,0.863,0.0,1.482,0.1,0.0,5.441
05591,0.0,0.0,0.0,0.0,0.0,0.0,0.0
05592,0.2,0.15,0.0,0.0,0.0,0.0,0.2
05593,0.0,0.0,1.3,0.0,0.0,14.55,0.0
05594,0.2,0.6,4.6,0.0,3.35,0.0,0.0
05595,0.0,2.75,0.0,0.0,0.2,0.603,0.0
05596,8.0,1.614,0.0,0.2,0.0,0.0,0.3
05601,0.35,0.0,0.0,0.0,0.0,0.0,1.7
05606,0.0,0.0,0.0,0.0,0.6,0.0,0.0
05609,18.3,0.0,0.0,0.0,0.0,0.0,0.0
05611,0.0,0.0,0.0,0.0,0.0,0.275,0.0
05612,0.0,0.0,0.0,0.0,0.35,4.05,0.0
05613,6.05,0.0,0.6,0.0,0.0,0.55,0.0
05614,0.0,0.0,0.0,0.15,0.0,0.0,0.0
05615,0.0,2.55,0.0,0.0,0.0,0.0,0.0
05616,10.125,0.0,12.63,12.95,14.6,0.0,7.35
05617,2.5,0.0,0.8,3.3,0.0,0.0,1.1
05618,10.867,0.0,1.05,0.0,0.0,0.0,0.0
05619,0.0,0.0,0.0,0.0,0.85,0.0,0.0
05621,0.0,0.0,0.0,0.0,0.0,0.25,0.0
05622,0.0,0.4,0.0,0.0,0.0,0.0,1.45
05623,0.175,0.0,0.0,0.0,0.0,0.0,3.9
05624,3.3,0.15,0.0,1.15,0.0,0.5,0.0
05625,7.983,1.394,5.825,1.6,0.0,2.85,0.45
05626,0.0,0.0,0.0,0.0,0.0,0.0,1.0
05627,0.233,0.0,0.0,0.0,0.0,0.0,0.0
05628,0.0,0.0,0.0,0.0,0.0,0.55,0.15
05629,0.0,0.0,0.552,0.0,1.8,0.0,0.0
05630,0.0,0.15,6.975,0.25,0.427,0.0,0.15
05632,3.7,0.5,0.0,6.7,0.0,0.0,0.0
05633,0.0,15.75,0.5,0.75,1.9,1.25,0.0
05634,2.45,1.807,0.85,17.545,0.75,0.35,0.0
05635,0.0,0.0,0.0,0.0,0.0,0.0,0.0
05638,0.175,0.0,0.0,1.05,0.0,0.0,8.5
05639,1.2,0.0,0.65,1.7,1.0,0.0,0.0
05640,22.35,0.63,1.1,0.213,1.0,0.0,0.138
05641,2.95,0.0,21.75,0.1,1.642,4.594,0.55
05642,6.515,0.0,0.0,0.792,0.0,0.0,11.15
05650,0.5,4.881,0.0,0.0,0.0,0.0,0.0
05652,0.0,19.45,0.0,0.0,0.0,0.0,0.0
05653,0.0,0.0,0.0,8.1,0.583,0.0,0.0
05655,0.0,0.0,0.0,25.5,0.0,0.0,0.0
05656,0.0,0.0,0.0,0.0,0.0,0.4,0.0
05657,0.5,0.0,0.65,0.0,0.0,0.0,0.0
05658,0.0,1.25,0.0,0.0,0.0,0.0,0.0
05659,0.75,0.3,0.0,0.0,0.0,0.0,0.0
05661,0.6,0.0,0.0,16.133,0.0,0.0,0.0
05662,0.0,0.7,1.2,0.0,0.0,0.0,0.0
05663,0.0,1.015,0.0,2.0,9.725,1.05,0.0
05664,0.0,0.0,0.0,0.0,0.0,0.0,0.0
05665,2.445,12.0,0.15,0.0,0.0,1.357,0.15
05673,0.0,0.15,0.0,0.0,0.0,0.0,0.0
05675,0.3,0.0,0.0,0.0,0.0,0.0,0.0
05676,0.0,0.0,0.2,0.0,0.0,0.0,0.0
05678,0.0,0.275,0.0,0.0,0.0,0.0,0.0
05679,0.217,0.1,0.0,0.0,1.35,0.2,0.0
05683,0.0,0.0,0.0,0.0,0.0,0.0,0.0
05684,0.0,0.87,0.0,2.2,0.0,21.138,20.0
05685,0.0,0.0,0.0,0.0,0.0,0.0,0.0
05686,0.0,1.5,0.668,4.338,0.35,0.0,0.0
05687,0.0,0.0,0.0,0.0,0.9,0.8,0.7
05688,0.0,0.1,0.0,0.0,0.55,2.1,0.0
05690,0.0,0.0,0.0,0.0,0.2,0.0,0.0
05692,0.0,0.0,0.0,0.0,0.0,0.0,0.0
05704,0.371,0.0,4.4,0.0,0.0,0.0,0.0
05705,0.0,0.475,12.297,1.275,11.5,1.5,0.0
05706,0.0,0.5,0.0,0.0,0.0,0.0,0.0
05707,2.1,1.2,0.0,0.0,0.0,0.0,0.667
05709,11.8,0.0,0.0,0.0,4.338,0.0,0.0
05710,0.0,0.0,0.0,0.0,0.0,0.0,0.0
05711,0.884,0.0,0.58,0.0,0.35,0.0,2.8
05712,0.0,0.0,0.0,0.15,0.967,0.0,0.25
05713,9.3,5.055,10.702,2.426,0.0,0.0,15.0
05715,0.0,0.0,11.113,0.0,0.2,0.0,2.5
05716,0.675,2.65,0.503,0.0,10.95,0.0,0.0
05717,9.85,0.0,0.0,0.0,2.9,4.081,2.3
05723,0.0,0.0,4.3,2.675,0.0,0.475,0.0
05724,0.2,0.6,27.75,0.35,2.0,0.0,0.1
05725,0.0,0.0,0.0,1.15,0.0,0.0,0.0
05726,3.61,2.55,0.55,0.98,12.157,13.867,0.0
05727,20.347,6.5,5.85,0.2,0.55,0.0,2.3
05728,0.0,0.8,0.0,0.0,0.0,2.134,6.236
05729,1.3,0.75,1.944,0.0,0.3,0.2,0.0
05730,0.0,0.0,0.0,0.0,0.0,0.0,0.0
05731,0.9,0.55,0.0,0.0,0.0,0.15,0.0
05734,12.1,1.9,4.95,12.6,1.4,2.4,3.45
05735,3.8,0.0,0.2,0.0,0.292,0.0,0.0
05736,0.0,0.0,0.0,0.0,0.9,0.15,0.0
05741,0.25,2.841,0.0,0.0,0.0,0.0,0.0
05745,0.0,0.3,0.0,0.0,0.0,0.0,0.0
05749,0.0,0.0,0.0,0.0,0.0,0.0,0.0
05750,23.725,0.5,2.575,0.0,1.05,0.7,0.0
05752,0.533,0.76,0.0,5.3,0.0,0.4,0.2
05754,0.584,4.75,6.492,0.0,1.9,1.9,0.0
05755,0.0,0.0,0.0,2.9,0.0,0.0,0.0
05756,23.35,13.05,0.0,8.65,4.3,0.0,0.35
05757,0.0,0.4,0.0,0.0,0.65,0.4,0.25
05758,5.417,0.0,0.35,0.533,0.0,0.8,0.0
05759,0.0,0.0,0.0,0.0,0.0,0.0,0.0
05760,0.2,0.0,0.0,0.0,0.0,0.0,0.0
05761,0.2,0.65,2.151,1.9,0.0,0.0,11.65
05762,0.0,0.0,0.0,0.35,0.0,0.0,0.0
05763,0.0,9.935,1.2,0.2,0.28,0.0,0.603
05765,0.0,0.0,0.0,0.0,0.3,0.0,0.0
05766,0.0,0.7,0.0,0.0,0.0,0.0,0.0
05767,0.65,1.234,0.0,1.15,0.0,0.3,1.55
05772,0.0,1.825,0.0,0.0,0.0,0.0,0.868
05773,1.3,0.0,0.0,2.353,0.0,0.0,1.483
05774,0.0,0.0,0.0,1.383,0.15,3.1,0.0
05775,0.0,6.8,0.0,0.0,0.0,0.792,0.0
05776,0.0,0.0,0.0,0.0,0.0,0.0,0.0
05777,0.0,0.0,3.389,0.0,2.9,0.0,7.942
05778,0.0,3.0,0.322,10.75,8.0,1.5,0.0
05780,0.0,0.5,0.0,0.6,0.0,0.0,0.0
05781,3.05,0.0,0.0,0.0,0.0,0.0,0.0
05782,2.3,6.8,24.549,3.493,1.092,0.8,4.8
05783,1.55,6.35,0.0,0.0,5.3,3.0,22.6
05784,4.55,0.0,0.0,0.0,0.0,9.9,12.291
05785,0.0,0.0,0.0,0.0,0.0,0.0,0.35
05786,166.65,0.0,0.95,0.95,0.0,0.0,12.3
05787,19.134,1.1,0.2,0.0,0.6,0.0,0.6
05788,0.0,0.0,0.0,0.0,0.0,1.2,0.0
05789,0.4,0.0,0.0,0.0,0.0,0.25,0.0
05790,0.0,0.0,1.35,4.65,0.5,0.0,0.65
05791,1.6,10.2,0.2,5.17,0.15,0.0,14.46
05792,0.0,0.0,0.15,1.4,0.813,0.0,0.0
05793,0.0,0.0,0.0,0.0,0.0,0.0,0.0
05794,0.0,0.0,0.0,6.05,0.533,0.7,0.1
05795,0.0,0.0,0.0,0.0,0.0,0.0,0.0
05796,3.4,0.0,0.0,0.0,4.55,0.0,7.55
05797,0.1,3.8,0.6,0.3,0.25,0.0,0.925
05798,0.55,0.0,0.0,0.0,2.3,0.0,0.0
05801,0.0,0.0,0.0,0.6,0.0,0.0,0.188
05802,0.1,0.0,0.0,3.65,0.0,0.15,0.0
05804,0.0,0.0,0.0,1.2,0.0,0.0,0.0
05805,0.0,0.0,0.0,0.95,0.0,0.58,0.525
05812,1.5,0.0,0.0,0.0,0.0,0.0,0.0
05813,0.2,0.0,3.2,0.0,1.4,0.0,0.0
05814,1.825,0.0,0.0,0.85,0.9,0.0,0.0
05815,0.0,0.25,0.1,0.564,0.5,0.0,0.0
05816,0.0,1.55,0.0,0.0,1.05,0.0,0.9
05818,9.375,0.0,0.0,19.7,0.0,7.55,1.75
05819,0.35,0.4,0.0,0.0,0.425,0.4,1.076
05820,0.0,0.3,2.3,0.0,0.3,0.35,0.0
05821,0.154,0.0,0.0,0.0,24.6,0.0,0.983
05822,0.0,0.0,0.329,0.25,1.2,0.0,0.0
05830,0.0,0.0,0.285,0.0,0.0,0.0,0.0
05831,0.0,0.0,0.45,0.0,0.5,0.0,0.342
05832,0.0,0.0,0.0,0.0,0.0,0.0,3.6
05833,0.0,3.65,2.05,0.0,0.25,2.55,0.0
05834,0.0,7.4,0.0,0.0,0.0,0.0,0.0
05835,6.075,1.15,0.625,6.95,8.35,0.0,1.6
05836,0.0,0.0,0.925,0.4,0.0,0.0,0.0
05841,0.0,9.1,0.0,0.0,0.0,0.0,1.4
05842,0.0,0.9,1.05,2.6,0.2,7.9,0.0
05843,0.0,0.41,0.0,0.0,0.0,0.0,0.0
05844,0.25,0.2,1.55,0.0,0.0,0.4,0.0
05845,0.0,0.0,0.273,0.0,0.0,0.0,0.0
05846,0.0,0.0,1.375,0.0,1.163,0.0,0.0
05847,0.0,0.508,2.017,1.475,1.25,1.2,0.547
05848,0.0,0.0,0.0,0.0,0.0,0.0,2.15
05849,0.0,1.95,3.78,0.0,0.0,11.75,10.7
05850,0.75,0.0,0.0,3.0,0.0,0.0,0.0
05851,0.0,0.409,1.38,0.0,0.0,0.0,0.0
05852,1.4,6.55,0.0,0.5,0.0,0.0,0.0
05853,0.0,0.0,0.0,8.25,10.6,3.306,0.0
05854,1.7,7.975,0.0,0.9,0.2,0.0,0.0
05855,0.75,0.0,0.0,0.0,0.0,0.0,0.0
05856,13.5,0.0,0.4,0.0,0.0,0.5,10.8
05857,0.0,0.0,0.0,0.4,2.45,2.25,1.85
05858,1.55,0.0,0.25,0.0,4.45,0.25,0.45
05859,0.264,0.0,0.0,1.85,0.0,0.0,0.0
05860,0.0,0.4,0.0,6.6,0.0,0.0,0.66
05861,0.0,0.7,3.3,3.4,4.41,0.375,0.35
05863,0.0,0.3,3.3,0.0,0.0,0.0,0.0
05864,0.525,0.0,0.0,0.55,0.0,0.0,0.0
05866,0.15,0.0,0.0,0.0,1.025,1.55,0.0
05867,11.6,0.0,0.6,0.0,0.0,0.0,6.15
05868,0.25,10.7,0.0,0.3,0.45,1.981,0.2
05869,0.85,1.75,0.0,0.0,0.0,0.0,0.0
05870,0.0,0.0,0.0,0.0,1.9,0.183,1.083
05871,0.25,0.0,0.0,2.1,0.0,0.0,0.0
05872,6.6,0.0,0.0,0.0,0.0,0.45,0.0
05873,0.0,4.05,0.0,0.9,0.0,0.0,0.3
05874,0.0,0.71,0.0,0.0,0.0,0.0,0.0
05875,0.5,0.0,0.0,0.0,0.825,0.0,0.0
05876,0.2,1.2,0.0,0.0,0.0,0.0,0.0
05877,2.45,0.0,0.0,0.0,13.45,0.35,0.483
05878,0.0,13.48,0.0,0.0,0.0,0.0,0.0
05879,0.0,0.0,0.0,0.1,11.1,0.225,0.975
05880,0.0,0.0,0.0,0.513,0.0,0.0,0.0
05881,0.541,21.669,0.0,0.2,0.65,0.0,0.0
05882,0.2,0.35,0.2,1.7,0.0,0.0,0.505
05883,0.45,0.0,0.7,0.0,0.0,1.2,0.0
05884,0.4,0.0,1.5,0.0,5.85,2.4,0.65
05885,0.0,17.1,0.0,11.1,0.85,0.0,0.0
05886,0.0,1.076,0.0,0.625,0.95,0.0,0.0
05887,1.05,1.05,0.05,0.5,1.75,0.0,0.0
05888,0.0,0.0,0.175,0.0,0.0,0.0,1.7
05889,0.0,3.0,0.25,0.191,0.0,0.0,0.0
05890,4.45,0.0,0.3,0.328,0.25,3.75,0.0
05891,0.0,2.152,0.0,0.0,0.0,0.0,0.0
05892,0.0,0.0,0.05,2.6,0.0,0.0,10.775
05893,0.0,0.0,0.9,0.4,0.0,0.0,0.0
05894,0.383,3.475,0.0,1.3,0.0,0.269,0.45
06010,0.0,2.058,0.236,5.65,1.9,0.0,0.5
06013,0.0,0.0,0.0,0.0,3.325,0.0,0.0
06016,0.0,1.7,1.2,0.0,0.0,0.0,0.2
06018,0.0,0.3,5.125,2.038,0.25,1.45,0.55
06020,18.8,0.7,20.15,4.333,10.375,2.4,5.293
06023,0.0,0.0,0.0,16.15,0.0,0.4,0.0
06026,0.8,0.7,0.15,0.7,0.0,0.95,0.0
06028,0.0,4.338,2.25,0.0,2.95,0.0,0.0
06030,0.0,5.8,0.555,4.35,5.55,1.65,0.0
06033,0.0,0.0,9.36,0.414,0.0,0.1,0.0
06036,4.25,1.325,10.4,4.185,0.0,1.9,0.55
06038,0.213,0.0,0.0,0.55,0.0,0.0,0.7
06040,0.0,0.6,1.0,6.1,0.0,1.2,1.5
06045,0.0,0.0,0.0,1.1,0.3,3.5,0.9
06050,0.55,2.0,0.25,0.55,0.6,0.0,0.3
06053,1.825,0.0,0.0,0.15,0.0,10.75,0.35
06056,2.588,8.5,0.0,0.75,0.15,12.192,1.4
06060,1.403,0.0,0.0,0.0,0.0,0.0,0.0
06065,0.1,9.75,0.0,0.2,1.5,0.0,0.0
06070,0.0,0.0,2.55,2.55,0.55,1.38,0.4
06075,0.95,0.0,0.73,0.0,0.0,0.0,0.0
06080,0.417,5.4,0.3,0.0,0.0,8.21,0.75
06083,0.15,4.05,2.95,0.8,1.85,0.3,3.575
06086,0.0,0.65,0.35,0.1,0.3,0.8,0.0
06090,0.0,0.0,2.6,0.313,0.0,0.0,0.0
06093,4.45,0.0,0.45,0.0,0.1,0.0,0.0
06097,0.0,2.1,0.0,0.45,0.0,0.0,0.0
06110,1.25,0.0,0.0,8.75,0.25,0.0,0.4
06112,3.288,0.35,7.35,0.88,0.0,0.0,0.0
06114,5.55,0.0,0.0,0.15,0.0,1.75,0.0
06120,0.0,0.0,0.0,0.0,0.5,0.0,0.3
06122,0.55,0.25,0.0,0.0,0.0,2.05,0.0
06124,0.0,0.5,0.0,0.0,0.0,13.55,4.7
06126,0.0,0.45,0.3,19.5,0.375,2.85,0.0
06130,0.2,0.0,0.0,0.0,0.0,0.0,0.0
06132,5.2,0.0,9.4,0.55,0.0,2.425,0.35
06140,14.967,34.25,0.2,3.55,7.35,0.0,5.8
06142,0.0,0.0,15.541,1.25,1.5,0.0,0.9
06144,2.25,0.0,0.0,0.0,0.0,4.025,2.5
06145,0.0,0.0,0.0,1.0,0.0,0.0,0.817
06147,0.0,0.0,0.25,0.0,0.107,0.25,0.0
06149,0.65,10.621,0.0,8.15,0.2,2.45,0.0
06150,0.0,0.65,10.3,26.166,0.0,1.483,0.0
06152,0.0,0.5,1.1,0.0,0.0,0.0,1.0
06154,5.85,10.018,0.0,0.0,0.0,0.0,0.3
06160,0.35,5.714,0.773,4.275,0.0,0.0,23.3
06162,8.463,0.317,0.56,0.0,0.0,1.868,9.225
06170,0.0,5.35,3.425,9.5,0.9,0.0,0.233
06172,66.15,6.45,7.425,0.774,0.4,9.55,1.65
06180,0.0,0.0,0.45,0.8,1.15,0.0,1.35
06182,0.8,3.75,0.75,0.5,7.15,0.0,0.0
06184,0.0,12.0,0.0,1.95,0.35,0.0,3.1
06186,0.3,0.0,4.105,0.457,0.0,3.975,0.525
06190,2.5,0.8,1.65,0.95,0.0,0.0,5.85
06192,0.0,8.4,2.8,0.6,1.455,0.0,5.4
06194,0.0,1.219,0.0,0.0,0.15,0.0,0.0
06210,0.5,2.333,0.0,0.0,3.95,1.05,0.304
06213,0.0,0.25,0.0,12.75,1.058,0.0,11.15
06216,2.65,2.95,0.8,1.85,0.0,0.25,0.0
06220,0.65,0.5,0.0,0.0,0.0,0.0,0.0
06223,0.0,13.483,0.0,0.0,0.0,0.0,0.0
06226,0.0,3.292,0.0,2.784,2.96,0.0,0.0
06230,1.923,1.517,0.0,11.4,2.45,0.0,0.0
06233,0.925,0.0,0.0,10.215,4.588,12.175,0.8
06236,1.05,1.35,2.25,5.467,0.35,0.9,0.0
06240,0.416,0.0,0.0,1.0,0.0,0.552,0.0
06243,16.133,0.4,5.5,0.0,0.0,0.15,0.0
06246,0.0,0.85,1.7,0.15,0.0,0.0,0.25
06250,0.0,0.7,0.0,1.2,11.325,0.4,0.0
06253,0.0,1.53,2.476,0.35,3.9,5.1,0.0
06260,2.263,0.8,0.0,0.0,0.0,0.0,2.8
06263,0.343,0.117,2.325,16.75,0.0,0.15,0.0
06266,2.8,11.325,4.338,0.0,6.55,0.0,0.45
06268,1.058,0.8,24.5,3.3,0.2,0.0,0.0
06270,0.0,3.35,1.8,0.0,0.0,0.0,0.05
06273,0.0,5.767,2.085,1.0,0.0,1.9,0.0
06276,0.0,0.0,0.15,0.0,0.0,0.0,0.0
06278,2.0,0.1,0.0,0.0,0.0,0.0,0.0
06280,0.346,0.0,1.383,0.0,0.0,0.0,0.0
06283,0.15,0.35,1.067,1.1,0.0,0.25,0.9
06286,12.375,6.933,0.0,0.0,0.75,0.0,0.0
06288,0.0,4.6,0.0,0.0,0.0,6.1,0.0
06290,0.24,0.683,0.0,0.25,0.0,0.0,0.0
06293,0.0,2.845,2.7,3.467,0.0,0.0,0.0
06296,0.85,0.0,0.0,0.0,0.0,0.0,0.15
06298,0.0,0.0,0.19,0.0,0.0,0.0,0.0
06310,0.2,0.85,0.0,0.913,0.25,1.5,0.0
06311,0.0,0.1,3.5,11.6,3.1,6.88,2.6
06315,0.0,0.625,6.14,0.05,0.05,0.584,0.0
06317,1.75,12.575,0.0,0.0,0.0,0.0,2.1
06320,0.0,0.0,0.0,0.25,0.0,0.0,0.0
06321,0.0,0.8,22.163,0.0,0.0,0.801,0.0
06322,1.65,0.0,7.1,0.0,0.35,0.0,0.363
06325,0.0,29.642,0.0,2.45,1.973,0.0,0.0
06326,3.135,0.0,0.0,7.7,0.0,0.0,0.0
06327,0.0,0.0,0.119,0.0,0.0,0.19,0.0
06328,0.0,0.0,7.5,0.0,0.0,0.683,1.075
06329,0.0,0.0,0.0,0.25,1.375,14.95,0.0
06330,16.25,4.071,0.95,1.7,3.89,0.875,1.275
06331,0.0,0.0,0.161,0.0,0.575,0.0,0.925
06332,1.485,2.1,0.0,0.0,0.0,3.5,0.0
06333,0.65,5.508,0.575,1.2,1.7,0.334,1.513
06334,0.0,0.0,0.0,0.0,0.45,0.0,0.0
06335,1.48,0.0,0.0,0.5,0.0,0.0,0.0
06340,0.0,0.0,0.15,9.75,0.0,0.5,0.239
06341,0.594,2.15,0.0,3.5,2.2,0.5,1.55
06342,6.65,0.0,6.85,0.0,0.0,0.0,0.0
06343,0.0,0.0,0.0,2.6,0.05,0.0,6.55
06350,0.0,0.9,0.0,0.0,5.05,0.0,0.0
06351,1.28,0.0,0.0,0.0,0.0,0.0,0.0
06355,0.0,0.3,0.0,0.15,0.0,0.0,0.0
06360,0.0,0.0,0.0,0.0,0.0,0.0,0.0
06361,0.43,1.6,0.0,2.1,0.9,0.0,0.5
06362,0.0,2.5,0.45,0.0,1.303,0.0,23.85
06363,0.0,0.0,0.0,0.0,1.05,0.0,1.905
06364,0.0,3.25,3.75,0.3,0.0,0.0,0.0
06365,14.45,3.4,0.35,0.1,2.3,7.417,1.45
06380,0.0,0.0,0.0,0.0,4.2,0.0,2.733
06381,0.6,1.15,0.65,0.0,10.863,0.0,0.55
06382,0.95,0.0,2.8,0.0,0.363,8.7,0.0
06385,18.85,0.35,0.0,1.4,7.775,0.35,0.5
06386,7.775,0.863,0.3,0.25,0.735,7.283,1.45
06387,0.0,0.0,0.0,0.0,2.7,0.0,0.0
06390,0.0,1.9,0.35,3.363,7.283,0.71,1.55
06394,0.0,0.6,0.0,0.0,0.25,0.0,0.0
06395,15.8,1.075,0.0,5.0,0.15,0.4,0.0
06396,0.0,0.0,0.983,0.45,0.0,0.6,0.4
06397,0.15,0.05,0.0,0.0,0.0,0.0,0.0
06401,1.75,5.95,1.986,1.6,0.067,13.15,0.528
06402,1.038,0.0,1.5,0.0,0.175,0.0,0.0
06404,23.1,2.15,5.5,0.0,0.9,0.05,6.05
06406,0.0,0.0,0.0,0.0,0.0,0.0,0.0
06407,0.0,2.025,0.0,0.0,0.0,0.0,7.55
06408,0.0,0.0,3.4,0.0,0.0,0.0,0.0
06409,1.85,0.0,0.0,0.15,0.0,0.0,0.4
06410,0.0,10.05,2.2,0.8,0.0,0.0,2.4
06411,0.35,13.75,11.45,0.0,3.6,0.0,0.0
06412,0.0,0.342,0.0,0.55,11.975,5.613,4.75
06413,0.321,16.75,0.0,0.0,2.0,0.2,0.3
06414,3.75,4.0,12.067,14.601,28.692,2.95,14.4
06415,0.2,0.0,0.0,0.0,0.25,0.15,0.0
06416,3.083,0.7,2.435,0.0,1.65,0.0,10.778
06417,0.0,0.0,0.0,0.0,17.0,0.0,3.2
06418,0.0,0.35,0.0,0.0,0.0,0.0,0.0
06419,0.0,0.0,0.0,0.0,0.0,0.0,0.0
06420,0.45,0.0,0.425,3.369,0.15,0.538,0.35
06421,0.0,0.0,2.9,0.0,0.0,0.0,0.75
06422,0.0,22.75,0.125,2.675,3.1,8.0,11.325
06423,0.0,0.0,0.0,0.333,0.0,0.55,0.0
06428,0.0,0.0,0.35,0.0,0.0,0.0,2.5
06429,0.0,1.05,0.94,0.0,0.0,0.2,0.0
06433,1.7,0.0,2.9,3.2,0.56,0.0,5.85
06434,0.2,0.0,1.4,7.438,0.0,0.0,0.3
06435,0.0,0.0,7.15,3.45,0.0,1.364,6.863
06436,1.917,0.0,13.2,4.55,1.45,4.95,0.676
06437,0.3,3.35,0.0,1.825,0.0,0.55,0.7
06440,12.333,1.9,4.433,0.0,1.41,0.0,2.85
06443,0.3,0.0,0.0,0.0,0.0,0.0,0.0
06445,0.35,0.0,0.0,22.55,0.0,0.0,0.15
06447,3.05,4.65,6.3,7.344,8.15,7.75,3.55
06448,1.225,0.0,0.0,0.0,0.0,0.0,0.0
06449,0.0,0.0,3.25,8.19,1.325,3.55,0.0
06453,1.4,3.4,8.05,1.542,0.0,0.0,0.0
06454,4.791,9.577,2.85,1.9,5.991,18.181,4.95
06455,0.0,7.5,2.066,8.875,5.85,0.0,0.0
06458,19.45,5.1,0.0,0.0,0.0,0.71,0.0
06460,0.375,17.575,0.1,10.6,8.75,0.1,0.0
06462,1.383,0.0,19.85,0.5,0.0,0.8,0.0
06463,0.3,0.3,0.0,4.5,0.45,0.0,1.1
06465,7.0,0.9,0.0,0.0,1.3,0.0,0.0
06470,14.15,0.0,0.0,0.2,0.0,0.0,0.0
06471,0.0,0.0,0.0,0.15,0.0,0.0,0.0
06472,8.4,0.0,7.4,0.699,1.0,0.0,0.75
06473,0.0,0.85,0.875,0.55,1.75,0.0,1.15
06474,0.0,0.925,0.95,0.0,0.0,0.0,0.0
06501,0.0,1.05,0.0,0.0,0.0,0.0,0.0
06502,0.0,3.7,0.0,0.0,0.0,0.0,3.7
06503,1.0,0.0,0.0,0.0,0.0,0.0,0.0
06504,0.0,0.0,0.0,0.0,0.0,0.3,0.0
06505,0.0,0.0,0.0,0.0,0.0,0.0,0.0
06506,0.0,0.0,0.0,0.0,15.742,0.0,0.0
06509,0.175,0.15,0.0,0.0,0.0,0.0,0.0
06513,0.0,0.0,0.0,0.717,0.0,0.0,0.0
06515,2.85,2.05,4.95,2.6,0.0,0.2,0.45
06516,4.6,0.0,5.553,0.0,0.0,2.5,0.0
06519,0.0,0.0,7.175,0.4,0.6,0.0,0.15
06523,0.0,0.107,0.0,0.0,0.0,0.0,0.0
06526,0.0,0.0,0.0,0.0,0.0,0.0,0.0
06528,1.5,0.0,0.0,0.6,0.0,0.367,15.95
06529,2.25,0.0,0.3,0.0,0.25,0.0,0.0
06530,1.4,0.35,1.55,0.0,0.85,1.45,1.55
06531,0.0,0.0,0.0,0.4,1.55,0.0,0.0
06532,0.0,0.0,0.0,0.0,0.0,0.42,0.0
06533,0.0,0.0,0.0,0.0,0.0,0.0,0.0
06535,0.0,0.0,0.0,4.025,1.15,5.925,0.4
06537,0.4,0.3,0.983,11.55,0.117,0.0,0.0
06539,0.0,0.0,0.0,0.45,8.75,0.45,15.6
06540,9.875,0.117,2.15,0.9,6.6,0.318,20.15
06541,0.0,0.0,0.4,1.1,0.25,0.0,0.0
06542,0.85,19.55,7.75,0.0,4.287,7.5,0.0
06543,5.675,7.1,3.0,0.0,2.15,0.813,0.9
06544,8.083,12.16,0.0,0.0,0.325,0.0,1.25
06550,17.617,0.0,0.25,0.95,24.038,9.0,0.0
06600,0.0,3.3,0.0,0.2,0.0,0.0,20.8
06602,0.25,0.326,0.0,0.0,9.8,0.0,12.05
06604,0.0,0.85,0.0,0.0,0.4,0.0,0.85
06606,0.45,1.4,0.2,0.25,4.867,0.0,0.0
06608,1.867,13.35,0.0,0.0,0.0,2.2,17.6
06612,0.0,0.0,3.325,0.5,0.0,0.0,0.0
06616,0.0,0.0,0.0,0.0,0.0,0.4,0.0
06618,0.0,0.0,0.0,0.0,1.0,2.95,0.0
06620,0.0,0.0,0.234,0.0,0.0,0.0,0.0
06622,1.6,0.0,5.55,17.3,0.0,3.525,0.8
06624,3.0,0.975,0.7,1.95,0.7,1.925,0.0
06626,0.25,0.0,0.0,0.0,0.0,0.0,0.6
06630,0.0,0.0,0.0,0.0,11.0,0.0,0.0
06631,0.0,0.0,0.0,0.0,0.0,0.55,0.0
06634,3.775,0.0,11.0,0.9,0.0,0.0,1.0
06636,0.85,0.0,0.8,0.0,0.0,0.0,0.0
06642,0.0,0.0,0.0,0.0,1.375,0.32,0.0
06653,12.025,0.85,0.15,1.55,0.0,0.0,0.0
06654,0.15,0.25,3.9,1.65,0.0,13.808,2.4
06655,0.0,13.95,5.888,14.4,0.6,6.05,0.0
06656,2.225,2.55,0.823,0.33,0.0,8.35,5.625
06657,0.0,0.6,0.0,0.0,0.0,6.05,2.95
06660,0.0,1.65,0.26,0.0,19.375,0.65,10.4
06663,0.0,12.15,9.028,3.408,6.8,4.15,2.418
06665,0.55,1.775,1.217,0.25,0.642,27.75,0.0
06670,0.0,0.0,0.0,0.0,0.21,5.4,0.0
06675,0.0,0.0,0.0,0.0,0.0,0.0,0.15
06680,4.317,0.0,2.425,0.0,0.0,0.0,0.2
06683,0.0,4.792,0.3,0.0,0.25,0.129,0.0
06690,0.0,0.175,0.0,0.0,0.0,0.0,0.0
06693,1.875,0.42,0.0,11.125,0.0,2.35,17.48
06694,4.85,4.45,0.0,3.1,0.05,0.0,0.0
06695,8.031,0.0,0.0,0.0,1.25,0.0,0.835
06696,0.0,0.0,0.0,0.0,0.0,0.0,0.0
06700,8.104,11.85,2.918,1.7,24.683,8.1,3.1
06702,17.55,0.0,0.0,6.15,0.0,6.55,0.2
06703,0.688,0.2,0.0,0.67,0.0,2.5,0.0
06704,0.0,0.2,1.3,2.6,0.0,8.35,0.0
06705,2.6,0.367,4.96,2.741,0.0,0.0,3.258
06706,0.0,0.0,0.35,0.135,0.0,0.0,0.0
06707,13.583,0.0,0.0,0.0,0.0,0.0,0.0
06708,0.0,0.0,0.0,0.0,0.6,0.0,0.0
06709,0.0,3.25,7.5,10.05,11.005,0.0,2.5
06710,10.02,0.0,4.83,0.0,0.0,0.251,1.1
06711,4.15,11.467,0.433,38.0,0.138,6.917,10.8
06712,0.985,0.0,0.0,0.0,0.8,0.0,0.0
06713,1.85,0.576,0.0,0.0,0.0,0.0,0.71
06714,1.4,0.0,1.1,0.4,0.0,0.0,0.0
06715,0.0,3.475,1.75,4.0,0.387,0.0,1.867
06716,1.4,1.5,6.396,0.975,5.987,0.0,0.0
06717,1.5,0.0,0.2,0.0,0.0,0.3,0.0
06719,0.0,5.233,1.575,0.75,2.05,1.0,0.4
06720,0.9,1.15,0.4,8.425,5.2,0.0,0.0
06721,0.193,0.0,0.0,0.0,0.3,0.0,0.0
06722,0.0,5.95,0.0,0.15,0.0,0.0,0.0
06725,2.8,0.0,1.05,6.225,2.75,0.0,0.1
06726,31.35,0.0,0.4,0.0,0.2,5.2,0.0
06727,0.1,0.0,0.0,0.513,0.0,0.0,0.6
06728,0.0,0.0,0.0,0.0,0.0,0.0,0.0
06729,0.0,0.0,0.0,0.0,0.0,0.0,0.0
06730,15.032,48.84,2.55,17.175,43.772,0.35,10.725
06753,0.0,0.15,17.15,19.3,1.425,0.95,1.625
06754,1.7,0.0,2.7,0.0,0.73,2.766,0.0
06755,0.0,9.7,15.475,0.0,1.05,0.0,0.0
06756,0.5,0.15,0.45,3.9,0.0,0.4,2.95
06757,0.0,0.0,0.0,1.25,0.0,0.0,0.0
06760,1.75,0.0,0.0,0.0,0.0,3.55,0.0
06763,0.364,0.6,0.92,4.55,9.1,2.35,1.256
06764,6.887,5.1,5.728,0.15,2.29,0.0,1.136
06765,13.48,13.325,4.845,2.923,15.85,0.3,1.45
06766,3.75,0.25,25.7,0.45,1.55,0.0,0.0
06767,1.925,0.34,0.0,25.438,0.35,0.0,0.0
06768,0.875,0.0,0.0,27.65,0.1,0.75,1.6
06770,0.0,0.0,0.25,0.0,0.0,0.0,0.0
06773,4.6,3.7,0.0,0.95,0.0,0.0,4.75
06774,2.975,0.425,83.25,5.417,0.652,0.0,0.0
06775,1.15,7.4,23.5,0.4,1.35,0.525,1.4
06780,3.075,2.117,0.4,5.45,0.0,0.0,2.5
06783,1.575,1.3,1.97,1.8,0.0,4.538,0.0
06784,1.35,0.0,0.0,0.0,0.15,0.0,0.35
06785,0.0,0.4,0.4,0.2,0.475,0.0,4.7
06786,0.875,0.95,0.0,0.0,0.4,0.4,0.0
06787,0.0,0.12,8.35,0.0,2.8,11.3,0.15
06790,3.2,0.0,4.05,0.0,0.0,0.525,0.15
06793,0.0,0.0,0.0,0.2,0.0,0.0,0.3
06794,0.273,0.0,0.0,0.0,0.0,0.0,0.0
06795,0.0,3.7,0.0,0.0,0.0,0.0,0.0
06803,0.35,0.0,0.0,0.883,0.0,0.0,0.0
06804,5.3,1.151,0.0,0.0,0.85,0.0,0.0
06805,0.0,0.0,0.0,0.25,0.0,0.0,0.0
06806,0.1,0.0,0.0,0.0,0.0,0.0,0.0
06807,3.2,0.0,1.5,0.0,1.45,0.0,13.725
06810,0.45,0.6,0.4,1.487,0.0,1.0,11.264
06813,6.534,0.0,3.933,0.0,12.926,4.9,0.0
06814,0.1,0.0,0.8,8.9,11.125,0.35,1.65
06815,0.75,0.0,0.0,1.643,0.0,0.0,0.85
06816,0.263,2.9,17.35,0.617,1.85,0.0,3.551
06817,0.0,0.0,0.0,0.85,0.0,0.0,0.0
06820,0.0,0.95,25.05,0.8,11.85,1.05,0.0
06823,1.125,4.875,1.867,1.25,3.95,16.33,0.5
06824,16.475,0.0,0.183,0.0,0.0,0.0,12.0
06825,0.0,0.0,0.0,0.0,0.0,1.6,0.0
06826,1.892,22.6,0.375,1.35,0.1,10.383,6.4
06833,0.0,0.0,0.0,0.0,0.0,0.0,0.0
06835,0.0,0.0,0.0,0.0,0.0,0.0,0.0
06840,0.225,2.7,1.5,0.0,0.0,7.25,0.0
06843,13.6,12.65,0.25,0.0,3.25,0.363,0.0
06844,0.0,0.0,0.0,0.0,0.0,0.0,0.0
06845,0.0,0.0,0.0,0.0,0.317,1.55,0.05
06846,0.0,0.0,0.0,0.0,0.0,0.0,0.0
06850,3.1,0.0,1.25,1.7,6.638,0.0,1.65
06851,0.55,0.0,8.025,12.3,0.0,0.0,0.0
06852,3.527,0.75,0.05,1.55,0.25,0.3,0.0
06853,0.0,3.0,0.0,0.0,0.0,1.025,0.0
06855,2.1,0.1,0.245,3.025,0.0,0.0,0.314
06856,0.396,0.529,0.6,0.0,0.0,0.183,0.25
06857,0.0,0.0,0.367,0.0,0.0,0.0,1.5
06858,0.0,1.882,0.0,0.0,0.0,0.0,0.0
06859,0.0,0.35,0.0,0.15,0.0,0.0,0.0
06863,0.3,0.0,0.0,0.0,0.0,0.0,0.0
06864,0.0,0.0,0.0,0.292,0.0,0.0,1.65
06865,0.0,0.0,32.875,1.14,1.05,0.85,0.0
06866,0.85,0.0,0.0,0.0,1.65,0.0,5.45
06867,0.0,2.0,0.0,0.0,0.642,0.0,0.0
06868,0.0,0.0,0.0,0.0,0.0,0.0,0.0
06870,0.0,0.0,0.0,0.0,0.0,1.9,0.0
06871,2.45,0.0,0.0,0.0,0.0,0.0,0.5
06872,0.0,0.0,0.0,0.25,0.25,0.0,0.2
06874,0.0,0.0,0.0,0.0,0.0,0.0,0.0
06882,0.0,1.7,0.0,0.0,0.0,0.0,0.0
06885,0.0,0.0,0.0,0.31,0.0,0.0,0.0
06887,0.0,0.0,0.0,0.0,0.0,0.0,0.0
06888,0.0,0.0,22.55,0.2,0.0,0.0,0.0
06890,7.375,0.0,1.05,7.0,1.35,0.55,0.0
06900,6.087,31.847,14.0,1.8,18.725,3.4,5.3
06950,4.87,1.8,1.0,8.333,1.85,2.95,2.5
07010,0.0,0.15,0.0,1.5,0.0,0.0,0.0
07011,0.4,0.0,0.0,0.0,0.15,0.0,0.0
07012,0.0,1.65,0.0,1.15,0.6,0.0,0.0
07013,0.4,0.0,5.7,0.0,0.0,0.0,0.0
07020,1.3,0.0,0.25,0.206,14.65,0.0,1.75
07021,2.134,0.0,2.35,0.0,0.0,0.0,0.0
07022,0.0,11.525,1.0,0.0,0.0,8.6,0.835
07023,5.05,14.0,0.0,0.0,12.15,4.9,0.0
07024,0.65,0.2,2.294,0.0,0.55,0.15,5.0
07025,0.25,6.724,0.0,3.9,0.2,0.0,6.238
07030,0.0,0.7,0.0,0.0,21.8,0.1,0.0
07031,0.0,0.76,0.374,1.95,0.0,0.55,9.45
07032,0.85,0.35,0.0,1.483,0.3,0.75,0.0
07033,0.0,0.0,2.142,4.2,41.475,0.15,0.0
07034,0.25,0.0,0.0,0.0,0.0,0.0,0.0
07040,3.9,4.663,0.975,0.0,0.0,0.0,0.35
07041,0.0,0.439,0.0,19.45,0.0,1.45,0.0
07042,0.0,0.0,0.0,0.35,0.0,0.0,0.0
07043,22.44,0.0,0.6,0.575,15.8,0.0,0.0
07044,0.3,0.0,0.0,0.0,2.21,0.0,0.0
07050,0.85,0.0,0.0,1.25,1.4,0.0,0.0
07051,0.0,15.227,0.0,0.0,0.5,0.0,2.65
07052,0.0,2.0,0.0,0.0,0.0,15.6,6.1
07053,1.182,0.0,0.1,0.0,0.0,0.0,0.45
07054,0.628,0.5,1.2,0.0,0.7,0.0,0.0
07055,1.2,0.0,0.4,0.0,0.85,10.35,0.0
07056,0.213,0.0,1.4,1.05,0.0,0.569,0.0
07060,1.867,6.95,3.1,0.4,0.208,0.4,0.0
07061,0.0,0.8,0.0,0.0,0.6,2.85,0.08
07062,0.0,0.459,0.3,0.0,0.15,1.0,0.0
07063,0.0,1.35,0.0,0.23,0.0,0.25,0.0
07064,0.0,0.0,2.9,0.0,0.35,1.167,0.0
07070,0.0,0.0,6.0,8.4,0.654,20.05,0.0
07071,0.75,1.05,0.0,0.0,0.0,0.0,0.0
07072,7.3,0.0,4.71,0.0,1.95,0.1,2.825
07073,0.2,0.0,0.4,1.6,0.0,0.0,3.05
07074,0.0,0.444,0.95,3.0,0.15,0.0,0.0
07075,0.45,0.35,0.0,0.0,0.0,0.0,0.0
07076,0.0,0.0,0.15,0.0,0.0,0.0,0.0
07077,0.0,0.0,0.5,0.0,4.8,0.0,0.0
07080,1.025,0.15,0.0,3.617,13.2,0.375,17.175
07081,0.422,1.54,24.893,0.0,3.534,13.85,0.0
07082,0.983,3.35,0.5,4.25,0.25,7.95,0.0
07083,0.225,0.35,0.0,0.0,0.0,0.0,5.0
07084,3.25,0.0,0.0,0.6,0.25,0.0,0.095
07085,0.46,0.25,0.625,2.2,0.0,0.0,5.65
07090,0.25,0.1,0.25,0.0,0.0,0.0,0.0
07091,1.6,0.85,0.25,12.75,5.1,0.0,0.263
07092,1.546,0.7,2.5,0.0,0.0,13.95,0.0
07093,0.0,0.25,0.4,0.0,0.4,0.0,18.35
07094,0.0,0.0,0.0,2.25,0.263,0.283,0.0
07095,0.981,8.15,0.0,20.413,4.867,0.35,0.0
07096,0.0,2.891,1.232,0.0,0.0,0.584,0.9
07097,0.0,0.0,0.65,0.2,0.4,0.0,0.0
07110,0.0,0.0,0.0,0.975,0.0,0.0,1.226
07111,4.2,0.0,0.0,0.0,1.538,16.5,0.9
07112,0.0,0.0,0.0,0.0,0.15,0.0,0.0
07113,0.0,2.9,1.7,0.0,0.185,0.675,0.488
07114,0.0,0.0,1.02,0.95,2.4,0.4,0.0
07115,1.775,21.1,25.983,3.488,0.0,0.0,3.85
07120,0.567,0.95,0.0,0.6,1.0,0.0,0.175
07121,0.45,1.55,0.0,1.4,0.9,7.85,1.35
07122,0.0,2.125,0.0,1.6,0.0,0.0,0.25
07123,1.0,0.0,0.5,1.15,3.65,0.0,0.606
07124,1.1,7.008,1.3,3.15,1.925,15.207,0.8
07130,21.55,15.767,0.4,0.85,4.95,2.9,2.05
07131,2.25,0.75,0.0,1.358,0.0,0.25,18.864
07132,1.25,2.213,4.0,0.85,1.175,16.3,0.0
07133,0.0,38.7,0.6,0.134,0.15,0.2,1.75
07134,12.3,0.2,6.4,1.5,0.0,0.0,8.082
07135,2.95,0.811,0.0,5.025,4.25,0.0,0.25
07140,0.363,0.0,4.667,0.0,0.75,0.0,2.5
07141,1.2,0.0,0.0,1.853,32.534,0.0,0.0
07142,7.045,13.717,0.245,0.0,0.35,3.55,0.0
07143,1.035,2.2,0.0,9.3,0.0,16.55,5.175
07144,3.025,28.0,0.0,4.45,4.85,2.325,0.145
07145,1.7,3.2,0.584,0.35,0.0,0.0,1.8
07150,0.0,2.725,0.0,0.0,1.05,0.3,0.0
07151,0.233,11.55,10.6,0.888,0.0,0.5,3.7
07152,0.1,0.0,0.1,1.344,0.0,2.35,10.35
07153,9.725,0.0,0.0,0.0,0.0,0.0,0.0
07154,0.0,15.467,0.0,0.0,0.0,0.0,0.0
07155,0.0,0.0,0.0,0.0,0.0,0.175,0.0
07159,0.0,0.0,0.0,6.25,0.0,0.175,0.0
07160,14.8,3.775,0.0,0.0,0.0,0.2,0.75
07161,9.75,6.55,9.425,16.11,1.55,0.725,0.15
07162,0.0,0.0,0.0,3.91,0.0,0.0,0.55
07170,0.0,2.375,1.739,2.044,10.633,0.1,3.475
07171,0.0,0.0,1.414,0.0,0.317,0.0,0.746
07172,1.383,0.0,0.4,0.0,0.2,0.0,11.6
07173,0.5,0.2,0.0,0.0,0.0,0.0,0.375
07174,0.0,0.95,1.175,0.2,0.0,1.568,0.65
07175,0.95,1.85,6.7,1.4,0.175,2.7,2.02
07176,2.75,7.5,0.15,2.75,7.975,3.132,0.0
07177,6.2,0.0,0.0,0.0,0.0,0.0,0.0
07178,0.1,0.167,5.0,0.0,0.0,6.91,11.325
07179,18.95,1.25,13.518,0.0,3.5,0.0,13.383
07180,0.1,4.6,0.0,2.25,1.0,0.0,4.95
07181,0.2,0.0,0.35,0.25,0.0,1.0,0.0
07182,8.55,0.396,0.0,1.382,0.0,0.15,0.0
07183,0.0,0.25,0.0,3.163,0.0,0.0,0.25
07184,0.0,0.0,0.0,0.0,0.173,0.0,0.0
07190,6.55,9.885,6.68,0.3,2.99,9.9,1.433
07191,3.0,0.45,5.863,0.4,1.5,3.3,0.0
07192,0.0,0.0,0.0,15.1,0.0,1.5,0.0
07193,3.35,1.8,4.338,0.0,0.0,2.2,0.26
07194,7.043,0.0,0.167,13.6,0.0,12.2,1.7
07195,0.0,0.0,0.0,0.4,5.85,0.0,0.0
07196,1.1,0.0,0.629,1.2,0.35,0.0,0.0
07197,8.55,0.25,30.0,2.725,9.9,9.65,13.445
07210,3.575,9.75,0.25,0.0,0.2,0.0,0.583
07215,0.0,0.0,2.15,0.0,0.0,0.0,0.0
07220,0.2,0.0,0.0,0.0,0.0,0.0,0.0
07221,0.0,0.0,0.0,0.0,0.0,0.0,0.0
07222,0.5,0.8,0.245,0.0,0.0,0.0,0.0
07223,0.155,0.0,0.0,0.0,0.0,0.0,0.0
07230,0.45,1.5,0.3,0.0,12.963,0.25,10.05
07231,2.81,0.0,0.0,7.0,0.0,0.0,0.55
07232,0.0,15.95,0.0,0.0,1.5,0.0,0.0
07240,1.733,3.05,0.7,2.425,1.816,0.0,10.95
07241,8.7,1.13,0.7,0.0,17.8,2.6,3.775
07242,0.85,0.0,0.0,0.35,0.45,7.75,0.0
07243,0.0,0.6,1.2,0.0,9.646,0.0,0.0
07244,0.388,0.75,22.5,0.0,1.026,0.42,0.0
07250,3.975,0.0,0.0,0.0,0.0,0.0,1.325
07251,1.95,0.0,2.925,5.95,0.0,0.05,9.225
07252,0.0,6.0,2.25,3.35,0.0,2.5,0.0
07260,0.0,2.025,2.125,7.48,0.0,0.1,0.0
07261,0.8,0.0,0.0,0.0,1.133,0.0,0.0
07263,0.0,12.35,0.0,0.9,0.459,0.0,0.0
07270,0.15,3.717,0.0,1.95,5.288,0.5,0.0
07272,6.65,0.1,12.75,0.0,0.4,0.25,0.25
07273,0.0,3.1,0.15,8.55,0.0,0.0,0.85
07400,1.0,0.88,0.2,0.0,0.363,0.0,0.0
07401,0.0,7.85,0.0,0.0,3.2,1.0,0.5
07402,3.7,0.35,0.0,0.0,0.65,3.233,1.25
07403,0.0,0.0,0.4,0.4,0.0,0.0,0.0
07404,0.2,0.0,0.25,18.25,0.0,0.0,0.0
07411,0.85,0.05,0.0,0.792,1.582,0.0,0.0
07414,0.0,0.0,1.032,0.0,0.0,0.0,0.0
07417,0.3,0.0,0.85,0.55,0.0,10.55,6.1
07428,0.788,0.175,1.0,0.5,0.0,0.0,0.0
07432,0.0,0.0,0.0,0.0,0.0,1.867,0.0
07434,0.0,1.75,0.0,0.0,0.3,0.0,0.0
07435,14.8,0.0,0.0,0.18,0.0,0.0,0.2
07436,0.0,0.0,0.0,0.24,0.0,0.0,0.0
07438,4.513,0.0,0.0,1.7,0.0,0.0,0.0
07500,2.9,3.6,1.1,3.845,8.175,12.65,0.0
07600,23.547,10.235,32.8,9.175,15.77,25.601,20.213
07700,1.596,4.9,2.1,7.567,4.3,0.0,0.9
07704,0.0,0.0,1.8,0.0,0.438,4.75,0.0
07713,2.15,0.39,0.4,0.6,1.1,0.617,2.6
07714,2.2,0.0,0.0,0.267,0.0,1.05,0.0
07715,0.0,0.0,0.26,0.0,0.0,0.0,0.0
07716,0.0,6.55,0.0,3.897,0.0,0.7,1.1
07717,0.05,0.25,0.0,0.0,0.0,0.0,0.0
07718,0.0,0.0,0.5,0.4,0.0,0.0,0.0
07724,0.0,0.0,0.0,0.0,0.367,0.2,0.0
07726,17.6,0.0,0.0,0.0,0.0,0.0,0.0
07727,1.36,0.0,0.0,0.0,0.0,0.0,0.0
07739,0.0,0.0,0.0,0.0,0.0,0.0,4.7
07740,0.0,0.0,0.0,0.0,2.25,0.0,0.0
07743,0.0,0.0,0.0,0.0,0.0,0.0,0.0
07744,7.5,0.57,0.0,0.0,0.5,0.0,0.0
07745,0.45,0.8,5.25,0.0,0.2,0.0,0.0
07747,0.0,0.0,0.0,5.55,0.0,0.0,0.0
07748,2.9,0.05,0.0,0.0,0.0,0.0,0.0
07749,0.0,0.0,0.0,0.0,0.25,0.0,0.0
07750,0.878,0.0,0.0,0.0,0.0,0.0,0.0
07752,0.0,0.675,0.0,0.0,7.25,0.0,0.0
07756,0.0,1.867,0.0,0.0,0.0,2.63,0.0
07776,0.0,0.15,0.0,0.363,2.684,0.0,0.0
07781,0.0,0.122,0.0,0.0,0.0,0.0,0.0
07786,18.725,1.8,0.0,0.0,0.0,0.0,0.0
07787,0.0,0.75,15.7,1.5,0.0,0.0,0.9
07788,2.5,0.15,0.0,0.0,0.0,0.0,0.0
07789,0.0,0.0,0.0,0.8,0.0,0.0,0.0
07790,15.35,0.6,0.0,0.8,6.038,0.2,0.0
07791,1.25,1.484,0.85,21.1,5.997,15.725,0.0
07792,0.25,0.0,0.0,2.05,0.0,0.66,0.0
07793,11.2,2.75,0.0,0.35,2.45,0.15,16.133
07794,0.0,0.0,0.0,0.0,1.8,0.15,0.0
07801,0.0,0.0,0.0,0.0,0.0,1.75,0.0
07802,1.35,0.0,0.0,0.0,0.0,0.0,0.0
07803,16.949,0.0,1.75,2.25,0.4,0.0,0.8
07804,0.0,0.0,2.077,0.55,0.0,0.0,0.0
07807,0.8,0.0,0.35,4.0,0.0,0.0,0.175
07808,0.0,0.0,0.0,0.0,0.0,0.0,0.0
07809,0.0,0.0,0.0,0.0,2.5,0.0,0.0
07810,0.0,0.0,0.499,0.0,0.0,0.0,0.0
07812,0.0,0.0,0.0,0.0,0.0,0.0,0.0
07813,0.0,1.25,0.0,0.0,0.0,0.1,0.0
07830,0.0,0.0,0.0,1.2,0.55,0.0,0.95
07832,0.0,0.0,0.0,0.0,0.0,0.0,0.0
07835,0.8,0.0,0.0,0.0,0.233,0.0,0.0
07836,0.0,6.7,0.0,0.0,0.0,0.0,1.2
07840,0.0,0.0,0.0,0.0,0.0,0.0,0.0
07841,0.0,0.0,0.0,8.75,0.0,1.2,0.0
07844,0.0,0.0,2.25,0.0,0.0,0.0,0.0
07845,0.0,0.0,1.1,0.35,0.55,0.0,0.0
07847,0.0,0.0,0.0,0.0,0.0,6.3,5.908
07849,0.0,0.2,0.0,0.0,0.0,0.0,0.0
07850,0.0,0.0,0.0,1.573,0.533,0.35,0.0
07851,1.85,0.0,0.0,0.0,0.0,0.0,0.0
07852,0.1,0.0,0.0,30.0,0.0,0.0,0.0
07853,0.0,0.05,4.3,0.0,0.0,0.15,0.0
07854,0.1,0.0,0.0,0.0,0.0,0.0,1.825
07855,0.0,0.0,0.0,0.1,0.0,0.22,1.05
07856,0.0,0.0,0.15,14.95,0.0,0.0,0.0
07857,0.0,0.0,0.0,0.0,0.75,0.0,0.0
07858,0.0,2.75,0.35,1.1,2.5,0.225,0.0
07859,9.4,0.0,0.0,0.0,0.15,0.1,0.0
07860,0.0,0.0,0.0,0.0,0.0,0.0,0.0
07861,0.0,0.0,0.0,0.0,0.758,3.975,0.0
07862,0.0,13.65,0.15,0.3,0.0,0.0,0.1
07865,0.0,0.0,0.0,0.0,0.0,0.0,0.65
07866,0.0,6.333,0.8,0.0,0.0,0.0,0.0
07867,0.0,0.0,0.1,0.0,0.0,0.0,0.0
07901,0.0,0.0,0.0,0.0,1.02,0.0,0.0
07902,0.0,0.0,0.46,0.0,0.0,0.0,0.0
07903,0.0,4.075,0.35,0.0,0.0,0.0,0.0
07904,0.0,0.0,0.0,0.0,2.5,0.0,0.0
07905,0.0,0.0,0.0,0.0,1.05,0.0,0.0
07906,0.0,0.0,4.8,0.0,0.0,0.0,0.0
07907,0.0,0.25,0.0,0.0,0.0,0.0,0.0
07909,0.0,13.1,0.0,0.0,0.1,2.7,0.0
07910,0.0,0.0,0.0,0.5,6.1,0.45,0.0
07911,0.0,0.0,0.0,0.0,0.0,0.3,0.0
07912,0.2,0.0,0.0,4.338,0.0,0.0,0.2
07913,0.0,0.0,0.0,0.0,0.0,0.0,0.0
07914,0.25,3.034,0.0,0.0,0.0,0.0,0.0
07916,0.0,0.0,0.0,0.0,0.0,1.2,0.0
07920,0.0,0.0,0.0,0.2,0.0,0.0,0.0
07929,0.0,0.0,0.0,0.0,2.75,0.0,0.0
07936,0.0,0.0,0.75,1.25,0.0,0.0,0.0
07940,0.0,0.0,0.0,3.35,0.0,0.0,0.0
07941,0.0,0.0,0.35,0.0,0.0,0.0,1.5
07942,3.05,0.0,0.0,0.0,2.013,0.0,0.0
07944,0.0,0.0,0.0,0.117,0.0,0.0,0.6
07945,0.0,0.0,0.0,0.0,0.0,0.0,0.0
07950,1.05,0.6,0.0,1.5,0.0,0.433,0.425
07951,0.573,0.0,0.0,0.0,0.0,0.0,0.0
07952,0.0,3.806,0.675,0.0,0.0,0.0,0.0
07953,0.0,0.0,0.0,0.0,0.0,0.0,0.0
07955,0.0,0.0,0.0,0.0,0.0,0.0,0.0
07957,0.0,0.0,0.0,1.0,0.0,0.0,0.0
07980,0.0,0.25,0.0,0.0,0.0,0.0,0.1
07985,0.0,0.3,0.0,0.1,0.0,0.2,0.0
07990,0.0,0.0,0.0,0.0,0.0,0.0,1.9
07991,0.0,0.0,0.45,0.0,0.0,0.288,0.0
07995,0.0,0.0,0.0,0.0,0.0,0.0,0.314
07997,0.0,0.0,0.0,0.0,0.314,0.0,0.105
07998,2.5,0.0,0.0,0.0,4.35,0.0,8.7
08010,0.0,3.188,3.558,0.2,2.19,0.116,2.375
08011,0.0,0.0,1.6,0.0,0.0,15.3,0.3
08020,0.0,0.0,1.05,0.0,0.0,0.0,0.0
08021,2.242,4.45,0.238,2.775,1.65,10.25,0.0
08022,0.0,0.0,1.05,0.0,0.7,0.0,0.0
08030,0.725,1.975,0.25,0.2,0.45,0.7,1.6
08031,0.0,0.2,12.75,0.0,1.85,6.8,2.45
08032,0.15,16.55,1.3,0.0,4.675,0.0,0.0
08040,2.75,0.0,2.633,1.767,2.579,0.6,0.0
08041,3.475,4.4,8.05,0.1,0.2,0.25,0.947
08042,0.885,0.0,0.0,1.75,0.15,13.333,0.0
08050,0.85,1.95,0.3,0.85,0.0,0.2,15.85
08051,4.225,0.0,0.0,1.5,0.9,1.3,1.7
08060,0.65,7.0,0.0,1.55,7.55,0.4,0.65
08061,3.325,0.0,5.6,0.2,0.71,0.0,9.8
08062,0.3,0.834,1.4,0.65,0.0,0.0,1.65
08070,0.0,1.45,1.15,0.65,3.863,0.15,0.95
08071,0.25,1.35,0.0,0.0,0.0,0.0,0.0
08072,0.0,15.7,0.0,0.25,1.65,0.0,5.65
08080,0.2,17.953,1.0,2.825,0.45,0.925,10.08
08081,5.15,4.0,0.5,1.2,16.63,3.9,0.0
08090,2.578,0.0,1.6,15.5,2.475,1.333,0.75
08110,0.0,1.0,0.1,0.167,4.7,0.0,1.009
08111,3.2,0.233,0.0,0.125,0.357,0.2,0.0
08115,0.0,0.0,0.0,0.6,0.0,0.275,0.0
08120,5.138,2.6,2.763,0.0,3.2,0.0,8.7
08121,0.0,1.034,0.05,5.953,0.2,0.5,0.55
08122,1.55,21.293,0.0,3.5,0.0,0.0,0.0
08130,5.85,0.6,10.55,0.0,1.0,0.0,0.0
08131,8.45,0.0,0.0,0.0,0.25,0.0,0.35
08132,0.0,0.45,0.0,0.4,0.0,0.0,0.25
08140,1.0,2.1,1.7,4.35,0.0,1.35,12.15
08141,0.55,1.8,0.0,0.0,2.1,0.701,4.338
08142,5.942,0.7,2.925,1.7,1.2,0.0,1.8
08143,0.0,0.0,0.8,0.0,0.3,0.2,0.0
08150,1.55,16.417,11.48,1.1,6.645,4.1,0.566
08151,0.0,0.0,0.0,0.825,0.15,0.6,0.0
08152,0.0,0.0,0.0,0.0,0.0,0.0,0.0
08160,0.0,11.4,1.05,1.3,9.8,0.975,8.325
08161,3.475,12.3,0.0,0.0,7.0,0.25,0.0
08180,0.0,1.55,9.971,2.125,6.535,0.0,2.85
08190,0.25,0.0,0.85,0.0,0.0,2.2,1.15
08191,0.65,5.875,0.65,0.0,2.3,0.0,0.0
08210,0.6,0.5,13.4,0.0,2.5,11.475,17.2
08215,4.675,0.0,14.513,4.258,0.0,2.05,0.5
08220,0.6,1.6,2.35,2.523,0.0,0.0,1.85
08223,13.55,17.35,3.3,0.3,3.2,2.2,0.817
08225,5.25,0.9,0.95,0.575,1.625,0.396,0.0
08226,0.0,0.0,0.0,0.426,0.0,0.0,1.1
08230,0.35,3.875,0.0,0.0,0.0,8.4,0.3
08235,0.0,0.325,8.1,13.325,0.0,0.0,0.1
08240,4.3,1.65,1.367,0.71,0.9,4.3,2.05
08245,0.0,0.0,0.0,0.0,0.767,0.0,1.965
08246,0.0,0.0,0.0,0.0,0.0,10.15,0.75
08247,0.0,0.0,0.0,0.0,0.0,0.0,15.95
08250,0.5,2.334,1.11,2.6,0.0,0.0,0.2
08253,15.253,0.9,5.05,3.55,2.504,6.633,1.05
08255,0.0,0.525,13.75,1.05,0.35,0.45,0.0
08257,0.0,0.8,0.2,0.0,0.0,0.0,0.0
08260,1.4,0.965,16.9,17.6,1.55,11.75,0.7
08265,0.0,0.15,5.575,1.8,0.0,0.55,1.5
08270,1.75,1.975,1.85,6.603,3.25,0.0,2.05
08275,2.875,0.0,8.1,2.9,1.963,0.8,11.9
08280,8.85,3.35,1.25,21.649,5.4,6.588,1.75
08285,0.4,0.15,1.25,1.35,1.1,0.0,0.0
08290,7.69,3.082,0.9,4.075,4.07,0.4,0.65
08295,4.275,0.15,5.85,1.5,1.7,0.6,0.0
08310,0.2,0.8,0.0,0.0,0.35,0.0,0.0
08311,2.22,2.0,0.2,0.0,0.8,0.0,1.383
08320,0.0,0.55,1.2,0.6,7.0,2.15,1.183
08321,0.0,0.65,0.0,0.0,0.0,0.0,0.0
08330,6.9,7.115,0.771,35.35,5.45,0.0,0.2
08331,0.0,0.075,0.45,0.0,1.65,1.7,0.0
08340,3.15,0.533,2.108,0.0,1.533,0.7,0.35
08341,0.2,0.0,0.0,0.1,0.0,0.0,0.0
08343,4.35,0.0,9.0,0.45,0.0,0.35,0.0
08344,6.38,0.8,1.0,0.0,0.0,0.0,0.0
08345,4.4,0.35,0.5,0.0,0.0,0.0,0.0
08370,0.0,0.0,0.525,15.35,0.0,0.0,1.154
08371,0.0,0.0,0.0,0.95,0.0,7.25,0.0
08372,0.394,0.0,0.0,0.0,0.0,0.0,0.0
08373,0.35,0.6,0.0,0.0,0.0,0.0,0.0
08375,0.15,1.55,0.183,0.922,0.0,0.0,0.0
08380,0.0,0.0,2.6,0.0,0.0,0.0,1.9
08381,0.0,2.744,16.5,0.0,0.0,0.0,0.0
08382,0.432,0.0,0.0,0.1,2.45,0.0,0.0
08383,0.0,0.0,0.0,0.0,0.0,0.25,0.0
08390,0.0,0.3,1.5,0.0,1.675,0.0,5.85
08391,0.3,0.3,0.0,1.55,0.0,0.0,0.0
08410,0.0,0.0,24.98,0.5,1.636,0.0,0.6
08411,1.867,21.05,0.4,0.0,0.0,0.0,0.0
08412,0.0,0.0,1.2,0.0,0.0,0.0,4.2
08420,19.234,4.933,30.033,1.825,6.055,0.55,0.0
08421,1.15,1.661,4.216,3.1,5.815,0.926,4.1
08430,0.4,3.3,0.0,1.9,1.55,0.0,10.15
08431,1.15,0.22,3.533,4.662,0.329,0.5,1.95
08440,0.0,5.383,2.938,3.738,0.56,1.6,2.95
08441,0.25,1.85,0.1,0.0,0.0,0.45,0.0
08450,0.85,0.35,0.15,0.933,1.45,2.105,3.75
08451,0.65,1.75,0.5,0.8,0.8,1.35,12.455
08452,0.0,2.038,1.243,0.15,16.817,1.383,0.0
08460,9.7,5.3,0.0,1.45,1.7,0.0,0.0
08461,0.0,3.3,8.648,0.3,1.25,0.0,3.613
08465,0.0,0.0,0.0,0.0,0.0,0.0,0.2
08470,0.0,0.3,0.3,0.0,0.05,0.0,5.35
08471,0.0,0.0,0.0,4.0,0.0,0.0,6.663
08472,0.0,11.25,18.95,0.0,0.0,0.0,0.0
08473,0.0,0.0,3.7,5.05,0.0,0.0,0.0
08474,0.763,0.0,0.7,0.0,0.0,0.0,0.0
08475,0.4,1.75,35.65,1.05,0.0,0.7,0.0
08485,0.0,1.1,0.15,0.0,0.0,1.383,0.475
08490,1.183,0.15,0.35,2.9,0.15,7.15,13.045
08500,0.0,2.883,0.0,0.0,0.0,1.11,0.0
08501,0.0,4.338,0.0,0.0,0.0,0.35,0.0
08502,0.0,0.0,0.0,0.0,2.0,0.0,0.55
08503,0.0,0.0,13.5,0.0,0.25,0.0,0.0
08504,0.0,0.2,19.2,0.0,0.0,0.0,0.0
08505,0.0,0.1,0.0,0.0,0.2,0.0,0.0
08506,0.0,0.0,0.0,0.0,0.0,0.0,8.75
08507,0.0,0.343,0.0,0.0,0.0,0.0,0.3
08508,0.0,0.0,0.0,0.0,0.0,0.0,0.15
08510,0.0,0.0,0.0,0.75,0.0,0.0,0.0
08525,0.0,0.0,0.0,0.0,1.55,1.65,0.0
08526,5.85,11.4,0.0,0.7,0.0,34.5,0.683
08527,0.0,0.3,0.0,0.0,0.175,0.0,0.1
08528,4.6,0.0,0.0,1.55,0.0,0.0,1.835
08529,0.0,0.35,0.0,0.0,0.0,0.0,0.0
08530,3.45,2.476,0.0,0.0,0.0,0.0,0.0
08531,0.0,0.0,0.0,5.2,0.0,0.15,0.0
08532,0.0,0.0,0.0,0.0,0.0,0.0,0.0
08533,0.0,0.0,4.363,14.1,0.0,0.0,0.0
08534,0.0,0.0,0.0,0.0,0.0,1.8,0.0
08535,0.0,0.117,0.0,0.0,0.0,0.0,0.0
08536,3.05,0.15,0.0,0.25,1.1,0.0,0.0
08537,0.0,0.95,0.0,0.0,0.0,0.0,0.0
08538,0.175,7.75,0.0,0.0,0.3,2.3,0.0
08539,0.0,0.0,0.45,0.0,0.0,0.0,0.0
08540,0.0,0.2,0.0,0.0,0.5,0.0,0.0
08542,0.2,0.45,3.2,1.2,2.0,0.05,0.0
08543,0.45,2.883,0.6,0.0,0.2,0.0,0.0
08544,0.166,0.283,0.0,0.0,0.0,0.0,0.0
08545,0.0,0.0,1.1,0.0,0.0,0.95,0.2
08550,18.0,4.7,0.0,0.0,0.0,10.546,0.15
08551,0.0,0.0,0.0,1.75,1.5,0.0,0.0
08552,0.0,4.25,0.0,1.25,0.679,0.0,1.125
08553,0.0,0.0,0.128,2.564,0.0,0.0,0.0
08554,0.0,0.0,1.4,11.15,0.0,0.0,0.161
08555,0.0,0.0,0.0,0.0,0.0,0.4,0.0
08556,0.0,0.2,0.0,0.0,0.0,0.0,0.0
08557,1.296,0.0,6.85,1.1,0.0,1.55,0.0
08558,0.0,0.0,0.0,0.0,0.1,0.0,0.0
08559,0.0,0.4,19.45,0.2,0.0,0.0,0.0
08560,1.55,0.0,0.5,0.0,0.25,0.0,0.0
08561,1.2,0.9,1.5,0.207,0.0,0.0,0.0
08562,7.85,0.0,4.1,0.0,0.45,0.4,0.0
08563,0.0,5.675,0.663,0.0,0.575,0.0,0.0
08564,0.0,0.0,0.0,1.9,0.85,0.0,0.0
08565,0.0,0.15,0.0,0.528,0.0,0.0,0.0
08566,0.0,0.0,0.0,0.0,0.0,0.0,0.0
08567,0.0,0.0,0.0,0.2,0.0,1.917,0.0
08568,0.0,0.0,0.0,0.0,0.0,0.0,7.85
08570,0.0,0.0,0.0,0.35,0.25,0.0,0.0
08571,0.122,0.45,0.0,0.0,0.0,0.0,0.0
08572,24.408,6.55,0.0,1.925,30.0,0.0,10.7
08573,11.875,1.895,6.058,0.05,0.35,8.8,9.0
08574,0.458,0.6,0.2,0.0,16.05,0.5,0.0
08575,0.2,0.0,0.0,0.0,0.0,0.0,0.15
08576,7.933,0.75,4.95,0.823,4.95,0.733,0.0
08577,0.0,0.45,10.893,0.238,0.617,0.0,12.8
08578,0.0,0.2,0.0,0.0,0.0,0.0,0.0
08579,0.35,0.575,5.8,0.0,0.5,0.0,0.0
08580,0.721,0.0,0.2,1.65,0.7,0.0,0.0
08581,0.0,0.0,0.0,0.0,28.35,0.0,0.0
08582,0.4,0.9,0.0,0.0,0.0,0.0,0.0
08583,0.567,0.45,0.0,4.95,0.0,0.0,0.15
08584,1.383,0.0,2.385,0.0,0.25,0.11,0.501
08587,0.0,2.3,3.25,0.2,0.05,0.55,8.6
08588,0.95,1.033,30.25,9.775,0.0,0.0,1.65
08589,3.0,0.0,0.0,0.8,0.0,0.0,0.0
08590,0.0,0.0,0.0,0.0,0.15,0.0,0.0
08591,0.0,0.0,0.65,0.0,0.0,0.0,0.0
08593,2.3,0.0,0.0,0.0,0.0,0.0,0.0
08594,0.45,1.025,0.0,0.0,1.17,0.0,0.0
08595,0.0,3.9,0.0,0.0,0.0,0.0,0.0
08596,0.0,0.0,0.0,0.0,0.6,0.0,0.0
08597,4.825,0.0,0.0,0.0,0.0,0.0,0.0
08598,0.15,0.0,0.25,5.2,0.0,0.7,0.0
08599,0.275,1.85,0.0,5.517,0.0,1.933,0.925
08610,6.0,17.75,0.25,0.0,0.0,3.688,15.1
08613,0.1,4.772,0.0,1.8,0.0,0.0,0.0
08615,5.425,4.45,2.883,2.45,0.6,8.6,2.6
08616,0.0,0.6,0.334,0.0,0.0,0.0,1.75
08621,0.0,0.0,0.0,0.0,0.2,0.0,0.0
08625,0.0,0.0,0.0,0.8,0.0,0.0,0.75
08630,0.2,10.45,5.95,0.0,1.25,0.4,0.0
08633,0.0,0.0,0.0,3.167,0.0,0.0,0.0
08635,0.0,0.0,0.0,0.25,0.875,2.95,0.0
08640,0.0,0.0,0.0,0.2,0.0,1.05,0.0
08655,0.0,2.7,1.7,0.0,0.0,0.65,0.0
08656,0.0,0.0,0.0,0.0,0.0,1.5,0.0
08660,0.0,16.55,0.0,0.0,0.0,0.0,0.0
08663,7.467,0.0,0.0,1.365,0.0,0.0,0.0
08664,0.9,0.0,2.97,4.55,0.0,6.35,0.85
08665,0.9,0.0,1.4,0.9,0.0,1.35,2.417
08670,0.25,0.55,0.35,0.0,0.0,0.0,0.6
08671,0.0,0.0,0.0,0.75,6.883,0.15,0.0
08673,4.45,2.75,13.014,1.4,0.0,0.775,0.0
08674,11.825,5.696,0.538,1.7,0.0,4.788,0.0
08675,0.0,1.6,0.2,1.1,0.386,0.0,0.4
08676,0.43,0.35,0.0,24.1,3.05,0.0,0.0
08680,8.55,15.467,0.0,0.0,0.0,0.0,0.0
08683,0.0,0.3,0.0,0.0,0.4,0.0,7.0
08685,3.35,0.0,0.0,0.0,0.0,0.45,0.0
08686,1.45,1.183,0.0,0.0,0.0,0.0,0.0
08690,0.0,0.0,0.8,5.65,6.85,11.6,0.0
08693,1.05,1.55,0.0,0.425,1.775,0.0,0.0
08694,0.0,0.0,0.1,0.35,0.0,1.61,1.0
08695,17.6,4.6,0.375,2.05,0.0,9.15,14.95
08696,0.375,4.25,0.47,3.392,0.43,0.0,0.0
08710,2.85,0.25,14.496,10.1,10.55,6.273,8.182
08715,0.924,0.0,0.0,0.0,0.25,0.0,0.0
08717,2.6,2.392,1.2,6.55,16.108,6.425,4.808
08720,0.335,0.0,0.417,0.0,0.0,6.5,0.283
08725,10.25,0.0,4.8,23.35,0.0,0.0,0.1
08726,0.0,0.0,0.584,0.0,0.0,0.0,0.0
08730,1.45,15.8,4.35,0.0,4.953,18.9,0.26
08735,3.9,2.25,6.118,1.0,0.0,0.0,0.5
08737,0.9,0.3,0.68,3.65,6.05,0.0,7.05
08738,0.4,0.4,2.1,0.0,0.85,0.0,0.05
08740,7.05,0.0,1.275,3.4,0.0,0.0,0.0
08742,5.9,0.0,0.0,0.0,0.0,0.0,0.0
08743,0.7,10.234,0.6,0.15,0.15,15.7,1.7
08744,0.0,6.9,0.525,1.85,0.0,0.0,13.7
08745,0.0,1.525,2.05,0.1,0.0,0.125,0.0
08747,0.0,0.0,0.0,0.0,0.0,0.0,0.0
08750,3.259,29.717,4.8,1.45,0.0,0.0,0.0
08752,0.0,0.0,0.85,3.6,0.9,0.0,0.0
08753,1.2,0.0,0.0,1.2,0.0,0.0,0.0
08760,0.0,0.0,0.0,0.0,0.5,0.0,0.0
08761,0.0,1.0,0.0,0.0,2.55,0.0,0.0
08762,0.0,0.0,0.0,0.25,0.0,0.0,0.0
08763,0.0,0.0,1.35,0.0,0.726,0.0,8.45
08765,1.2,0.0,0.0,0.0,0.0,0.0,0.0
08766,18.05,9.6,0.0,0.0,0.0,0.0,0.0
08767,0.0,0.0,0.0,0.0,0.0,0.0,1.3
08770,0.15,0.0,0.0,0.3,1.7,0.0,0.0
08771,19.775,0.15,0.3,1.75,0.45,0.213,0.0
08772,0.25,0.0,2.35,0.0,0.0,0.0,0.0
08773,3.716,8.896,1.341,0.54,11.95,1.9,9.828
08774,0.0,0.7,0.0,0.0,0.0,0.0,0.0
08775,1.157,16.26,0.808,0.467,1.95,0.2,0.0
08780,0.275,0.75,7.75,6.35,1.8,11.39,8.663
08790,1.55,21.925,0.0,1.175,2.0,14.6,0.0
08793,0.0,0.0,0.916,0.0,3.008,0.0,0.15
08795,0.0,2.2,2.55,0.0,3.723,0.0,0.0
08810,4.288,3.2,0.0,0.2,0.0,7.9,1.6
08820,0.0,0.0,2.75,2.6,2.1,0.0,0.25
08830,0.0,13.379,2.3,0.5,0.78,0.9,2.153
08840,0.0,3.305,0.0,0.0,0.0,1.75,0.0
08850,0.0,0.0,0.0,0.6,0.0,0.0,3.75
08880,0.0,5.2,0.0,2.0,0.0,0.0,0.0
08900,0.28,7.55,3.1,0.0,3.813,0.6,2.4
08940,0.0,0.6,0.0,18.35,5.267,1.2,0.4
08970,6.275,5.448,6.3,0.834,0.367,0.0,0.0
09010,9.05,0.0,0.0,0.0,0.0,0.0,1.6
09015,0.532,0.998,0.0,0.2,2.017,2.275,0.533
09020,17.5,9.338,1.95,1.25,0.0,0.0,11.7
09030,17.55,0.917,2.617,36.217,0.15,0.5,0.25
09040,11.1,2.275,0.2,1.752,2.1,0.15,0.25
09041,15.35,0.2,0.25,0.2,4.3,4.65,1.1
09050,19.27,1.7,0.0,0.0,0.0,0.0,0.0
09051,0.0,0.0,0.0,1.35,0.35,0.75,0.0
09060,22.49,1.742,5.567,0.0,3.808,2.75,3.938
09061,0.1,2.9,0.3,4.15,1.65,0.1,0.55
09070,4.85,2.013,19.1,21.375,13.8,0.347,5.448
09071,1.15,1.8,0.8,3.75,0.0,4.338,1.45
09080,4.498,3.85,11.96,0.0,5.25,11.4,3.6
09090,2.575,3.209,1.05,1.8,1.853,7.5,2.7
09110,1.568,9.483,1.75,0.75,0.0,0.0,0.383
09111,46.6,1.0,11.475,26.8,12.25,3.92,5.983
09112,0.45,4.797,0.55,0.0,16.45,0.3,0.0
09120,10.0,0.0,0.34,9.05,0.26,1.2,4.6
09121,16.18,31.25,0.1,19.35,2.35,15.5,9.825
09130,0.775,1.333,1.55,0.65,4.425,0.0,4.5
09131,0.0,0.0,0.0,0.0,0.0,0.0,0.0
09132,2.1,0.0,0.0,2.1,0.0,0.0,5.35
09133,1.426,0.0,0.0,1.7,0.2,0.0,0.0
09134,0.0,0.3,0.0,4.5,0.0,2.35,0.0
09139,0.0,0.0,0.0,0.0,0.0,0.0,0.0
09160,0.0,0.0,0.0,0.0,0.0,0.0,0.166
09170,0.0,0.0,3.488,2.973,2.35,4.25,0.0
09171,0.767,4.75,0.4,2.7,0.75,0.0,1.0
09172,0.0,2.5,2.3,11.825,0.0,4.6,2.35
09175,0.0,0.0,4.7,0.0,0.0,0.734,2.058
09176,6.025,0.15,0.0,0.0,0.5,0.0,0.0
09180,0.45,0.32,1.0,1.465,3.55,10.074,2.8
09181,0.95,2.95,2.05,0.0,2.2,0.694,0.1
09182,0.0,0.525,2.192,0.0,0.0,0.0,17.75
09185,6.75,0.95,2.867,10.217,3.25,0.18,0.9
09190,2.5,1.683,0.325,6.55,0.8,16.85,0.95
09195,6.58,2.6,6.592,15.625,11.4,4.45,1.45
09210,3.265,0.0,1.5,2.275,1.83,29.9,7.914
09220,1.05,3.3,8.788,5.45,2.4,5.1,5.95
09230,7.35,9.35,0.0,0.0,26.051,3.8,5.9
09240,3.555,2.833,14.25,1.35,0.15,2.0,2.35
09241,0.0,0.746,0.8,0.0,0.0,0.0,4.35
09250,1.7,11.0,0.575,1.2,0.0,0.0,2.0
09251,0.0,0.0,0.75,2.4,0.0,0.0,0.926
09260,4.882,8.8,1.333,2.1,7.45,0.0,5.119
09270,8.15,6.5,0.0,0.7,0.4,1.0,6.8
09271,1.0,22.473,14.884,1.813,0.901,11.467,13.0
09274,0.0,0.0,0.0,0.0,0.0,0.0,0.0
09280,15.008,0.833,4.356,2.018,0.8,1.75,1.475
09290,1.3,1.113,3.085,0.1,0.2,16.133,1.813
09291,0.314,0.0,2.4,0.0,0.463,0.25,0.0
09310,1.655,19.667,6.875,0.0,12.975,0.75,4.996
09311,0.0,0.0,0.0,0.2,0.0,0.0,0.0
09320,6.034,3.483,0.4,22.7,11.95,0.0,1.323
09321,10.4,35.322,4.49,0.0,8.55,15.35,4.2
09330,1.75,1.775,0.0,38.88,2.938,12.75,10.738
09331,0.0,6.6,0.0,0.0,0.0,0.0,0.0
09332,1.85,1.3,0.0,2.0,0.0,0.0,0.0
09333,0.0,0.0,0.0,1.35,0.0,0.0,0.0
09334,1.7,0.0,0.0,0.0,0.0,0.0,0.0
09335,0.0,1.6,0.0,0.0,0.0,0.0,0.0
09336,0.0,0.0,0.0,0.0,0.0,0.0,0.0
09340,12.167,0.2,0.25,0.0,0.584,0.25,1.215
09341,0.0,1.25,0.0,4.588,0.396,1.5,3.7
09350,0.0,0.2,0.8,16.217,18.55,0.175,0.525
09351,7.032,5.575,2.933,1.65,13.925,6.35,0.0
09360,2.55,2.4,2.7,8.5,0.55,3.783,2.25
09361,0.15,0.67,4.25,0.2,0.35,0.757,2.35
09370,2.3,2.942,2.217,1.207,2.1,0.0,0.35
09371,8.3,13.374,6.383,11.835,3.543,10.625,1.0
09372,0.0,0.1,0.0,0.0,0.0,0.0,0.0
09380,0.0,0.4,1.9,7.1,0.0,0.4,0.315
09381,2.1,0.0,0.0,0.0,7.925,0.0,0.0
09390,0.15,12.113,1.175,36.2,2.583,1.2,0.0
09391,0.0,0.0,0.65,0.0,0.0,0.0,0.0
09400,0.0,0.0,0.15,0.575,0.416,1.0,0.0
09401,0.0,0.5,0.0,0.2,6.0,0.0,0.0
09402,0.418,0.6,0.29,0.0,0.0,0.825,0.3
09403,0.625,0.4,0.0,3.7,2.15,0.0,0.0
09404,0.0,0.0,0.0,0.0,1.384,0.8,0.0
09405,0.0,2.85,0.0,0.175,1.45,5.2,0.0
09406,0.35,0.75,0.5,0.0,0.0,0.0,0.0
09407,0.0,0.85,0.0,0.0,0.0,0.0,0.0
09410,0.0,11.15,0.0,0.0,0.0,0.0,0.0
09411,0.0,0.0,2.9,3.5,0.0,0.0,1.55
09412,0.0,0.0,1.5,0.0,0.0,0.0,2.6
09415,0.9,0.0,0.0,0.0,0.0,0.0,0.55
09416,0.85,0.1,0.0,0.0,0.0,0.0,0.0
09420,0.15,0.0,0.0,1.65,14.6,0.0,1.75
09421,0.0,0.0,0.0,0.0,0.0,0.0,0.25
09422,0.15,0.0,0.0,0.0,0.0,0.7,0.0
09423,0.0,0.0,0.0,1.2,0.0,0.15,0.0
09424,0.0,0.0,0.0,0.0,0.0,0.0,0.283
09425,0.25,0.366,0.4,0.0,3.8,0.0,0.0
09426,0.0,0.0,1.9,0.0,0.0,0.0,0.0
09430,0.0,0.0,0.25,0.0,18.7,0.0,0.0
09431,0.4,0.0,0.75,0.0,0.0,0.0,0.2
09432,0.0,0.0,0.2,0.0,0.0,0.0,0.0
09434,0.0,0.0,0.0,0.0,0.7,2.15,0.0
09435,0.0,0.0,12.25,0.0,0.0,0.0,1.5
09440,1.15,0.0,0.0,0.0,0.0,0.0,0.0
09441,0.0,0.0,0.444,0.0,0.0,0.0,0.0
09443,0.854,0.0,0.0,0.0,0.0,11.35,0.0
09445,0.0,0.0,0.438,0.0,0.0,0.0,0.0
09450,1.143,0.1,35.044,6.888,0.664,5.7,27.291
09510,1.15,0.625,0.0,10.75,1.1,0.0,0.0
09520,2.117,0.2,5.95,0.4,3.683,10.75,3.0
09521,0.0,0.0,1.55,0.0,0.655,3.75,0.0
09530,12.786,7.6,3.685,3.35,1.4,8.563,0.95
09531,4.6,0.0,1.946,0.3,16.6,3.32,0.0
09540,12.778,13.626,10.202,14.428,1.65,22.123,1.9
09541,12.948,2.05,0.853,0.65,0.25,7.275,10.5
09550,15.825,2.73,1.85,0.675,1.2,0.775,4.3
09551,0.9,1.783,20.2,0.0,10.967,3.35,1.271
09560,1.75,5.233,2.203,4.85,0.0,0.5,7.671
09561,0.6,0.3,0.0,0.0,0.0,0.0,0.0
09570,17.5,0.0,19.2,18.05,4.363,0.0,0.363
09571,0.833,3.2,0.65,5.65,4.92,16.5,0.65
09572,21.4,0.3,2.303,1.55,5.638,7.9,11.105
09580,12.076,7.15,0.575,2.2,10.333,0.0,1.333
09581,0.0,0.396,2.363,5.046,0.6,0.0,0.0
09600,0.0,0.0,0.0,0.0,0.15,0.0,0.0
09601,0.0,0.6,0.0,0.0,0.25,0.0,6.1
09603,0.0,0.0,0.0,0.0,0.0,0.4,0.0
09606,0.0,0.0,0.0,0.0,0.317,0.0,0.0
09607,0.0,0.2,0.0,0.0,0.0,0.0,0.0
09613,0.35,0.3,0.0,0.0,0.0,0.0,0.0
09614,0.0,0.0,0.282,0.0,0.0,0.0,0.0
09615,0.4,0.0,0.0,0.0,0.25,0.0,0.0
09616,0.975,0.0,0.0,0.875,0.0,0.0,0.0
09617,0.588,0.0,0.35,0.0,0.0,0.0,4.65
09618,0.3,0.0,3.55,0.0,0.0,0.0,0.0
09619,0.15,0.55,1.15,0.25,27.617,0.0,0.0
09620,0.35,0.4,0.0,0.0,0.0,0.0,0.0
09621,0.127,0.0,0.0,0.0,0.0,0.0,0.0
09623,0.0,0.0,6.45,0.0,0.0,0.0,0.0
09624,0.0,0.0,1.05,0.15,1.25,0.0,0.0
09625,0.3,0.0,0.0,0.0,0.584,0.0,0.0
09626,0.0,0.0,1.22,1.15,0.416,0.0,0.0
09627,0.0,0.532,5.916,0.35,0.0,0.0,0.0
09628,0.17,0.0,0.0,0.0,0.0,0.0,0.0
09629,0.0,0.0,0.0,1.05,0.0,0.2,0.0
09631,0.0,0.0,0.2,0.5,0.0,0.0,0.0
09633,0.0,0.0,0.0,0.0,0.35,0.0,0.0
09634,0.1,0.0,0.0,0.0,0.0,0.0,0.0
09635,0.85,4.385,1.4,2.6,3.45,2.12,7.75
09636,0.0,0.0,0.0,0.0,0.8,0.0,0.0
09640,0.0,0.0,0.5,0.2,0.0,0.46,0.0
09641,0.0,0.0,2.0,1.35,0.0,0.0,0.0
09651,0.0,0.0,1.0,0.0,0.0,0.0,0.0
09655,0.0,0.0,0.2,0.25,0.0,0.0,0.0
09656,0.0,0.0,0.0,0.0,0.0,0.0,1.5
09657,0.0,0.0,0.0,0.0,0.75,0.0,0.0
09660,1.05,0.0,0.0,0.0,0.0,0.48,0.0
09661,0.0,0.0,6.61,0.0,0.3,0.3,10.975
09662,0.0,0.0,0.0,0.0,0.0,0.0,0.0
09663,5.633,0.0,1.2,0.0,0.0,0.0,0.501
09664,0.0,0.0,0.0,0.0,0.9,0.2,0.0
09666,0.0,0.0,0.35,0.0,0.0,0.0,1.075
09667,0.0,0.0,0.0,0.15,0.2,0.0,0.0
09668,0.25,5.8,0.15,0.853,0.572,0.0,0.625
09669,0.0,0.0,0.0,0.0,0.0,0.0,0.0
09670,0.0,0.0,0.0,0.0,0.0,0.0,0.0
09671,0.0,0.0,10.8,0.0,0.35,0.0,0.0
09672,0.375,0.0,0.0,0.0,0.0,0.0,0.0
09682,0.0,14.965,0.0,0.175,0.0,0.0,0.0
09683,0.0,0.0,0.0,0.0,7.1,0.0,1.25
09684,0.0,0.3,0.0,0.0,0.0,0.0,0.0
09685,0.0,0.0,2.8,0.0,0.0,0.0,0.0
09686,0.0,0.0,0.0,0.0,0.0,0.0,0.0
09687,0.0,0.083,0.0,0.0,0.0,0.0,1.3
09688,2.425,0.3,0.0,0.0,0.0,0.0,0.0
09689,0.0,1.125,0.0,0.0,6.55,0.0,0.0
09690,0.0,0.8,0.0,1.825,0.0,0.0,0.0
09691,0.0,0.0,2.3,4.65,0.55,0.0,0.0
09692,0.0,0.0,0.0,0.0,0.0,0.0,0.0
09693,0.0,0.55,0.0,0.0,0.0,0.0,0.0
09696,0.0,0.0,0.0,0.0,0.0,0.0,0.0
09710,11.217,0.0,0.1,4.051,11.15,10.435,1.4
09715,0.0,0.125,0.55,6.075,1.4,12.771,0.0
09720,2.75,2.684,0.6,1.405,2.875,0.584,3.15
09721,0.3,0.85,2.075,0.25,0.6,0.3,0.0
09725,15.65,11.138,0.15,9.15,1.98,2.184,3.5
09726,0.15,7.34,16.05,1.342,2.652,0.0,1.001
09732,0.0,0.5,3.299,0.175,1.1,0.0,0.0
09750,14.55,1.606,2.35,0.9,6.35,3.28,17.158
09751,6.15,10.101,16.346,0.15,6.35,0.207,16.55
09760,1.6,0.0,1.6,14.547,25.95,8.35,7.5
09761,5.438,0.8,1.675,0.675,0.075,0.603,0.0
09762,0.0,0.0,0.0,0.0,0.0,0.0,0.667
09765,0.0,0.85,0.0,0.0,0.0,0.0,0.0
09770,11.825,4.1,3.55,4.6,0.0,0.0,0.6
09771,3.925,2.127,0.25,0.375,0.2,10.9,1.933
09772,0.3,0.0,0.0,0.0,0.0,0.0,0.0
09780,39.6,2.3,0.0,1.165,2.65,0.375,1.263
09781,0.875,12.7,1.25,0.6,0.3,0.35,1.401
09782,0.0,0.0,0.0,5.508,0.0,0.0,0.0
09783,0.0,0.25,0.0,0.644,5.775,0.0,0.0
09784,0.45,0.0,8.55,0.0,0.0,0.0,13.95
09785,0.0,0.0,0.1,0.0,0.0,0.0,0.25
09790,11.1,0.2,0.0,13.0,20.8,0.693,2.05
09791,7.8,0.75,3.25,2.75,1.114,3.838,3.15
09792,0.0,14.25,0.0,0.0,0.0,0.0,0.0
09810,0.0,22.925,0.0,0.58,0.2,1.45,1.317
09811,0.15,18.363,3.5,0.65,2.4,30.4,0.367
09812,1.652,0.0,2.1,0.125,1.05,0.95,0.9
09820,10.575,7.0,12.483,4.55,9.71,1.05,3.25
09821,0.0,1.75,0.0,0.0,0.0,1.538,0.25
09822,0.0,0.0,0.2,0.0,0.0,0.0,0.0
09830,0.175,0.0,0.0,0.0,0.0,0.0,7.0
09831,0.56,2.8,0.25,0.0,0.3,0.834,2.05
09832,0.0,0.0,0.0,0.0,0.0,0.0,0.0
09837,0.0,0.0,0.0,0.0,0.0,0.0,0.0
09840,18.5,15.871,0.3,0.1,12.45,3.375,1.3
09841,0.45,0.0,1.0,0.958,1.501,1.11,0.35
09842,0.6,2.15,0.35,0.0,0.35,0.0,0.0
09843,0.0,1.2,0.3,0.3,0.15,0.0,0.0
09844,0.0,0.0,0.0,0.0,1.2,0.0,1.4
09845,0.0,0.0,1.383,0.0,1.8,0.0,0.0
09846,0.2,0.1,0.0,0.0,0.0,0.444,0.0
09847,0.0,0.0,0.0,0.95,0.233,0.6,0.5
09850,5.784,21.175,19.475,4.2,0.05,2.75,3.95
09851,1.1,1.45,1.0,0.25,2.328,0.0,0.28
09852,0.0,0.0,3.5,0.9,0.833,0.0,0.0
09853,0.0,0.0,0.15,1.397,0.0,12.425,0.0
09854,1.15,0.0,2.0,0.15,3.7,13.542,3.35
09855,0.25,4.05,11.55,1.6,0.0,0.0,5.4
09856,0.15,0.0,0.0,0.0,0.15,0.0,0.0
09857,0.425,0.0,0.0,0.0,0.0,0.0,0.0
09860,0.45,57.9,0.0,1.05,0.0,9.75,0.0
09861,14.535,1.35,1.35,21.34,0.126,0.3,8.9
09862,0.0,0.0,0.4,30.0,0.45,0.4,0.0
09890,3.0,2.617,6.205,0.9,0.0,0.183,10.475
09891,0.0,0.0,20.0,1.575,0.0,4.15,0.175
09892,4.075,1.6,0.517,4.3,3.25,0.0,1.0
09894,0.0,0.0,0.0,0.0,0.95,0.0,0.0
09895,0.4,19.7,10.083,9.138,0.8,7.9,11.5
09896,0.0,0.3,0.0,0.8,0.1,0.0,0.2
09910,8.657,10.875,1.225,12.292,9.79,2.2,4.433
09911,4.6,9.713,1.308,0.0,0.6,7.0,0.6
09912,29.4,0.0,0.0,2.2,1.7,0.0,0.5
09913,0.0,0.0,0.0,2.9,4.9,0.0,0.0
09920,5.425,4.4,0.6,0.1,20.15,0.65,1.4
09921,0.0,3.15,0.0,0.0,11.35,0.0,0.0
09930,1.2,3.15,0.45,0.0,11.85,0.0,7.489
09931,0.0,1.65,0.0,0.167,2.771,0.0,2.4
09932,7.55,0.0,0.0,0.5,2.841,0.6,0.0
09940,0.0,1.6,0.0,0.0,1.5,0.2,6.325
09941,1.4,0.55,0.0,17.217,7.462,2.65,1.2
09942,0.0,0.0,0.15,0.0,0.0,0.0,0.0
09950,13.757,3.0,1.15,1.6,6.35,15.675,6.3
09951,8.325,0.4,5.85,3.0,0.45,11.325,2.46
09952,6.428,0.0,0.0,0.0,0.0,0.0,0.45
09960,1.3,0.317,0.2,3.2,0.0,0.0,9.9
09961,0.388,0.0,0.76,0.0,14.067,0.2,0.0
09962,0.0,1.245,0.0,0.0,0.6,0.0,0.0
09971,0.0,1.6,0.0,0.15,1.9,0.0,0.0
09972,14.1,1.05,0.0,0.0,0.0,0.0,0.0
09973,0.0,0.0,0.55,1.35,1.383,0.0,1.05
09974,0.35,0.0,0.5,0.0,0.0,0.0,0.0
09980,0.0,0.55,3.967,0.6,0.0,1.25,0.0
09981,0.0,0.0,0.0,0.0,0.2,0.0,0.0
09990,1.75,9.22,0.85,1.6,0.0,0.0,0.867
09991,0.383,0.0,0.55,0.0,0.0,0.0,6.052
09992,0.0,0.0,0.0,0.0,0.0,0.2,0.0
09993,0.658,0.15,0.0,0.0,15.75,0.0,0.0
11010,5.01,26.1,1.672,0.0,1.1,1.1,0.0
11013,2.3,0.18,4.64,0.0,0.1,1.05,17.546
11015,11.05,26.8,12.933,2.894,21.843,5.9,4.322
11020,7.1,89.935,54.3,8.075,2.4,0.0,1.3
11025,22.2,15.573,11.981,10.45,4.05,2.7,4.683
11030,56.449,23.798,12.225,7.25,13.598,13.75,18.802
11035,24.041,2.25,3.675,4.866,3.814,2.1,3.127
11040,33.869,13.653,19.88,1.9,3.1,10.05,2.233
11045,42.6,14.9,5.626,21.86,0.3,19.988,4.839
11050,0.65,0.35,0.1,0.15,4.538,5.205,29.625
11055,1.6,9.695,40.75,5.85,17.4,13.294,1.633
11060,8.75,4.85,6.455,16.65,32.302,15.33,3.25
11065,32.3,32.33,40.55,2.862,23.55,4.453,11.75
11070,20.6,59.757,44.633,3.073,49.425,4.25,0.55
11075,3.222,38.317,29.25,11.7,21.936,6.967,14.288
11080,0.0,1.0,0.0,0.0,0.0,0.0,0.85
11081,0.0,0.0,0.0,0.0,0.0,0.0,0.0
11082,0.0,0.6,0.0,0.0,0.0,0.0,0.0
11085,2.758,1.3,1.0,0.2,0.0,0.75,3.625
11086,5.0,0.0,0.0,0.0,0.3,0.2,0.0
11088,0.45,7.0,0.6,0.0,0.5,0.0,0.0
11089,0.0,18.05,2.35,0.0,0.0,1.65,0.0
11090,1.7,0.0,0.0,0.2,0.0,0.0,0.0
11095,0.7,10.95,0.35,2.22,1.067,0.4,0.0
11250,37.424,14.925,21.246,16.35,0.677,2.025,31.335
11310,1.536,1.35,7.31,1.833,3.233,3.05,2.35
11320,1.942,1.975,5.3,18.988,11.45,0.867,0.55
11325,0.0,0.0,0.0,0.5,0.0,2.243,1.3
11330,0.2,7.75,0.0,0.0,0.0,0.0,0.0
11335,0.0,0.363,0.0,0.125,0.0,0.205,0.0
11340,1.757,0.6,1.55,1.15,0.0,0.0,0.107
11345,0.0,0.2,0.0,0.0,0.0,0.0,0.0
11346,0.0,0.0,0.5,0.0,0.25,0.135,0.0
11347,5.25,0.0,2.417,0.25,0.0,26.3,0.15
11348,0.0,0.0,0.0,0.0,2.017,0.15,0.0
11350,0.0,0.0,0.0,0.0,0.0,0.18,6.25
11355,0.0,1.063,6.05,0.35,0.35,30.05,0.1
11360,0.0,0.0,10.25,2.45,0.0,0.0,0.0
11365,4.95,0.0,9.567,0.0,1.8,0.0,0.0
11370,1.75,0.0,1.16,0.075,3.175,0.0,0.0
11380,2.3,1.917,0.0,3.2,8.567,0.5,21.65
11390,0.25,0.2,20.166,0.584,0.1,1.3,0.0
11410,39.95,2.108,0.6,6.1,0.334,0.0,0.65
11420,27.95,15.85,20.607,2.925,6.738,0.0,1.7
11421,0.0,0.0,0.65,0.0,0.0,0.0,0.0
11425,0.25,0.25,0.0,0.0,0.0,0.282,0.0
11430,0.0,2.376,0.0,0.0,2.4,0.1,0.0
11431,6.75,7.5,0.907,0.0,0.0,0.0,0.197
11432,6.15,0.8,0.0,0.0,5.12,0.8,1.65
11435,0.0,0.0,1.4,0.0,0.0,0.05,0.0
11436,0.2,0.0,12.05,0.0,0.0,0.175,0.0
11440,0.95,1.225,17.583,4.5,0.0,5.3,3.4
11441,0.0,0.2,7.05,0.0,7.0,0.35,0.0
11442,0.0,1.65,3.2,1.625,0.0,0.0,0.483
11443,0.3,0.0,0.0,3.36,19.534,1.45,0.644
11444,0.0,0.3,0.0,0.4,0.0,0.0,0.2
11446,0.975,2.65,0.0,0.0,1.6,5.85,2.427
11450,1.25,0.0,0.0,4.5,0.0,8.5,0.0
11451,8.617,0.0,1.35,0.0,0.3,0.2,0.5
11453,0.0,0.2,0.0,0.0,0.0,1.65,0.0
11454,9.45,0.0,0.5,0.0,9.65,22.05,0.4
11460,3.85,0.4,0.0,0.9,0.0,1.9,0.666
11461,0.0,4.55,0.0,0.0,0.0,0.25,0.0
11462,0.0,0.0,0.0,0.0,0.0,0.0,0.0
11463,0.0,0.0,0.0,0.0,0.0,0.0,0.342
11470,0.9,0.0,0.0,17.6,0.0,0.0,0.0
11471,0.0,0.9,0.727,0.0,0.0,0.0,0.0
11472,0.0,0.0,0.0,9.9,0.0,2.35,0.0
11473,0.0,0.0,0.0,0.0,0.1,0.0,0.0
11495,5.475,0.2,1.5,0.0,0.1,0.0,0.2
11497,0.0,0.0,7.0,0.0,0.0,0.0,0.0
11500,0.0,2.113,0.418,1.55,18.2,0.0,4.45
11510,10.05,0.0,0.0,0.888,0.0,0.0,0.0
11515,0.0,0.0,0.0,0.0,0.0,0.0,8.45
11520,3.0,0.15,2.025,0.0,0.0,0.0,0.8
11523,0.25,2.0,10.75,0.0,0.0,0.0,0.0
11525,0.15,0.0,0.4,0.0,1.15,0.0,1.1
11530,0.0,0.2,0.0,0.2,3.75,0.0,0.3
11531,0.9,0.0,0.0,0.0,0.761,0.0,0.0
11533,1.1,0.0,0.65,12.6,0.15,1.35,1.075
11534,0.6,0.0,0.15,33.1,2.7,0.0,0.0
11535,0.0,0.15,0.0,0.0,0.0,0.0,1.36
11538,0.85,0.0,0.0,0.0,0.0,0.0,0.0
11540,0.0,0.0,0.35,0.0,0.0,0.0,0.0
11542,0.75,0.0,0.0,0.0,0.0,0.0,0.0
11543,0.4,0.0,0.0,0.0,0.0,0.0,0.0
11600,0.0,0.0,0.0,0.0,0.0,0.417,0.0
11601,0.0,0.0,0.0,0.0,0.0,0.0,0.0
11602,0.95,0.0,0.0,0.0,0.0,0.0,0.0
11605,2.5,0.0,0.0,0.0,0.0,0.0,0.0
11606,0.0,0.0,0.0,0.0,0.0,11.05,0.0
11608,0.584,1.3,0.15,0.167,0.15,0.0,0.0
11609,2.9,0.0,0.0,0.0,0.0,0.0,0.0
11610,0.0,0.0,0.0,0.0,1.25,0.325,0.0
11611,3.4,0.0,14.0,0.0,0.0,0.0,0.9
11612,0.0,0.0,0.2,3.1,0.418,0.0,0.0
11617,0.0,0.0,0.0,0.0,0.0,0.0,0.0
11618,4.338,0.0,0.0,0.0,0.4,0.0,0.0
11619,0.0,0.6,1.55,0.0,0.85,0.0,0.0
11621,0.0,0.0,0.0,4.825,0.0,0.0,0.0
11622,0.75,0.0,0.1,26.2,0.0,0.0,0.0
11623,0.2,0.0,0.25,4.105,0.0,0.225,0.3
11624,0.0,0.0,0.5,0.0,2.05,0.0,4.2
11628,0.7,7.95,0.0,0.0,0.9,0.0,2.283
11629,3.305,0.0,0.0,0.0,0.0,0.0,0.0
11630,10.4,22.16,17.322,9.55,9.75,0.65,1.218
11660,0.5,19.6,0.281,1.85,3.075,11.117,0.0
11661,0.288,1.679,0.0,0.3,1.152,0.0,1.8
11662,0.0,0.0,0.0,0.0,3.733,0.0,0.0
11664,0.0,0.0,0.0,0.0,1.7,0.0,0.0
11665,7.875,3.9,0.5,0.0,1.55,0.8,0.0
11666,0.85,0.0,2.55,0.0,0.0,0.0,0.0
11667,0.25,0.0,0.0,5.55,0.0,0.1,0.0
11668,0.0,15.225,1.867,0.6,0.0,0.0,0.0
11669,0.0,0.0,0.0,0.9,0.0,2.15,0.0
11670,0.0,0.0,0.0,4.6,5.65,0.0,0.525
11671,0.0,0.0,0.0,0.0,4.15,0.0,0.0
11672,6.05,0.0,0.0,0.0,0.0,0.0,0.0
11673,0.0,0.0,0.45,0.0,0.632,0.0,0.0
11674,1.1,9.0,0.0,0.0,0.0,0.6,0.0
11675,0.0,0.0,0.325,0.0,0.0,0.0,0.0
11676,0.0,0.0,0.35,0.0,0.0,0.0,0.0
11677,0.0,4.338,17.25,0.0,0.0,0.0,0.75
11679,0.9,0.0,0.0,0.0,0.0,0.0,0.0
11680,12.382,40.807,2.835,3.5,23.44,8.732,39.084
11700,4.523,30.95,20.762,25.382,11.2,10.865,14.1
11701,8.3,32.508,7.75,3.1,2.71,17.507,0.2
11702,19.7,5.363,42.495,2.25,11.1,5.307,28.183
11703,8.45,0.45,0.2,0.5,0.6,6.95,3.05
11704,6.75,9.025,0.528,18.2,5.133,6.017,1.45
11705,0.45,2.35,9.02,4.3,9.075,0.6,0.0
11706,0.6,0.25,0.55,2.6,0.0,24.735,9.75
11707,0.603,0.0,0.0,0.5,0.0,0.0,0.0
11708,0.0,0.0,0.0,0.2,0.0,0.0,0.3
11709,0.269,0.0,7.55,0.0,0.0,0.0,0.314
11710,0.0,0.0,0.0,0.0,0.0,1.25,0.0
11711,0.2,1.05,0.0,0.0,0.0,0.0,0.0
11712,11.4,0.0,4.07,1.0,1.178,0.0,0.0
11713,0.3,2.6,0.25,0.1,15.3,6.017,17.177
11714,0.55,0.0,0.0,0.25,0.0,0.0,0.0
11717,0.0,1.9,0.0,0.0,0.0,2.975,0.0
11718,0.0,0.0,0.0,5.527,0.0,0.0,0.0
11719,0.0,1.5,0.0,0.0,0.0,0.4,0.0
11721,0.9,0.0,0.0,0.0,0.0,0.444,1.2
11722,0.0,11.546,3.1,0.0,30.0,0.55,0.0
11723,0.0,9.75,0.0,0.0,0.0,0.0,0.0
11724,0.0,0.0,0.15,0.85,0.0,0.0,0.0
11725,0.2,1.331,1.15,0.4,6.25,0.0,0.0
11730,26.282,1.3,10.95,3.6,53.276,6.8,31.875
11740,2.408,3.525,32.97,22.972,14.7,30.395,52.35
11750,28.1,3.818,12.658,18.063,1.3,99.647,4.775
11760,0.5,6.4,0.0,9.95,0.35,0.0,0.0
11790,1.733,0.0,0.0,1.9,1.85,0.0,0.0
11800,0.4,0.0,0.0,0.598,0.0,3.35,2.4
11850,0.0,10.705,0.2,0.0,0.0,2.7,0.25
11900,2.844,2.647,89.035,16.913,4.4,8.15,5.0
11910,0.4,0.0,0.0,0.0,0.395,0.0,0.0
11920,3.35,7.0,0.275,7.4,0.583,2.6,12.942
11925,0.0,0.0,0.35,0.0,0.0,0.0,0.0
11930,7.9,0.0,24.8,0.35,0.05,9.05,0.0
11940,16.968,1.05,0.0,0.0,0.0,0.0,0.0
11950,0.2,4.75,2.1,0.6,25.513,1.9,0.5
11955,16.25,1.2,0.0,0.0,0.0,0.0,0.0
11960,10.45,0.0,0.0,0.05,1.65,0.0,0.0
11990,3.775,0.0,0.0,1.95,0.0,2.05,0.0
12010,0.3,2.15,5.6,0.0,0.45,5.439,2.1
12020,1.25,3.15,0.0,2.633,0.543,0.35,9.58
12030,0.8,1.55,31.879,39.15,0.65,1.125,7.45
12031,1.563,1.825,0.0,0.77,4.967,0.0,0.5
12032,0.0,0.0,0.0,0.1,0.0,0.0,0.0
12040,1.3,0.8,4.7,0.1,1.95,18.4,12.0
12041,1.75,24.2,0.0,0.0,16.0,0.0,0.0
12042,0.0,1.05,4.15,0.121,0.9,0.0,0.0
12043,0.396,0.75,0.0,0.15,17.95,0.05,0.0
12050,0.75,0.0,3.5,0.0,2.4,0.0,0.175
12051,9.6,1.813,0.0,6.55,0.95,0.0,0.0
12052,0.0,4.65,0.0,1.4,9.4,0.0,0.363
12053,2.763,0.492,0.0,0.0,0.0,1.146,0.0
12060,3.51,4.1,1.15,15.35,0.117,0.0,1.4
12061,2.667,0.121,5.25,0.0,11.602,0.0,1.65
12062,2.8,0.0,6.875,0.0,0.0,15.0,0.0
12070,5.595,1.05,0.0,1.2,11.015,0.0,0.55
12071,2.15,0.95,0.0,4.425,5.3,0.0,0.0
12072,0.0,1.75,2.7,0.0,0.0,0.15,0.0
12080,0.075,0.0,57.4,3.559,0.0,0.0,4.0
12081,0.0,2.3,0.0,0.0,0.0,0.2,2.7
12082,6.05,0.0,0.0,3.6,0.0,0.0,0.0
12086,0.0,0.65,0.0,6.0,0.55,0.0,0.0
12090,2.25,0.0,1.55,1.5,0.428,1.525,0.0
12091,0.25,0.2,0.875,1.55,0.0,1.05,0.0
12092,0.172,0.0,0.0,1.05,0.0,0.0,0.15
12093,0.0,0.0,0.0,0.0,0.2,0.975,0.0
12095,0.0,0.0,0.0,0.0,0.0,2.15,0.0
12120,8.225,1.2,4.992,7.515,17.213,2.283,6.183
12130,0.0,2.6,0.0,0.0,9.688,0.0,0.0
12140,0.0,10.825,0.0,0.0,0.675,0.0,0.0
12170,0.0,0.0,0.0,0.0,0.0,0.0,0.0
12180,0.0,0.0,1.4,0.0,0.0,0.0,0.0
12209,0.4,0.0,0.0,5.4,8.55,6.3,0.0
12210,0.363,0.0,11.925,0.25,0.0,0.0,0.25
12211,3.85,0.985,17.723,0.0,5.85,0.1,0.6
12212,0.4,0.0,0.45,1.5,0.0,8.5,0.0
12213,0.0,5.838,0.0,0.0,0.2,0.0,0.0
12214,0.0,0.0,0.0,13.75,1.75,0.0,0.0
12215,3.268,8.136,0.9,0.4,3.9,0.0,0.0
12216,11.4,17.516,2.217,2.15,2.1,0.0,0.425
12220,1.65,15.5,8.463,0.56,0.722,0.925,0.75
12221,3.9,2.573,0.35,3.437,0.0,0.8,0.0
12223,0.65,0.0,0.18,7.08,0.4,0.0,1.183
12224,1.65,3.35,0.558,7.6,0.0,1.425,0.35
12225,1.434,11.85,0.3,6.75,0.0,3.9,2.5
12226,0.85,1.0,2.4,0.0,1.5,4.85,0.0
12227,1.567,0.0,16.733,8.6,1.724,3.95,1.8
12228,0.0,4.95,0.3,0.5,0.517,4.325,0.0
12229,0.0,2.15,0.15,1.467,0.9,0.0,0.0
12230,1.75,1.287,9.9,4.31,2.715,8.2,2.36
12231,0.775,0.0,3.517,3.0,8.2,0.0,0.0
12232,0.1,1.95,6.75,4.35,0.0,6.85,7.15
12233,1.58,7.236,2.2,7.45,3.483,2.5,6.823
12234,0.85,0.0,7.85,0.0,6.05,0.0,1.95
12235,1.35,8.65,7.85,7.7,31.05,10.55,1.775
12236,6.892,9.61,25.2,10.155,7.411,1.3,9.538
12237,8.725,1.85,40.021,8.6,0.675,4.901,7.075
12238,61.5,5.15,6.267,0.0,0.0,0.0,0.0
12239,7.4,0.2,7.0,5.2,1.475,0.0,20.975
12240,21.0,2.25,0.882,0.0,4.442,8.83,0.0
12241,0.85,0.1,1.125,12.3,3.7,0.15,0.7
12242,9.846,12.139,1.611,0.0,7.535,14.564,6.35
12243,9.183,28.784,10.692,19.664,8.8,21.536,1.784
12244,11.6,3.233,0.2,4.507,14.9,0.9,19.138
12245,14.636,1.875,13.8,6.86,0.402,2.933,0.0
12246,11.495,21.019,19.193,4.81,3.164,8.925,30.25
12247,0.0,0.325,1.6,1.75,0.3,0.0,7.332
12248,23.707,0.0,3.167,0.5,0.0,0.0,3.099
12260,0.35,7.822,0.0,16.75,0.0,0.0,12.4
12270,0.0,0.0,0.0,0.0,0.4,0.0,0.0
12280,6.222,15.183,0.15,4.967,0.0,1.5,30.4
12281,2.5,0.0,0.835,4.625,2.7,0.775,0.0
12282,0.175,0.0,0.3,2.85,0.225,0.0,0.0
12283,6.7,0.0,0.0,0.7,0.0,0.0,0.0
12284,0.0,0.0,1.2,0.0,0.0,0.0,0.0
12285,0.0,0.0,0.0,0.0,3.08,1.7,0.575
12286,0.0,1.75,1.11,0.0,0.825,1.95,0.0
12287,2.95,0.85,0.15,0.25,0.2,0.1,0.0
12288,0.0,0.0,1.125,0.0,0.0,1.066,0.0
12289,0.0,0.0,0.0,0.0,0.5,0.0,0.0
12294,0.0,0.0,0.0,0.0,0.0,0.0,3.5
12297,0.25,0.0,0.0,0.0,0.0,0.0,0.0
12301,0.0,3.95,1.85,0.6,1.8,0.0,5.7
12302,0.0,0.0,0.0,0.0,0.0,0.0,0.0
12305,17.25,0.0,0.0,0.0,0.613,0.0,21.55
12306,0.45,0.5,0.25,0.0,0.0,12.25,0.3
12307,0.05,0.0,0.4,1.082,0.0,1.225,0.95
12308,0.0,2.292,3.525,1.75,0.0,0.3,1.55
12309,0.0,8.85,0.27,0.0,0.0,0.15,0.563
12310,0.0,2.35,0.85,0.0,5.3,7.95,0.0
12311,0.975,0.0,16.55,0.0,0.0,6.7,0.2
12312,6.5,3.884,0.0,3.63,2.16,9.65,5.9
12315,10.1,0.15,0.3,0.0,1.55,0.0,0.0
12316,0.0,0.0,0.1,9.75,6.9,0.05,0.0
12318,0.0,0.0,0.0,4.8,0.0,0.0,0.0
12319,7.0,0.0,0.0,1.5,0.0,0.0,0.0
12320,0.0,0.363,0.6,0.3,5.45,0.0,18.325
12321,0.65,0.0,3.35,0.0,2.7,0.0,6.55
12322,0.0,0.75,0.15,0.0,0.0,0.0,1.25
12323,0.2,0.0,1.25,0.586,0.0,8.15,0.0
12324,0.108,3.45,0.2,1.3,7.85,9.5,0.35
12325,0.0,0.48,0.0,0.0,0.0,0.0,0.0
12327,2.45,11.083,0.55,0.0,5.8,0.514,0.7
12328,1.1,1.225,0.15,0.75,9.467,0.3,0.2
12329,0.0,0.0,0.0,0.0,0.0,0.0,0.0
12330,0.7,0.0,0.0,0.0,0.0,0.0,0.0
12333,0.0,0.0,0.0,0.0,0.0,0.0,0.0
12334,0.0,0.0,0.0,0.0,3.55,0.0,0.0
12335,0.0,0.0,0.6,0.0,0.0,0.0,0.0
12341,0.0,1.025,0.0,0.0,0.0,0.0,0.0
12350,0.1,0.555,0.0,0.25,0.0,0.0,0.25
12380,0.0,0.0,0.0,0.363,18.5,3.125,1.815
12400,1.9,0.0,9.154,0.568,0.127,26.776,0.0
12401,0.0,0.0,0.0,1.4,0.45,0.18,0.0
12402,14.6,1.5,0.0,1.75,0.2,1.65,0.0
12403,0.0,5.5,0.15,0.11,0.0,0.35,2.8
12405,0.0,0.0,0.2,0.0,0.0,1.15,0.0
12410,2.525,0.0,0.3,2.5,0.0,0.0,0.0
12411,2.45,0.0,0.0,4.6,0.0,0.0,0.3
12412,0.967,1.575,1.375,1.05,0.0,0.396,1.35
12413,0.0,2.55,0.0,0.0,0.0,0.0,0.0
12414,1.85,3.6,0.0,0.0,4.35,7.775,0.0
12420,0.0,0.0,3.5,2.35,0.0,0.0,0.0
12421,0.0,2.3,0.0,0.0,4.05,2.3,0.0
12422,1.4,0.0,0.15,1.55,1.925,0.0,11.15
12423,0.0,0.0,0.0,0.0,0.05,0.0,0.0
12424,2.425,7.45,0.0,0.0,0.0,0.0,0.0
12425,0.0,0.0,0.0,0.0,2.85,1.05,0.65
12440,0.0,0.0,0.15,0.0,0.45,0.0,0.0
12441,0.0,0.0,0.0,0.5,0.0,0.0,0.0
12442,0.0,0.0,0.0,0.0,0.0,1.475,0.0
12443,0.0,0.0,0.0,0.0,0.1,0.342,0.0
12444,0.0,0.0,0.0,0.0,0.0,0.2,0.0
12445,0.0,0.175,0.0,0.0,0.0,0.0,0.275
12446,0.0,0.0,0.0,0.0,0.0,0.0,0.0
12450,0.0,0.0,15.875,0.0,0.0,0.0,0.0
12460,8.35,1.8,11.403,9.25,0.0,4.65,27.66
12490,0.0,0.7,0.0,9.0,1.6,0.175,0.3
12500,0.0,9.35,0.0,0.45,0.0,0.5,1.5
12501,2.456,0.0,0.0,0.0,0.0,0.0,0.0
12502,0.875,0.0,0.0,12.55,1.65,5.1,0.0
12503,0.0,0.15,0.1,0.0,0.0,0.0,11.325
12505,0.0,7.75,0.0,0.183,0.0,0.45,2.6
12506,1.383,0.0,0.0,0.0,0.5,0.0,0.0
12507,0.0,0.175,16.65,0.0,0.0,0.0,0.0
12509,0.0,1.75,0.43,0.0,0.15,0.0,0.0
12510,0.0,0.0,0.0,0.0,0.0,10.475,0.0
12511,0.0,0.0,0.25,0.0,0.0,0.15,0.0
12512,1.4,0.55,0.0,18.55,0.0,0.0,0.0
12513,4.55,0.0,0.55,0.0,0.0,0.0,4.738
12514,0.0,0.2,0.0,0.0,0.0,21.3,14.9
12515,8.207,0.25,0.0,1.75,0.0,1.25,5.65
12516,0.269,0.175,1.0,0.0,8.15,0.0,0.0
12517,0.0,0.0,2.65,0.0,0.18,1.05,1.75
12518,0.8,0.3,0.0,0.0,0.0,0.0,0.2
12519,1.65,0.0,0.0,0.0,0.0,0.0,0.0
12520,0.0,0.345,0.0,0.0,0.0,0.0,0.0
12522,0.0,12.2,3.8,0.0,0.7,0.0,0.0
12523,0.0,0.0,1.7,0.0,0.0,0.0,0.0
12524,0.0,0.0,0.0,0.0,0.0,0.0,0.0
12525,0.5,2.3,0.0,0.0,0.0,0.0,0.0
12530,2.225,1.862,15.05,0.0,5.7,0.0,9.025
12570,2.55,30.633,2.12,20.125,0.55,0.7,1.2
12580,0.5,5.85,0.0,1.8,0.0,0.0,0.0
12600,0.95,0.1,0.0,0.7,0.0,0.0,0.95
12601,0.0,0.0,0.0,0.0,0.0,0.0,0.0
12602,2.083,0.0,0.0,0.0,0.0,5.636,2.75
12603,0.0,2.55,0.0,0.0,5.05,0.0,1.825
12604,0.0,0.532,0.8,1.4,1.55,0.0,4.5
12605,8.1,1.55,0.85,0.35,0.0,0.0,0.0
12606,0.8,0.7,2.114,0.35,0.3,0.25,1.05
12607,2.0,0.0,0.0,0.0,0.0,0.0,0.65
12608,0.0,0.45,5.967,0.2,1.95,0.161,7.45
12609,3.325,1.017,5.4,0.0,0.0,0.0,3.273
12610,0.0,0.0,0.3,0.0,0.0,1.9,0.0
12620,0.625,0.0,2.0,6.717,0.0,0.0,0.2
12630,6.9,2.4,4.083,10.55,9.85,29.4,1.0
12690,3.35,0.0,0.0,0.0,0.0,0.0,0.0
12701,0.0,8.9,2.5,0.0,30.0,2.8,0.0
12702,0.0,0.231,0.0,0.0,0.0,1.1,1.2
12703,5.95,0.0,3.0,0.0,0.0,0.0,2.6
12704,0.0,0.15,0.0,0.0,0.0,0.0,0.0
12705,0.4,0.0,0.0,3.9,0.2,0.0,0.49
12710,2.325,1.2,0.0,0.0,0.0,0.217,1.55
12711,0.95,10.475,0.0,0.4,0.0,0.0,0.0
12712,0.183,0.0,0.8,0.183,0.625,5.99,0.0
12720,5.3,0.0,0.0,0.0,1.0,0.0,0.0
12721,14.9,2.026,0.0,0.25,2.75,0.0,0.0
12722,2.425,0.0,0.0,0.0,0.0,0.0,0.0
12730,0.0,0.0,0.0,0.459,0.0,0.0,0.0
12760,0.0,0.0,0.0,1.575,0.0,0.0,0.0
12800,6.45,0.0,0.0,0.0,0.0,0.0,0.0
12820,0.0,0.088,0.0,0.0,0.0,0.0,35.7
12830,0.0,3.5,0.0,1.25,0.0,0.0,0.0
12850,0.0,10.05,0.75,0.0,0.0,0.0,1.9
12870,0.0,0.0,0.0,0.0,0.0,0.0,5.65
12900,0.553,0.4,3.05,0.692,0.3,0.0,0.0
12902,0.0,0.0,0.0,0.0,0.0,0.0,0.0
12903,0.0,0.6,1.725,0.75,0.0,0.89,23.433
12904,3.0,0.0,0.0,0.55,0.0,0.467,0.0
12906,0.425,0.0,0.7,0.0,1.35,0.0,0.0
12908,0.0,13.387,0.0,0.175,0.25,6.4,0.0
12910,3.7,18.868,0.0,0.0,1.925,0.0,13.65
12912,0.0,9.05,0.396,2.1,0.0,1.2,0.0
12914,0.0,0.0,0.0,14.85,0.0,0.75,0.0
12916,12.173,1.715,0.802,0.0,0.0,1.85,0.0
12917,0.0,1.199,1.45,0.0,0.25,4.633,0.0
12918,0.0,0.0,0.0,0.0,0.0,0.0,0.0
12919,0.0,7.7,0.588,0.0,6.649,0.5,0.6
12922,6.488,3.9,1.0,0.9,1.0,0.0,0.0
12924,0.0,0.0,6.95,0.0,0.0,0.0,0.0
12926,3.4,45.1,8.15,3.4,17.65,1.945,5.0
12927,0.416,0.0,0.0,0.0,0.0,0.0,0.0
12929,4.85,6.55,0.35,0.0,31.533,0.25,0.0
12930,0.0,0.0,0.0,0.0,0.25,0.0,0.0
12935,0.0,0.0,0.0,0.0,0.0,0.0,0.0
12940,0.0,23.0,6.0,8.49,0.0,12.983,0.0
12941,0.0,19.658,0.9,76.883,1.8,0.0,0.0
12942,10.825,0.35,10.054,0.9,0.65,1.05,2.532
12943,3.45,3.2,0.0,1.65,2.9,0.5,0.0
12944,14.6,7.425,0.0,0.0,0.6,0.0,0.0
12945,0.4,2.35,1.252,0.4,0.0,5.4,0.566
12946,1.5,0.414,0.05,13.025,5.75,0.0,0.0
12947,1.0,0.2,11.238,0.85,1.5,0.0,0.35
12948,0.0,0.0,0.0,0.0,0.0,0.0,0.0
12949,0.0,0.0,5.133,0.95,3.05,0.0,0.0
12950,0.0,0.0,9.225,0.0,12.45,0.0,0.0
12951,0.9,7.375,0.0,6.017,6.55,0.0,0.7
12952,0.0,0.467,0.0,0.0,0.994,0.0,0.0
12953,0.0,0.0,0.0,0.0,1.4,0.0,0.0
12954,0.85,0.25,1.467,13.45,1.467,30.25,0.0
12955,3.5,12.55,1.55,0.4,0.0,1.85,10.15
12960,0.0,0.0,3.4,0.15,1.923,0.0,0.0
12970,0.0,5.55,19.408,13.05,4.3,3.275,2.41
12980,2.8,3.75,0.173,0.0,0.0,0.0,0.0
12990,0.0,0.0,0.0,0.0,0.0,0.0,0.0
12995,0.15,0.0,2.687,0.0,8.983,11.85,5.45
13010,7.533,0.7,8.76,1.625,0.85,12.857,0.55
13012,0.0,0.2,0.4,0.0,0.0,0.0,0.0
13013,2.507,2.85,1.05,3.775,0.2,0.0,0.35
13015,2.075,6.064,0.314,12.0,8.98,5.044,0.25
13020,5.1,10.593,3.3,3.88,0.85,0.0,8.925
13023,0.5,0.55,0.125,0.9,1.75,0.125,2.9
13024,6.413,10.125,16.3,11.517,0.2,0.0,0.25
13025,3.058,0.3,17.103,2.35,6.01,2.5,1.05
13026,1.3,1.2,10.813,2.4,36.675,0.7,0.0
13030,1.913,0.0,2.253,0.2,1.775,0.0,11.1
13031,0.75,2.7,1.15,1.55,0.0,0.0,1.15
13032,1.85,9.9,0.25,0.15,1.4,0.0,1.55
13033,2.85,0.2,23.417,3.65,6.925,10.4,11.5
13034,0.0,0.0,4.35,1.575,0.0,2.6,2.15
13035,0.0,8.92,1.583,0.0,4.95,55.75,4.55
13036,0.0,0.0,1.312,12.75,0.0,0.7,31.45
13040,12.0,4.366,44.932,26.992,2.176,21.925,1.025
13041,0.5,4.884,8.623,6.8,15.45,0.0,2.65
13042,2.65,0.1,9.05,0.0,2.55,1.05,6.683
13043,9.838,0.0,0.6,1.9,0.0,3.8,0.0
13044,3.507,5.788,1.6,0.933,4.138,27.088,6.14
13045,2.311,1.3,2.025,4.926,5.55,3.823,1.25
13046,1.85,0.0,0.0,5.55,0.267,0.0,0.0
13049,91.65,23.15,0.2,42.158,0.533,5.4,4.1
13050,18.934,21.963,6.343,33.325,2.567,9.824,5.639
13051,1.425,0.9,0.35,5.2,2.05,0.0,0.0
13052,2.58,18.95,1.4,21.175,1.521,0.3,0.983
13053,0.0,0.5,0.0,6.05,2.7,0.4,0.15
13054,8.55,40.55,76.033,25.65,11.455,17.5,6.325
13056,38.029,24.44,2.15,3.0,7.025,1.15,5.45
13057,1.5,0.0,9.45,0.0,0.335,18.6,0.0
13058,11.895,1.72,1.383,0.0,11.425,1.8,0.0
13059,7.85,9.838,0.705,0.25,8.35,14.95,0.0
13060,13.691,22.471,24.017,11.025,3.608,16.005,3.65
13061,1.6,0.55,10.175,3.32,10.2,1.55,0.45
13063,7.35,1.542,0.0,0.0,0.3,0.8,0.2
13064,7.65,1.6,18.4,16.133,4.025,2.25,0.2
13065,0.0,0.463,19.8,1.1,0.0,1.2,0.0
13067,1.05,0.533,1.05,0.0,0.0,0.0,0.4
13068,1.453,10.05,4.45,0.0,0.4,5.2,2.25
13069,21.2,0.0,0.7,0.488,0.0,1.867,2.8
13070,19.1,26.555,2.55,4.65,2.463,9.25,5.586
13073,13.3,0.575,13.546,0.45,13.623,13.467,0.0
13075,0.0,0.95,0.0,0.0,2.275,0.0,0.0
13076,12.025,5.05,0.65,1.25,6.85,0.4,0.65
13077,7.6,0.444,0.0,0.0,0.0,0.0,0.0
13080,0.3,7.617,0.165,2.55,4.075,4.3,5.848
13081,0.375,8.217,2.2,1.8,1.45,2.425,0.0
13082,4.6,30.0,0.35,0.0,8.65,0.25,0.2
13083,34.363,18.956,26.63,1.575,24.6,1.15,2.7
13084,4.302,21.6,12.15,1.754,12.723,7.485,18.156
13085,5.663,7.3,25.567,6.45,8.551,21.55,0.0
13086,0.0,0.0,10.075,0.0,0.0,0.0,0.0
13087,14.45,25.991,4.443,3.337,12.717,31.067,52.35
13088,1.4,5.253,30.237,0.0,7.46,0.0,8.25
13090,1.2,1.32,12.85,0.15,0.954,0.0,0.0
13091,41.05,28.3,10.6,1.561,0.55,0.15,7.45
13092,2.554,18.009,1.46,4.805,9.163,1.35,0.625
13097,0.0,0.0,2.1,2.055,0.9,0.0,0.0
13098,2.363,21.4,0.0,4.118,4.425,1.4,0.625
13099,0.0,0.0,0.0,0.0,0.0,0.0,0.0
13100,0.25,0.05,0.15,1.2,0.7,0.65,0.0
13101,0.0,0.0,0.0,0.0,0.763,1.4,0.0
13104,0.0,0.0,3.5,0.0,18.475,0.138,0.45
13105,0.156,2.8,0.0,3.6,0.1,0.0,1.35
13106,0.0,0.0,0.0,0.0,0.45,0.0,0.917
13107,0.0,0.0,0.0,0.0,0.0,0.0,0.9
13140,11.748,20.914,17.68,4.567,1.4,3.967,15.75
13141,0.0,0.75,0.0,5.65,0.0,7.534,0.0
13142,11.792,1.867,1.0,3.5,0.0,0.0,16.95
13144,0.0,0.0,0.0,0.0,0.85,0.0,0.0
13145,2.457,8.16,0.3,3.15,8.617,7.9,2.0
13146,0.0,1.0,0.0,0.0,0.0,0.0,0.217
13147,0.0,0.0,0.0,0.0,0.7,0.0,0.0
13148,0.45,0.0,2.6,0.3,0.654,1.033,0.0
13150,3.123,21.85,1.05,7.7,19.525,0.478,7.05
13152,8.0,11.85,0.0,0.0,0.0,0.617,0.1
13155,0.0,2.28,0.0,0.5,0.0,0.0,0.0
13157,13.307,0.0,1.2,0.173,0.0,16.133,0.0
13160,5.85,10.275,31.7,6.85,7.974,0.2,27.138
13165,11.6,2.15,0.0,0.65,0.0,0.0,0.55
13170,0.58,0.35,8.885,0.0,2.95,0.0,7.658
13171,3.42,0.2,0.0,4.255,0.0,1.0,0.156
13172,0.0,2.283,0.95,0.317,0.0,1.775,7.05
13173,16.95,1.213,0.4,4.475,10.717,0.0,0.85
13174,0.0,8.15,0.28,0.0,0.0,0.145,0.75
13175,1.45,28.75,31.645,0.532,6.4,4.3,9.0
13177,0.8,1.25,0.2,6.55,20.3,0.0,4.0
13178,1.425,6.26,11.25,4.65,5.141,3.75,13.125
13179,1.0,0.6,0.0,0.0,11.2,0.0,1.917
13180,0.0,0.0,1.85,0.4,0.0,0.0,0.3
13181,0.2,41.91,0.4,28.9,0.3,5.7,1.35
13183,0.796,25.169,3.35,0.35,0.15,0.375,10.12
13184,0.65,11.15,0.245,28.5,4.1,0.0,0.975
13185,26.174,0.709,2.833,12.8,25.875,0.25,2.433
13186,31.08,0.635,3.75,7.433,1.75,0.3,2.0
13187,0.21,0.0,0.0,2.217,0.0,0.0,0.95
13188,1.417,0.4,15.6,0.697,0.15,0.2,3.75
13189,1.053,0.2,0.0,0.0,0.3,0.0,0.0
13190,0.79,3.8,9.525,12.25,5.95,7.4,4.25
13201,18.425,7.15,42.4,2.584,6.05,15.2,12.175
13202,4.4,27.497,14.16,2.783,17.15,1.1,1.2
13203,0.0,4.825,0.2,5.341,1.225,8.25,0.0
13205,0.0,14.95,0.0,3.55,0.2,1.0,4.687
13206,1.15,1.975,14.466,1.4,5.352,11.045,5.825
13207,1.933,12.65,1.05,0.335,2.438,0.6,0.2
13208,4.033,11.7,11.304,10.799,9.119,3.5,9.65
13209,11.02,2.1,5.3,5.0,18.33,1.757,1.15
13210,7.0,0.5,25.65,0.0,0.8,9.306,0.25
13211,4.267,8.517,11.6,2.65,3.35,1.65,4.66
13212,9.3,32.842,18.431,15.481,10.9,16.3,35.015
13213,0.6,18.3,1.35,6.967,10.972,8.15,0.105
13214,40.681,23.808,8.2,3.45,26.8,1.836,44.235
13215,4.955,58.111,4.2,13.4,0.7,12.6,19.6
13216,3.55,35.042,6.05,0.675,0.0,0.0,2.55
13218,9.49,4.6,7.122,15.53,3.523,18.8,1.3
13219,2.782,20.143,34.0,1.2,0.905,27.15,9.25
13220,17.083,15.65,10.15,0.0,2.7,0.0,0.335
13221,0.0,0.6,1.28,0.0,2.35,0.0,4.767
13222,12.105,0.1,2.1,0.0,0.0,0.25,0.0
13223,0.75,0.0,0.0,0.0,0.0,0.0,0.491
13224,0.55,12.275,0.0,0.2,0.0,0.0,5.2
13225,5.2,2.988,4.273,0.725,0.65,0.25,2.644
13226,10.8,0.0,0.0,0.0,0.0,0.0,0.0
13230,0.0,0.0,1.842,1.583,8.5,0.0,0.0
13231,0.15,0.0,0.0,0.0,4.86,0.0,0.72
13232,0.1,0.45,0.0,1.8,35.125,2.25,1.85
13233,0.0,0.0,0.0,0.0,0.0,0.0,5.65
13234,0.0,0.0,0.0,0.0,0.0,0.0,0.342
13236,1.125,3.467,1.35,0.0,0.0,0.95,0.0
13238,0.0,1.15,0.6,2.15,0.0,0.0,4.2
13240,0.3,0.775,2.6,5.123,4.6,0.0,1.65
13250,0.235,0.0,0.0,3.529,0.0,0.35,0.0
13251,1.2,0.0,0.5,0.4,6.55,0.0,0.0
13252,1.278,1.95,0.4,0.2,0.65,0.0,0.0
13253,7.1,0.2,2.2,0.0,2.525,0.0,1.038
13254,0.5,8.988,0.75,0.0,1.383,21.646,0.35
13255,18.25,0.15,13.334,2.75,0.35,4.9,2.225
13256,19.75,3.65,3.3,0.0,2.7,3.566,1.36
13257,0.25,0.314,0.0,0.5,0.0,0.25,12.9
13260,0.0,0.0,0.35,3.95,10.85,0.0,0.35
13270,0.35,2.163,4.009,0.0,0.2,0.0,0.0
13271,6.617,54.858,0.2,0.24,2.4,1.321,0.0
13272,0.0,4.34,28.45,34.225,5.924,1.25,1.867
13273,0.357,2.2,15.288,5.725,2.455,13.546,0.75
13274,1.3,5.8,0.0,1.513,0.0,1.117,0.5
13275,0.5,3.35,0.525,1.525,0.1,1.1,0.0
13276,0.0,0.6,1.4,7.7,2.35,10.75,0.95
13277,0.0,0.0,0.35,4.9,0.2,1.625,0.0
13278,2.334,2.587,6.05,0.0,3.93,0.0,3.5
13279,0.45,0.0,0.0,0.4,0.0,1.75,0.0
13280,0.7,6.05,4.4,4.09,1.1,12.6,0.8
13282,6.55,1.367,0.0,0.0,0.0,0.0,0.0
13283,1.7,3.4,1.1,0.2,2.6,0.15,0.1
13284,0.65,0.0,9.1,3.558,4.538,0.0,0.55
13285,3.15,0.85,1.7,16.725,1.35,0.55,0.6
13286,0.0,0.0,0.0,0.0,0.05,0.0,0.0
13287,7.9,0.0,0.0,0.5,0.0,0.3,0.0
13288,0.15,0.0,0.0,0.0,0.0,0.0,0.0
13289,0.247,0.0,0.75,10.15,8.4,1.346,1.95
13290,13.468,14.0,8.95,5.638,8.806,6.35,6.4
13295,13.033,8.1,15.5,8.975,33.409,8.488,24.785
13300,1.95,2.804,1.85,0.455,7.3,0.263,0.0
13301,2.95,0.0,1.15,9.38,1.133,0.0,1.983
13304,0.525,7.05,0.0,0.0,0.7,0.15,0.818
13305,0.0,5.15,0.0,0.0,0.0,0.0,0.05
13306,0.0,0.0,16.171,0.0,0.0,8.809,0.65
13308,2.013,1.113,0.0,5.555,2.8,7.633,1.635
13309,6.55,1.65,0.0,0.2,3.562,15.91,2.6
13310,2.055,4.25,2.45,0.0,2.0,1.5,0.9
13311,0.467,0.0,0.275,16.63,0.0,2.808,0.8
13312,0.0,0.0,2.4,0.0,1.7,0.85,0.0
13313,3.25,1.5,1.85,0.0,0.0,0.0,0.5
13315,0.0,0.0,1.15,0.0,0.0,1.5,9.4
13318,2.6,0.8,3.55,0.0,0.736,0.0,0.0
13320,1.5,1.275,0.0,1.5,3.85,0.0,0.0
13321,0.39,1.75,0.0,5.125,0.486,0.0,0.2
13322,0.0,0.15,0.0,30.95,2.8,0.7,6.35
13323,1.44,0.3,0.15,9.063,1.95,1.0,1.954
13324,0.0,0.0,0.15,0.275,0.15,0.0,5.15
13326,0.8,0.0,0.0,0.1,0.0,0.0,0.0
13327,0.0,9.2,39.475,0.2,0.4,2.0,0.65
13329,0.0,0.0,0.0,8.5,2.15,0.15,0.479
13330,2.15,7.05,26.1,25.375,7.6,8.246,0.265
13331,1.8,9.425,1.15,4.133,0.3,1.217,0.5
13332,2.0,0.593,3.21,0.85,12.85,2.5,2.311
13333,2.123,2.05,2.1,4.9,17.95,0.0,1.25
13334,40.8,2.957,21.655,3.3,8.1,0.0,0.45
13335,11.55,0.0,0.0,0.0,2.5,0.0,1.5
13336,0.0,0.0,0.0,0.0,0.0,1.95,0.0
13337,0.0,0.5,0.25,0.45,0.0,1.85,0.0
13338,0.723,0.3,0.0,1.05,2.85,1.7,0.0
13339,0.975,0.7,0.1,1.929,19.678,16.325,0.1
13340,25.325,0.0,13.451,0.275,1.75,0.0,12.0
13341,1.8,0.0,4.6,1.2,0.0,0.0,0.0
13342,0.15,9.45,0.0,0.0,0.0,0.0,0.0
13343,9.09,14.671,1.95,0.0,0.0,0.95,4.338
13344,0.722,0.0,0.0,0.0,6.6,0.15,0.0
13345,0.264,5.15,0.725,0.6,1.07,1.015,1.35
13346,0.0,0.0,1.75,0.75,11.475,1.9,0.0
13347,1.973,1.167,1.494,0.0,0.4,0.0,0.0
13348,6.26,5.584,7.438,2.3,5.8,3.583,5.2
13349,0.0,0.0,0.0,0.45,0.0,0.0,0.0
13350,0.15,0.0,0.0,0.0,0.0,2.15,1.75
13360,1.25,2.575,6.8,13.65,3.075,0.8,11.8
13370,0.0,0.0,1.15,0.0,1.6,0.0,0.0
13375,0.0,0.0,0.4,0.5,0.0,0.0,0.0
13380,0.3,0.3,0.245,0.95,0.464,0.3,0.5
13382,0.15,0.0,0.0,0.0,0.0,0.0,9.4
13385,0.0,0.0,0.6,10.65,0.483,0.0,0.0
13386,1.3,0.0,0.0,0.475,0.0,0.0,0.0
13387,0.75,0.0,0.0,0.4,1.172,0.0,3.9
13389,0.0,0.0,0.0,0.0,0.55,0.0,0.0
13390,0.343,0.972,1.4,1.55,0.0,0.0,6.95
13400,6.975,1.084,3.8,7.407,1.475,12.35,18.45
13401,20.775,9.475,1.774,1.5,1.763,0.0,11.117
13402,0.0,0.0,0.5,5.7,0.4,0.0,0.0
13403,0.575,0.0,3.067,0.35,19.7,8.75,5.345
13405,2.95,2.568,23.182,1.117,4.334,5.075,1.3
13406,0.0,0.0,0.0,0.0,0.125,65.1,0.0
13408,0.0,0.4,10.25,23.7,0.0,2.55,0.0
13409,2.817,0.0,0.0,2.425,0.0,0.0,0.0
13411,0.438,3.45,18.6,0.35,0.25,0.45,0.0
13412,10.875,3.483,0.275,6.9,6.2,3.7,3.494
13413,1.25,0.0,0.15,0.0,0.0,0.0,0.0
13414,2.221,0.0,0.0,1.2,0.0,0.0,0.3
13415,0.0,0.0,0.0,0.0,1.3,0.0,0.0
13416,27.331,0.671,4.508,1.376,5.65,22.933,1.25
13417,16.25,21.775,1.95,10.685,3.392,1.9,0.2
13418,4.2,0.8,5.293,14.606,0.55,0.95,12.45
13419,0.805,28.55,0.563,0.1,2.499,2.367,0.3
13420,2.286,2.567,3.175,0.75,4.766,6.7,2.675
13421,0.0,0.6,0.4,0.0,0.733,0.0,1.625
13422,0.0,0.0,1.75,0.25,0.0,0.0,0.5
13423,0.0,0.0,0.0,0.6,0.0,3.55,1.372
13424,0.0,0.45,3.4,0.0,0.0,1.383,2.6
13425,12.93,1.125,0.45,0.0,0.85,0.0,16.325
13426,0.774,7.0,21.067,1.25,0.4,0.0,0.0
13427,0.0,0.0,0.0,1.95,0.0,0.0,0.0
13428,0.0,0.65,0.0,0.0,0.0,0.0,0.0
13432,0.0,0.0,0.0,0.0,0.4,0.0,0.0
13440,5.9,0.0,0.0,0.0,24.0,0.7,0.0
13450,7.619,3.711,0.7,3.03,0.475,0.346,10.2
13451,5.817,0.45,0.6,0.0,1.75,2.759,0.0
13452,0.0,0.0,7.0,0.0,0.0,0.0,0.0
13453,6.3,0.0,1.1,6.55,1.167,5.15,2.35
13454,6.1,121.3,2.15,0.975,1.6,0.4,7.375
13455,1.517,39.269,1.383,2.6,0.513,0.15,0.0
13456,0.25,0.267,1.433,9.75,2.125,0.85,2.75
13457,0.0,6.323,0.6,0.25,7.53,0.0,1.3
13458,0.8,8.35,4.092,0.0,0.468,0.6,0.0
13459,0.0,0.0,0.0,0.0,0.0,0.0,0.0
13460,0.0,0.0,8.453,0.0,0.0,0.35,0.0
13465,0.0,3.225,0.6,19.05,1.9,41.65,0.533
13466,0.55,6.388,1.182,2.65,0.0,0.505,6.05
13467,0.6,6.1,0.8,7.9,0.991,9.0,1.563
13468,7.92,6.213,0.3,1.45,11.7,2.438,5.4
13469,0.0,0.0,2.35,0.0,0.7,0.0,17.55
13470,1.05,26.308,0.55,0.0,0.0,0.1,1.845
13471,0.0,0.863,0.7,0.0,6.607,0.25,0.0
13472,6.6,6.45,11.324,0.0,2.434,0.25,0.15
13473,9.9,0.3,1.15,0.8,2.35,0.088,10.39
13474,0.564,0.0,0.3,0.4,0.0,2.792,4.15
13475,0.4,0.0,0.0,6.1,8.854,0.2,0.0
13476,0.0,0.2,0.922,0.0,0.0,0.0,0.6
13477,0.15,0.5,0.0,2.2,0.0,0.0,0.0
13478,8.268,7.0,7.4,12.398,10.75,0.388,8.35
13479,0.518,0.0,0.0,1.489,0.0,0.0,0.0
13480,5.5,28.181,0.325,6.967,6.638,0.0,6.859
13481,5.817,0.2,1.0,0.0,27.325,1.65,0.0
13482,1.41,0.2,4.971,2.4,8.275,1.4,20.525
13483,1.65,1.7,0.85,11.15,0.0,6.003,2.383
13484,3.509,59.14,3.65,2.035,2.017,0.55,7.55
13485,1.8,1.01,0.575,0.0,2.35,0.0,8.8
13486,3.3,0.0,1.233,0.0,0.38,34.217,2.775
13487,0.0,0.342,0.0,5.285,24.25,0.0,0.0
13490,2.0,0.0,0.975,2.203,4.08,1.6,13.45
13495,3.25,14.0,1.1,1.2,1.2,2.9,0.0
13500,1.15,15.3,2.477,0.75,2.518,15.625,27.625
13501,0.0,0.0,9.463,0.0,7.55,13.25,7.05
13502,1.09,17.25,3.55,0.0,3.1,0.214,0.2
13503,41.9,5.45,7.3,27.8,0.0,24.35,5.35
13504,12.2,7.05,1.65,2.5,16.388,1.05,0.2
13505,2.4,3.55,9.067,3.8,16.49,14.375,4.123
13506,1.232,1.45,3.55,11.3,2.725,14.8,0.25
13508,0.0,0.0,0.0,0.0,0.0,0.0,0.0
13510,0.3,0.0,7.573,1.39,0.0,1.8,0.0
13515,0.0,9.45,16.95,0.0,0.0,1.65,0.0
13520,0.0,0.0,3.07,21.8,3.3,0.0,9.175
13525,0.0,0.0,0.0,0.0,0.0,0.45,0.0
13530,0.0,0.0,1.45,0.1,0.0,0.0,0.0
13540,0.3,0.0,0.0,0.0,0.0,0.0,0.0
13550,0.0,0.0,0.7,9.75,0.0,0.0,0.6
13560,13.315,13.733,10.968,0.735,5.671,6.777,1.217
13561,8.7,17.863,0.85,1.15,1.338,0.563,0.0
13562,0.6,8.351,0.0,1.95,0.0,0.0,0.0
13563,1.5,0.0,0.32,0.0,0.3,0.688,0.1
13564,0.95,0.3,0.6,3.833,0.6,0.0,0.207
13565,0.8,2.6,18.75,0.974,4.6,0.4,8.717
13566,0.0,9.9,2.217,11.45,1.0,6.33,0.0
13567,0.715,0.1,0.825,0.2,0.0,0.0,0.25
13568,0.659,30.8,0.2,0.48,1.8,0.0,19.0
13569,24.86,3.9,0.825,0.0,0.0,0.0,25.75
13570,0.813,0.0,0.2,0.4,0.15,0.0,0.0
13571,0.0,0.0,0.0,1.038,4.55,1.35,0.0
13572,0.35,0.0,0.0,0.3,0.0,4.6,0.0
13573,0.0,0.0,1.867,0.0,0.0,0.0,3.05
13574,0.848,0.0,0.0,7.2,0.26,0.0,14.0
13575,0.0,7.9,0.0,1.342,3.7,7.35,0.0
13580,0.0,0.0,0.0,0.3,1.35,0.4,0.483
13590,0.0,0.75,0.92,0.0,0.0,0.0,2.3
13600,0.55,0.15,0.2,18.216,2.305,0.217,1.875
13601,16.8,6.45,1.55,0.1,0.0,0.0,2.25
13602,1.45,8.1,0.0,0.464,0.0,0.0,0.0
13603,0.0,0.0,12.234,0.0,1.125,24.0,1.556
13604,0.7,0.0,29.903,14.7,0.0,0.0,0.45
13605,4.0,0.0,0.0,0.0,0.5,0.8,0.7
13606,0.0,0.0,0.0,0.0,0.0,0.0,0.0
13607,2.8,19.667,15.2,2.017,2.083,0.0,0.0
13608,0.0,0.0,0.0,9.85,0.0,0.0,0.0
13609,0.0,0.88,0.325,0.35,0.0,0.2,0.0
13610,0.15,5.0,0.0,6.0,0.342,0.0,21.562
13611,0.0,12.65,0.1,4.533,3.375,0.214,24.025
13612,0.0,0.6,11.2,1.507,0.0,0.0,0.0
13613,0.0,0.0,0.25,18.2,0.0,0.0,1.0
13614,1.246,0.0,0.0,0.0,1.0,0.0,0.0
13615,0.1,0.0,0.0,0.0,0.0,0.0,0.0
13616,1.55,5.5,0.0,0.0,1.05,2.35,0.0
13617,0.0,0.0,0.0,0.0,0.0,0.0,0.625
13625,0.0,4.65,0.0,4.8,1.6,0.0,0.0
13630,0.45,2.3,0.0,0.865,0.933,0.0,7.05
13631,11.375,5.683,0.0,0.0,23.575,0.4,0.0
13632,3.35,1.021,1.658,0.35,0.125,1.575,0.7
13633,0.0,0.0,0.0,1.86,0.1,0.0,0.3
13635,0.6,4.4,1.75,6.6,0.0,5.7,0.25
13636,0.0,0.65,3.3,0.0,0.0,1.6,2.3
13640,0.0,0.0,0.0,0.25,0.0,0.0,0.0
13641,0.0,0.0,1.125,0.213,0.0,0.0,4.9
13643,0.0,0.0,0.0,0.0,0.0,0.0,0.0
13650,0.0,0.0,1.5,1.65,0.6,30.6,0.0
13660,6.083,2.405,0.263,0.0,0.6,4.833,4.088
13670,2.2,6.5,0.0,4.683,0.35,0.9,0.3
13690,1.033,0.3,0.288,2.337,0.784,0.0,0.0
13700,8.8,1.65,0.533,2.067,0.0,0.0,0.0
13707,0.0,0.0,0.0,0.0,0.0,0.0,0.0
13710,13.371,0.2,10.925,0.35,1.149,8.167,1.5
13715,2.5,5.737,0.0,0.3,0.0,0.0,0.0
13720,21.317,33.026,3.1,19.588,10.425,1.4,5.076
13730,0.0,0.0,0.0,0.85,0.0,9.475,0.5
13731,0.0,0.0,0.3,0.1,0.0,0.0,0.0
13732,5.95,0.0,0.0,10.6,0.0,0.0,0.0
13733,0.0,2.2,0.625,0.0,0.533,0.0,0.0
13735,0.1,3.3,2.94,0.0,0.0,0.0,0.0
13736,0.7,0.0,0.6,0.0,0.0,0.18,1.2
13737,0.0,0.0,0.0,0.0,0.525,0.0,0.0
13760,0.0,0.0,0.25,10.05,23.367,0.0,0.117
13770,8.174,0.0,2.1,0.575,2.7,0.0,0.53
13780,0.0,0.0,3.245,2.6,0.0,2.25,0.107
13790,8.796,0.0,0.0,0.0,0.0,0.0,0.0
13800,1.8,0.85,1.55,0.0,0.15,0.5,3.7
13801,0.0,1.45,2.8,0.0,3.85,0.0,0.0
13802,0.0,3.5,1.65,2.45,2.375,0.929,0.0
13803,2.95,0.0,0.0,0.25,0.4,5.9,0.0
13806,0.972,1.8,1.3,1.563,2.65,6.592,7.85
13807,0.45,0.55,26.776,0.35,0.45,0.0,0.0
13808,0.0,0.0,0.0,0.0,0.0,30.0,0.0
13820,23.494,102.867,22.958,14.9,22.885,8.05,10.804
13825,1.523,7.15,1.1,3.55,1.583,5.01,7.8
13830,4.992,2.175,0.6,2.5,1.05,16.5,6.3
13835,5.075,3.841,0.304,1.35,0.944,4.55,4.675
13840,0.6,0.6,0.78,1.3,4.35,0.0,3.975
13841,0.0,4.105,0.0,0.0,0.0,0.0,15.8
13842,0.0,0.0,9.4,15.7,0.0,0.0,0.0
13843,1.5,3.178,11.4,3.1,1.0,1.883,21.35
13844,3.475,0.0,0.0,0.0,1.45,0.31,0.0
13845,10.95,1.6,0.0,5.7,0.0,0.0,0.0
13846,5.875,0.0,0.0,0.263,2.9,0.0,0.5
13847,0.0,0.55,11.5,0.0,0.4,0.0,0.0
13848,0.35,0.225,7.134,0.671,1.0,0.1,0.2
13855,0.0,0.0,0.0,0.8,0.0,0.0,0.0
13857,1.875,0.0,0.0,1.95,0.0,0.263,1.338
13860,0.0,1.4,31.0,0.414,13.62,1.61,0.768
13870,2.2,33.825,4.263,26.968,5.4,1.65,0.75
13871,0.0,18.9,11.85,6.6,0.6,0.0,0.9
13872,2.4,0.0,0.0,0.0,0.55,0.25,0.0
13873,0.0,0.15,0.0,0.0,0.0,0.0,0.4
13874,7.017,7.875,0.0,0.375,0.0,0.934,1.475
13875,0.0,0.0,0.0,0.0,0.35,0.0,0.0
13876,0.0,0.0,1.4,0.0,0.0,20.975,0.0
13877,1.95,3.5,0.0,0.0,0.7,0.0,0.0
13880,6.45,3.683,0.8,6.067,1.825,6.825,0.0
13890,0.15,0.85,1.525,0.075,0.0,0.45,8.75
13900,1.915,2.4,3.275,15.85,0.0,0.0,0.0
13901,0.0,0.35,6.65,0.825,0.25,0.0,0.0
13902,0.3,0.0,0.0,3.05,0.0,0.0,0.0
13903,9.9,0.0,0.0,0.0,0.0,0.0,30.0
13904,1.65,9.15,0.0,0.15,0.1,0.117,7.9
13905,0.25,5.073,1.775,1.0,0.525,2.925,2.25
13908,0.0,6.9,0.0,0.0,0.0,0.0,0.0
13909,0.0,0.0,0.0,0.0,0.0,0.0,0.0
13910,0.3,0.0,0.0,7.05,0.0,0.0,0.0
13911,0.0,0.0,0.15,0.0,0.0,0.0,0.0
13912,0.0,0.0,0.0,0.0,0.0,0.0,0.25
13915,0.0,0.0,0.0,3.1,0.0,0.0,0.0
13920,5.35,1.084,6.71,7.65,3.885,0.5,1.25
13930,3.76,7.06,0.0,0.45,47.55,1.8,0.0
13940,4.75,53.05,18.658,0.35,0.0,0.0,1.6
13950,0.4,0.0,0.0,2.4,0.0,5.5,0.0
13960,2.2,0.3,0.675,0.0,0.0,0.966,6.093
13970,1.6,1.55,0.0,0.95,0.1,0.0,0.0
13971,0.0,0.0,0.0,0.0,1.525,0.0,0.0
13972,0.0,0.65,0.0,0.25,1.25,0.5,22.35
13973,0.3,0.0,3.15,1.05,0.0,2.3,0.0
13974,6.75,0.0,0.85,4.428,0.3,1.55,5.3
13976,0.0,0.25,0.0,13.758,0.15,0.0,1.025
13977,0.0,0.0,0.0,1.825,0.0,0.0,0.0
13986,0.0,0.0,0.0,0.0,2.6,0.0,0.0
13990,0.781,1.4,1.4,0.0,0.8,13.6,14.9
13995,0.0,0.0,0.35,0.0,1.372,0.0,0.0
14010,3.538,2.4,0.4,0.0,9.275,0.0,0.0
14015,0.125,25.15,0.0,7.5,2.65,0.0,0.573
14020,19.1,30.01,4.955,2.292,5.534,1.45,3.75
14021,10.133,13.85,51.9,4.217,7.8,0.675,5.083
14022,0.0,2.75,4.1,9.4,0.533,18.6,0.75
14024,0.0,0.0,0.0,0.3,0.0,0.0,0.0
14025,4.008,1.54,0.75,3.94,0.907,0.2,19.05
14026,2.55,0.35,2.0,1.7,12.6,0.335,1.45
14027,0.334,1.662,2.44,0.147,0.32,0.0,1.7
14030,11.133,0.1,1.6,0.683,3.45,11.875,1.4
14031,0.55,0.0,0.7,0.0,17.55,0.584,0.2
14040,4.63,0.308,0.1,0.0,0.0,0.0,0.0
14050,0.597,1.0,6.038,10.11,0.2,3.825,1.55
14051,4.9,1.5,0.117,0.325,4.55,7.75,0.0
14055,25.973,9.4,1.328,3.205,0.748,3.25,2.9
14056,0.1,0.283,0.0,0.375,0.0,0.0,0.0
14057,0.35,0.85,0.0,0.0,0.0,1.39,0.25
14060,2.486,0.5,0.733,8.55,1.784,3.394,0.173
14061,0.0,0.0,0.0,0.0,0.0,0.0,0.0
14062,0.0,0.7,0.0,14.75,0.0,0.0,1.3
14065,0.0,0.0,3.55,0.0,2.9,1.75,0.0
14066,1.75,0.0,0.0,0.0,0.0,0.0,0.0
14070,0.55,1.4,0.0,1.558,1.533,0.0,0.0
14071,0.0,1.7,0.0,0.15,0.425,1.9,0.35
14075,0.0,0.0,0.0,16.875,0.0,0.0,1.0
14076,0.5,0.0,0.0,0.0,0.55,0.0,0.0
14077,0.0,0.0,1.95,0.617,0.0,0.35,0.0
14079,6.65,0.0,0.25,0.0,1.817,0.0,1.65
14080,0.65,4.675,4.117,0.0,5.857,0.2,3.1
14085,0.49,0.175,0.85,0.676,2.65,8.638,1.867
14090,16.6,7.2,19.192,1.72,10.673,0.6,0.297
14091,3.15,2.063,0.9,10.65,9.167,0.0,7.843
14092,0.0,1.15,1.175,0.0,0.2,0.5,0.15
14093,0.85,0.679,0.0,5.2,0.0,4.925,0.0
14094,5.176,0.0,1.4,0.3,1.75,0.947,0.371
14095,0.15,0.0,5.251,1.35,0.75,30.25,6.7
14096,3.442,5.313,8.2,0.0,0.538,0.0,4.25
14097,0.0,0.0,0.0,0.0,0.0,0.0,4.381
14098,0.0,9.65,1.2,1.727,1.95,0.55,0.0
14110,1.45,2.6,4.4,0.467,16.55,0.6,8.35
14115,0.0,0.0,0.575,0.0,0.0,0.0,0.0
14120,0.0,0.0,0.0,0.0,1.775,0.0,0.0
14140,17.0,0.8,4.175,0.2,22.05,4.78,3.1
14150,0.0,0.0,1.398,0.317,0.0,0.15,8.783
14160,8.183,3.65,34.838,17.05,3.213,0.0,0.95
14161,0.0,4.55,0.0,0.0,0.0,0.0,0.3
14165,0.0,0.133,0.0,0.0,1.5,0.0,0.0
14166,0.0,0.0,1.325,0.0,0.0,0.387,0.35
14169,1.7,2.0,0.0,1.1,0.0,0.0,0.0
14170,0.0,0.0,0.4,4.35,0.9,0.0,0.0
14171,0.0,0.0,0.5,0.0,0.0,0.0,0.0
14175,0.0,0.0,0.0,7.65,0.0,0.0,0.0
14177,1.4,1.525,0.305,0.0,0.0,0.15,5.0
14178,0.0,4.1,0.0,0.0,0.0,0.0,0.0
14179,0.05,0.0,0.0,0.0,0.0,0.0,0.0
14180,8.5,1.15,0.5,7.9,0.48,0.0,0.125
14200,0.0,0.15,1.65,1.8,0.85,0.0,1.106
14210,0.363,0.526,1.85,0.0,0.7,0.0,5.4
14230,0.0,20.0,0.0,0.0,0.0,0.0,0.0
14240,0.0,6.15,1.575,0.0,0.0,1.5,2.963
14260,0.0,0.0,0.0,0.0,0.0,0.1,0.0
14270,31.8,0.0,3.2,0.0,0.0,0.43,30.4
14300,1.253,3.35,4.408,38.95,0.29,1.175,9.2
14340,0.166,7.7,0.0,0.85,0.5,0.0,5.75
14350,1.1,0.0,0.0,0.3,0.0,0.0,0.0
14390,0.0,0.2,0.0,1.3,0.0,0.0,0.0
14400,1.609,0.0,17.717,1.825,3.25,0.3,23.413
14401,61.483,3.95,0.4,1.156,0.321,0.76,2.747
14402,0.0,0.0,0.425,0.1,0.2,0.0,0.5
14403,4.75,1.575,16.005,22.871,13.4,18.3,14.075
14404,0.0,0.35,3.8,0.0,0.8,0.0,0.0
14405,0.25,10.75,10.85,1.65,2.379,24.8,37.16
14406,0.0,1.2,11.276,0.0,0.0,0.325,2.75
14407,0.0,5.7,0.4,0.0,0.25,4.45,2.4
14408,0.0,1.85,0.0,0.0,0.0,0.0,0.0
14409,2.117,3.2,0.1,0.0,2.333,3.695,5.95
14412,0.0,0.0,0.0,3.167,0.0,8.2,2.658
14415,0.0,0.0,0.0,0.0,0.0,1.575,0.0
14440,0.0,0.85,0.0,1.067,0.0,13.35,0.0
14450,0.0,0.0,0.4,0.0,0.0,0.0,0.0
14460,0.0,0.0,0.0,0.0,0.0,0.0,0.0
14470,0.0,2.176,0.0,0.0,0.0,0.0,1.6
14490,0.0,0.0,1.867,0.0,0.0,0.0,0.0
14500,4.35,5.881,27.85,20.55,4.3,0.0,14.45
14530,22.35,0.0,0.0,2.35,0.5,2.55,1.55
14540,1.05,0.0,0.173,0.4,0.175,0.4,1.45
14550,0.0,0.0,1.25,0.0,0.0,0.0,0.0
14570,0.0,0.975,0.0,0.0,0.0,0.0,0.0
14580,0.5,0.0,10.076,0.0,0.0,8.6,0.0
14600,81.723,16.575,11.29,2.175,1.05,12.55,8.55
14610,0.3,0.0,0.0,0.0,0.0,0.217,0.0
14620,1.361,2.8,3.225,6.55,21.2,0.75,1.05
14640,0.0,5.0,2.22,0.0,6.1,0.0,0.0
14660,0.5,2.35,0.0,0.0,0.2,0.0,0.2
14670,0.0,0.0,0.0,0.4,7.1,0.0,0.0
14680,19.175,13.9,1.25,0.0,0.5,0.8,1.55
14700,3.3,5.0,0.0,0.0,1.25,0.6,0.335
14701,0.1,0.0,1.95,3.25,0.0,1.15,1.65
14702,7.0,0.0,0.95,0.0,0.0,0.0,0.0
14706,0.0,16.133,3.3,0.0,3.4,1.1,0.0
14708,7.65,0.0,0.0,0.0,30.0,0.85,1.9
14709,1.225,0.0,0.0,1.2,0.2,0.0,0.0
14711,0.0,0.6,1.15,0.0,0.0,0.2,0.0
14720,2.5,0.304,0.0,0.95,0.0,0.0,0.0
14725,0.0,1.05,0.0,0.0,0.0,0.0,0.0
14730,3.35,18.108,7.817,4.016,7.825,0.0,1.483
14735,0.8,0.0,0.8,0.5,0.0,0.167,0.1
14740,8.15,22.725,0.5,2.86,6.55,0.721,4.2
14745,0.0,0.0,0.175,0.15,0.0,0.0,0.0
14750,4.984,7.65,0.0,2.65,3.6,0.0,1.983
14760,0.0,0.0,0.0,0.0,0.0,0.0,0.0
14770,0.1,0.35,9.775,1.65,0.593,1.05,0.0
14775,0.4,0.0,1.0,0.0,0.0,0.0,0.0
14780,3.576,1.98,6.55,18.967,5.85,7.0,3.6
14781,1.11,1.2,0.0,0.0,5.625,0.75,0.8
14783,0.0,4.85,8.238,1.25,0.65,0.6,6.85
14784,0.0,1.2,0.0,6.85,0.0,0.0,9.196
14785,0.0,0.0,0.0,0.0,0.0,0.0,0.0
14786,0.343,0.0,0.0,0.0,0.0,0.0,0.0
14787,0.0,0.0,1.519,0.15,0.0,0.3,0.0
14790,3.086,3.322,14.425,2.03,8.2,7.65,28.426
14795,3.52,0.0,10.975,0.0,0.975,0.0,0.0
14800,3.525,2.387,0.0,0.85,0.3,1.558,4.7
14801,2.0,3.15,3.2,3.4,2.8,2.293,1.883
14802,5.7,1.3,2.7,1.65,2.3,0.0,0.838
14803,0.0,0.0,0.0,0.5,0.0,0.0,0.0
14804,0.1,3.3,0.0,0.0,0.0,0.15,0.0
14805,1.625,0.19,0.0,0.0,0.0,0.0,1.183
14806,2.65,5.375,2.787,0.0,10.55,0.0,0.1
14807,2.45,2.203,0.35,0.0,0.0,0.0,0.786
14808,0.0,5.791,0.35,1.575,0.0,2.874,0.0
14810,0.833,0.0,12.55,0.3,18.65,4.3,2.446
14811,2.766,1.2,1.9,0.533,5.9,0.8,0.0
14813,0.0,0.0,0.1,0.0,0.2,0.0,0.0
14815,0.0,5.417,5.425,11.75,0.0,18.4,0.0
14820,0.95,25.33,0.2,11.817,0.55,0.0,0.05
14825,0.0,1.2,0.2,12.25,0.0,0.0,0.0
14830,0.0,0.0,0.0,0.0,0.0,7.225,0.0
14835,0.0,0.396,0.0,0.0,0.0,0.0,0.0
14840,4.675,0.15,0.85,5.8,1.11,0.0,1.15
14850,0.15,1.7,0.321,0.0,1.1,0.4,0.35
14860,5.008,8.65,15.8,2.6,12.3,0.0,0.0
14870,11.05,0.0,0.606,17.48,32.266,0.5,0.0
14871,10.813,0.0,0.0,6.6,0.317,0.0,0.0
14875,0.0,0.0,0.0,0.0,0.2,0.0,0.0
14882,1.038,0.0,0.0,0.0,0.05,0.4,7.0
14883,0.0,0.0,0.0,9.433,0.0,0.0,0.85
14887,0.0,1.1,10.075,2.7,5.85,4.85,0.0
14890,0.0,0.675,0.5,0.0,6.55,0.0,0.611
14900,6.55,1.0,10.5,0.85,2.75,8.95,12.735
14907,0.0,0.0,0.0,0.0,5.95,0.0,0.0
14910,0.0,0.0,0.0,0.45,0.175,18.7,0.45
14920,0.0,0.4,6.55,0.0,0.0,0.3,1.425
14930,1.8,0.63,6.7,0.0,8.65,0.0,10.75
14935,0.0,0.0,0.0,0.0,0.343,0.0,0.0
14940,3.7,0.4,5.51,0.6,0.75,0.2,2.938
14955,1.867,0.8,0.0,1.15,1.925,0.0,0.25
14960,2.37,32.268,24.183,0.0,0.733,0.825,0.3
14980,0.0,0.0,1.525,8.809,0.0,1.064,0.0
14990,0.0,6.0,0.0,0.0,0.0,0.0,6.075
15010,0.15,0.7,0.0,0.834,4.25,0.75,1.1
15013,0.0,1.3,0.0,0.0,0.35,0.0,0.0
15014,1.55,0.0,0.0,0.0,0.0,0.3,0.0
15015,3.11,25.459,1.8,0.167,0.0,0.915,7.633
15020,0.0,3.8,0.0,1.05,0.0,0.0,0.0
15025,0.0,20.725,3.05,2.425,16.55,3.0,0.6
15030,0.858,0.85,11.4,0.0,0.4,0.0,2.3
15035,0.6,1.55,0.342,0.0,0.0,7.65,1.35
15038,0.0,0.0,0.541,0.0,0.0,0.0,0.0
15040,2.844,2.7,0.0,2.2,0.0,0.0,0.15
15041,0.1,5.95,0.75,0.95,0.0,0.9,0.0
15042,0.0,0.0,0.0,0.4,0.532,0.35,0.0
15043,0.0,16.383,0.0,0.0,0.117,0.0,0.15
15044,0.0,0.0,0.0,6.85,1.05,0.2,0.0
15045,1.55,0.0,0.0,7.7,0.0,6.8,0.0
15046,0.75,0.3,4.8,10.25,7.35,1.94,0.0
15047,0.0,0.65,0.0,0.0,0.0,0.0,0.0
15050,6.025,0.0,0.463,0.0,0.15,0.0,0.0
15051,0.0,0.2,0.0,0.819,2.35,0.0,0.25
15052,0.0,0.0,0.0,0.4,0.0,7.0,0.43
15053,0.798,0.0,0.0,1.8,0.0,0.0,7.65
15054,0.85,0.65,0.0,0.71,13.5,0.0,4.75
15055,0.0,3.85,1.7,31.6,4.467,1.075,1.501
15056,1.907,1.225,0.0,4.432,3.2,3.8,4.35
15057,0.15,11.325,1.867,0.0,0.0,0.0,0.0
15060,0.0,6.2,0.0,0.0,13.4,0.0,0.0
15061,4.85,0.0,1.1,9.95,13.05,1.45,0.97
15062,2.34,0.0,0.0,0.0,0.0,0.0,0.0
15063,0.0,1.55,0.0,0.0,0.0,0.5,0.0
15070,0.0,2.8,0.367,0.0,0.0,0.0,8.479
15075,0.0,9.85,0.9,1.2,0.0,0.8,0.0
15076,0.0,0.0,8.35,1.9,0.133,0.0,0.0
15077,0.55,0.0,0.35,0.0,0.0,0.0,0.0
15080,1.5,0.167,4.0,0.0,0.0,0.0,0.0
15081,0.0,0.8,0.0,0.0,0.0,6.011,0.0
15084,10.263,28.88,0.0,43.1,3.3,0.15,0.0
15085,3.65,1.2,9.138,1.65,8.185,1.637,1.65
15086,0.0,0.375,0.0,0.0,1.798,0.0,0.0
15090,0.0,0.0,0.0,0.4,0.14,0.0,12.85
15091,0.45,0.0,13.0,12.3,13.178,0.85,0.315
15092,0.0,0.0,0.0,0.0,0.0,0.5,0.286
15093,0.0,6.5,0.0,0.65,2.05,0.5,0.0
15102,0.0,0.0,0.0,11.6,0.0,0.0,0.0
15105,0.0,0.0,3.716,0.0,0.0,0.0,1.425
15108,0.0,0.0,0.407,0.0,0.0,0.0,0.0
15110,0.0,0.0,1.75,0.0,0.138,2.35,0.117
15115,7.35,0.0,0.7,0.0,0.0,0.0,0.0
15120,0.0,0.0,0.2,0.95,0.0,0.0,0.18
15130,2.584,1.75,15.1,6.6,14.75,20.15,1.275
15140,0.0,0.15,0.0,1.45,1.35,0.0,0.0
15150,0.3,0.15,1.3,7.05,0.2,0.0,23.325
15154,0.0,0.85,0.0,0.0,0.0,0.0,0.0
15155,0.0,0.0,0.0,0.0,0.0,0.2,0.0
15160,0.0,0.2,1.2,0.0,0.0,1.614,0.0
15170,32.7,0.0,2.575,1.0,3.1,0.0,3.1
15190,0.0,0.529,0.0,0.25,0.26,0.4,0.0
15200,0.55,0.6,0.82,2.65,0.0,8.188,1.8
15220,0.0,0.0,0.0,0.0,1.25,0.0,0.2
15230,0.15,0.25,0.0,0.0,0.4,0.175,0.0
15240,0.0,1.65,0.35,0.0,0.0,0.0,0.0
15260,0.0,0.0,0.0,0.0,0.0,0.0,0.0
15265,0.0,0.0,0.0,0.0,1.25,0.0,0.0
15270,0.0,0.0,0.0,0.0,0.595,0.0,0.0
15275,0.0,0.0,0.0,0.0,0.0,3.958,0.0
15285,0.0,0.0,2.05,0.0,1.6,0.0,0.0
15290,16.333,0.25,2.467,0.45,1.383,3.4,0.0
15300,2.125,2.6,0.35,0.0,0.4,0.0,0.0
15310,0.0,0.0,0.95,5.69,0.0,0.0,0.0
15315,0.0,0.1,0.0,0.6,0.0,0.0,0.0
15320,0.1,0.95,0.0,0.0,0.0,0.0,0.0
15330,0.0,0.61,0.0,0.0,0.0,6.55,0.0
15340,0.0,0.0,0.607,0.0,0.0,0.0,0.0
15350,10.5,0.1,0.1,0.0,0.85,0.2,0.0
15355,0.0,0.0,0.0,0.0,0.0,0.0,0.0
15360,0.0,0.0,0.25,0.95,0.0,0.0,0.0
15367,0.0,0.0,0.6,0.0,0.0,0.0,0.0
15370,18.621,0.0,0.85,3.112,2.475,2.2,2.175
15380,0.0,0.0,0.138,0.0,0.0,0.0,0.0
15385,2.625,3.8,3.833,2.725,3.38,0.459,0.7
15390,0.5,0.0,0.0,2.05,7.15,1.05,1.11
15400,5.95,22.8,14.725,14.75,7.116,20.081,0.0
15410,0.5,0.15,2.8,1.35,0.0,0.0,3.77
15420,0.0,0.0,0.0,0.0,9.6,0.2,0.0
15425,0.0,0.0,0.0,0.0,0.0,0.0,0.875
15440,0.98,2.337,8.683,4.34,6.25,1.4,0.3
15450,0.0,0.0,0.0,0.6,0.0,0.0,0.0
15460,0.85,0.541,1.4,0.0,11.0,0.0,7.275
15470,0.411,1.918,0.3,5.7,0.0,0.0,2.175
15480,0.5,0.0,10.7,0.15,0.532,0.875,0.0
15490,0.4,0.0,5.25,0.0,0.0,0.0,0.0
15495,0.0,10.85,1.35,0.0,0.0,0.0,0.0
15500,0.0,2.6,1.6,24.063,6.053,0.0,0.0
15501,0.9,1.088,0.4,6.15,3.6,0.0,0.15
15502,1.55,28.3,0.15,6.6,0.0,0.0,0.25
15503,1.5,1.05,3.008,34.066,4.984,0.25,12.25
15505,1.336,1.85,1.6,0.0,6.512,1.45,0.0
15520,9.35,0.25,0.0,0.0,0.0,0.0,0.0
15525,0.0,0.0,0.0,0.2,0.0,0.0,0.0
15530,6.75,0.0,0.65,2.4,0.15,0.0,0.0
15540,0.0,0.0,2.3,0.0,0.0,0.0,2.5
15550,0.0,0.0,0.0,0.0,0.0,0.0,2.45
15560,0.0,5.95,0.0,0.0,0.0,0.0,0.0
15570,0.0,0.45,0.0,6.65,1.2,0.0,0.0
15580,0.0,0.0,0.0,0.0,0.0,0.0,0.0
15600,9.933,16.845,9.3,2.591,2.138,6.65,29.155
15620,0.0,0.9,0.0,0.0,0.0,1.15,0.0
15625,0.0,0.0,0.0,0.0,0.0,0.0,5.9
15630,0.0,0.0,0.0,6.95,0.0,0.0,0.0
15650,0.0,0.0,0.0,0.0,0.0,0.0,0.0
15670,0.0,0.0,0.0,0.0,0.4,0.0,0.0
15685,0.0,1.9,9.4,3.0,0.15,1.25,11.025
15690,0.6,0.0,0.0,0.0,2.35,0.0,0.0
15700,18.65,0.5,1.38,1.825,0.0,0.0,0.0
15703,0.55,0.5,0.0,1.05,0.0,0.0,0.0
15704,0.0,0.0,8.35,0.0,4.01,0.0,0.2
15706,0.0,0.0,0.0,0.0,0.55,0.0,0.0
15707,0.0,0.0,0.0,0.0,30.0,0.0,0.0
15710,0.0,0.2,0.0,0.0,0.0,0.0,0.0
15718,0.0,0.0,0.0,0.0,0.0,0.0,0.0
15720,0.0,0.0,0.6,0.1,3.35,0.0,0.6
15730,0.0,0.0,0.95,2.2,0.0,0.0,0.0
15735,0.0,0.0,0.0,0.0,0.0,0.0,0.1
15745,0.0,0.372,0.0,0.0,0.0,0.0,0.0
15750,0.0,2.35,0.0,0.0,0.0,3.225,0.6
15755,0.0,0.0,0.0,0.0,0.1,0.0,0.0
15760,0.0,5.264,10.15,0.0,0.0,0.0,0.0
15768,0.207,0.0,0.0,0.0,0.0,0.0,0.0
15770,0.0,0.9,1.2,1.65,0.0,0.0,0.0
15773,0.493,0.0,0.0,0.0,0.0,0.0,0.0
15775,0.947,4.283,9.125,27.083,13.98,3.45,5.389
15780,0.1,0.0,8.75,0.0,0.0,0.2,0.0
15785,0.0,0.0,0.2,0.0,0.0,0.0,0.0
15790,1.65,0.0,0.0,0.0,0.0,0.0,0.0
15800,0.0,0.0,0.0,0.65,0.482,0.5,0.6
15801,0.25,1.8,6.1,3.727,0.0,0.0,4.286
15802,0.4,0.0,0.0,6.05,0.0,0.0,0.3
15803,4.8,10.225,2.2,2.15,0.2,16.15,0.0
15804,0.0,0.8,3.5,0.0,0.567,1.25,0.8
15805,0.0,0.0,0.0,1.2,0.0,0.0,0.0
15806,1.3,0.0,0.0,18.0,2.95,0.0,0.0
15807,0.0,0.283,0.0,1.0,0.0,3.52,0.0
15808,1.1,0.0,1.033,2.5,0.0,0.8,1.35
15810,0.0,0.0,0.0,0.0,0.0,0.0,0.55
15811,0.0,1.3,0.0,0.0,0.0,0.0,0.0
15813,1.5,0.0,0.0,0.0,0.0,0.4,0.0
15820,5.15,3.1,0.0,0.0,12.533,0.0,4.305
15823,0.0,0.0,0.0,0.0,0.0,0.0,3.0
15825,2.13,0.0,0.0,2.1,0.0,0.7,0.0
15828,0.0,0.0,0.0,0.0,0.0,0.0,0.0
15830,0.0,1.625,0.0,0.0,5.2,0.0,0.0
15840,0.85,0.0,0.0,0.0,0.829,15.253,10.0
15850,0.0,5.955,0.0,10.25,0.283,0.0,3.25
15860,0.85,0.0,2.4,0.0,7.625,0.15,0.493
15868,0.15,0.0,0.0,0.0,0.0,0.0,0.0
15870,0.64,0.15,15.475,0.0,0.15,0.0,0.0
15880,2.65,0.0,0.9,0.9,3.662,0.775,0.0
15885,0.0,0.0,0.0,0.0,0.0,0.0,0.0
15890,0.0,3.15,0.0,28.75,0.0,0.0,2.3
15895,0.117,0.1,0.0,0.0,1.55,0.0,1.5
15900,6.506,6.567,3.833,0.533,3.1,10.789,10.317
15903,0.0,0.0,0.8,0.0,0.0,0.0,0.0
15910,7.9,10.2,1.833,2.085,10.3,3.85,9.725
15915,0.0,0.0,0.0,0.35,0.0,0.0,0.0
15920,1.067,0.0,0.0,7.6,0.0,0.0,0.0
15930,0.0,0.0,0.0,3.1,0.0,0.0,0.167
15940,0.175,2.4,2.233,0.55,1.3,0.0,0.0
15950,0.25,9.964,0.0,2.172,7.335,0.7,4.117
15953,0.0,0.0,0.0,0.0,0.0,0.0,4.3
15960,0.0,0.0,1.175,0.8,20.2,0.0,0.0
15970,8.25,0.0,0.0,0.0,0.0,0.0,0.375
15980,0.0,0.0,0.0,0.0,0.2,0.0,0.0
15990,3.67,0.0,40.153,1.7,9.4,0.25,1.2
15991,0.7,0.0,7.7,0.0,2.735,0.4,6.55
15993,0.342,18.8,5.2,0.0,0.0,0.0,0.625
15995,0.0,0.0,0.0,0.0,0.0,0.0,0.7
15996,0.625,0.0,1.05,0.0,0.0,0.0,0.0
15997,0.0,0.0,0.0,5.375,0.432,0.0,7.75
16010,7.55,6.55,4.15,12.825,0.0,0.0,0.0
16011,0.0,0.0,0.2,0.55,0.0,0.0,0.0
16012,0.0,0.0,0.0,0.0,0.0,0.0,0.0
16013,0.0,0.3,2.8,0.85,0.95,0.0,0.25
16015,11.65,0.0,0.55,13.6,2.775,1.05,1.85
16016,0.0,0.0,0.0,0.0,0.0,0.0,0.0
16018,0.0,0.0,11.7,1.3,1.9,0.0,0.0
16020,0.0,0.25,0.45,3.45,7.825,0.277,14.7
16021,0.0,0.0,0.05,0.8,17.1,0.0,3.53
16022,1.05,1.7,0.0,1.275,0.0,0.5,0.0
16025,0.0,2.825,7.4,1.7,0.0,0.0,0.491
16026,0.25,0.95,5.025,0.0,0.0,0.0,0.0
16050,0.0,1.975,5.55,16.125,0.3,0.0,10.25
16052,7.775,1.95,0.0,0.6,0.0,0.0,11.15
16055,0.0,0.0,0.0,0.0,0.3,0.0,0.0
16056,0.0,0.0,0.0,0.0,0.25,0.0,2.65
16057,5.8,0.0,0.55,0.0,0.0,0.0,3.25
16070,0.0,0.0,1.85,0.0,0.0,0.0,0.0
16071,0.25,1.55,0.0,0.25,3.6,0.0,0.0
16072,3.0,0.0,0.0,0.6,0.0,0.15,0.0
16074,4.6,0.0,0.0,3.45,0.0,0.573,0.0
16075,0.0,6.75,0.0,0.0,0.925,0.0,0.0
16078,0.0,0.0,0.0,0.0,0.0,0.0,0.0
16130,0.0,0.0,0.0,0.0,0.0,0.0,0.0
16200,10.9,5.5,33.235,8.75,3.1,1.1,25.612
16201,0.0,28.25,17.05,1.056,0.85,0.538,0.2
16202,4.853,0.24,0.0,0.0,2.9,0.0,1.95
16203,0.0,2.525,2.233,4.8,15.95,0.0,0.2
16204,9.375,1.6,8.75,0.15,5.9,0.15,3.15
16205,0.0,0.0,0.0,0.0,0.0,0.0,0.0
16206,0.0,0.0,0.0,0.0,0.0,0.0,0.0
16207,0.0,3.5,0.0,4.395,0.0,0.0,0.0
16210,1.875,0.0,0.875,0.0,0.0,5.15,1.65
16220,0.0,0.0,0.0,0.0,0.0,0.0,0.0
16230,0.0,0.0,0.0,1.2,0.0,0.0,0.0
16250,0.4,0.0,0.0,0.0,0.0,0.0,0.0
16260,0.0,1.05,0.0,0.0,2.15,0.0,0.0
16270,0.0,0.1,0.0,0.0,5.75,0.0,0.0
16290,1.063,0.0,0.967,0.0,0.0,0.5,0.0
16300,6.467,0.15,0.0,9.267,4.705,0.0,7.003
16301,1.55,0.95,3.4,0.0,0.0,0.15,0.0
16303,0.0,0.0,0.0,0.15,1.15,0.0,0.0
16304,0.0,0.0,6.6,0.95,0.0,0.0,0.0
16305,0.2,1.35,1.55,0.0,87.1,0.0,0.94
16306,0.0,0.0,0.0,6.9,0.0,0.0,0.4
16308,0.85,0.0,0.0,0.0,0.25,0.0,0.0
16309,0.0,0.0,0.0,0.0,6.55,0.0,0.0
16340,0.0,0.0,3.3,0.0,0.1,0.0,0.0
16360,12.125,0.0,11.95,0.0,0.95,0.0,0.675
16370,4.05,21.2,12.65,3.65,20.337,1.1,10.996
16400,13.117,21.842,1.325,1.175,5.978,1.142,1.582
16401,0.0,0.0,4.2,7.133,0.0,0.0,0.0
16402,1.7,0.0,0.0,2.4,7.15,0.0,0.0
16403,6.15,1.1,1.35,0.15,0.55,0.0,2.717
16406,0.0,0.0,0.0,0.0,0.0,0.0,0.0
16430,0.0,0.0,0.68,0.8,1.85,0.0,7.65
16440,0.0,0.0,0.0,0.0,0.0,0.0,0.4
16450,0.0,2.6,0.0,0.0,0.0,0.0,0.0
16500,0.2,0.0,2.65,0.0,6.375,0.0,8.913
16570,2.85,11.717,0.0,0.0,0.0,0.0,0.0
16600,1.25,0.2,6.9,0.0,0.0,10.283,3.851
16640,0.0,0.0,0.775,0.0,0.0,0.0,0.0
16660,1.65,0.0,0.6,0.0,0.0,0.4,12.0
16670,0.2,0.0,0.0,1.65,0.0,0.0,0.0
16700,0.867,10.217,3.08,0.0,14.4,0.6,0.388
16750,0.0,0.0,0.0,2.8,0.0,0.0,0.0
16790,0.0,0.0,0.0,0.0,1.1,0.0,0.0
16800,2.05,0.617,14.05,1.65,0.0,1.4,1.2
16850,0.0,0.4,0.0,3.075,0.0,0.0,1.2
16880,1.469,0.0,0.0,0.0,7.0,0.0,0.3
16900,11.45,2.948,4.05,3.675,0.8,7.463,0.0
16901,3.3,4.133,18.25,0.71,0.75,0.25,0.0
16902,0.0,5.55,0.0,0.0,0.0,0.0,0.25
16903,0.0,0.5,0.0,0.0,0.0,0.0,0.0
16920,2.5,27.25,0.0,0.5,0.0,0.55,0.0
16940,0.0,0.0,0.0,0.0,0.0,0.0,0.0
16950,0.0,0.0,12.25,0.425,0.0,0.0,0.0
16980,36.5,0.0,0.0,0.0,0.1,0.0,34.65
17010,0.0,0.25,0.0,0.0,0.0,0.0,0.0
17011,2.3,0.5,0.0,3.075,4.45,0.65,0.0
17012,29.75,0.0,9.35,0.9,2.768,0.0,4.35
17013,4.928,4.6,4.687,0.253,0.0,2.25,1.95
17014,0.25,1.075,0.0,0.0,0.0,0.0,0.0
17015,1.525,0.0,0.1,0.0,0.0,0.0,0.0
17016,0.0,0.0,0.3,0.0,0.816,0.0,0.0
17017,11.3,3.317,16.133,27.9,4.05,0.0,6.1
17018,0.475,4.1,0.0,15.0,2.5,0.0,1.05
17020,7.15,2.134,7.839,2.85,0.0,7.7,0.8
17021,0.586,6.05,0.0,1.6,0.0,0.0,0.0
17022,1.4,3.05,0.3,7.175,0.65,0.0,3.5
17023,0.0,0.0,0.0,0.0,0.0,0.0,1.4
17024,0.075,0.0,1.0,0.225,0.0,0.0,0.0
17025,1.6,0.35,0.5,1.15,0.0,0.0,0.0
17026,0.0,1.85,0.175,0.4,0.0,1.2,17.0
17027,0.0,0.0,0.0,1.55,1.85,0.0,0.0
17030,0.0,0.668,3.246,1.0,0.0,0.0,0.0
17031,0.0,0.0,0.0,0.73,15.475,0.0,0.3
17032,0.35,0.0,0.7,0.0,0.0,14.382,0.35
17033,0.0,1.85,0.0,1.25,0.0,0.0,0.0
17034,0.25,0.0,0.0,0.0,0.0,0.0,0.0
17035,1.75,0.0,0.0,0.0,0.0,0.0,0.0
17039,0.0,0.0,0.0,0.0,0.0,6.6,0.0
17047,0.15,8.967,1.15,6.4,0.0,8.247,1.0
17050,9.725,0.2,2.6,0.717,5.25,1.35,0.0
17051,1.05,29.5,0.0,0.0,0.0,0.0,0.253
17052,0.0,0.0,0.225,3.25,0.0,0.0,0.269
17053,0.0,6.2,0.0,0.0,0.0,0.0,0.0
17054,0.0,8.9,3.85,3.675,0.0,1.05,0.0
17055,2.85,0.0,0.0,1.05,0.0,6.2,0.0
17056,0.0,0.0,1.2,0.0,0.0,0.0,0.0
17057,0.0,0.0,0.0,0.0,0.0,1.2,0.0
17060,0.0,0.0,0.0,7.65,0.0,7.65,0.0
17063,0.2,0.0,0.0,16.325,0.0,16.25,0.0
17064,10.275,0.18,3.05,0.0,0.0,0.0,0.0
17065,23.85,0.0,0.0,6.75,0.125,0.0,0.0
17066,1.9,0.0,0.0,0.0,0.0,0.0,0.0
17067,0.0,7.1,0.0,0.0,0.0,0.0,0.35
17110,0.0,0.0,0.0,0.0,0.0,0.0,0.0
17120,0.0,1.143,0.65,2.75,1.15,0.0,1.45
17150,0.0,0.0,0.0,0.0,0.0,0.0,3.0
17160,4.3,0.0,0.0,0.3,0.0,0.0,0.0
17180,5.725,0.0,0.0,0.45,0.0,0.9,0.0
17190,2.35,15.2,0.0,9.85,0.0,0.0,0.0
17201,30.0,8.75,0.0,1.078,0.0,0.0,0.0
17202,0.0,0.0,0.25,0.0,0.0,0.0,0.0
17203,0.0,0.0,0.0,0.0,0.0,0.0,0.0
17204,0.536,0.0,0.85,0.0,0.0,0.55,0.15
17205,0.3,0.0,1.1,0.0,0.0,0.0,0.0
17206,0.175,0.0,0.0,0.0,0.25,0.0,0.0
17207,0.0,0.0,0.368,2.775,0.0,0.0,0.0
17208,0.0,0.5,0.6,1.0,0.0,0.0,0.5
17209,1.05,0.0,2.7,0.0,2.6,1.11,0.133
17210,24.955,0.6,2.31,0.2,0.0,0.0,0.45
17211,2.65,0.25,0.0,2.075,1.55,0.15,0.0
17212,0.25,0.3,0.0,0.1,0.342,0.0,0.0
17213,1.563,0.0,6.0,2.05,0.0,0.0,0.0
17214,0.425,0.0,0.0,0.0,0.0,0.0,0.0
17220,0.0,0.0,0.0,0.0,0.8,0.393,0.0
17230,2.25,0.0,3.092,9.9,0.0,7.55,0.0
17240,0.0,16.05,0.0,0.15,0.0,0.0,15.35
17250,30.35,2.7,1.4,6.5,0.0,10.487,1.15
17260,0.0,0.0,0.45,0.0,0.0,0.0,6.65
17270,0.0,0.0,0.0,0.0,0.0,0.0,0.0
17280,5.518,3.783,0.0,4.2,1.4,0.45,0.55
17290,0.0,0.25,4.175,24.5,1.2,0.4,11.3
17300,0.3,1.25,0.0,0.2,0.1,3.65,0.0
17310,0.0,0.0,0.0,0.0,0.0,0.243,0.0
17320,0.583,0.0,0.0,0.0,0.0,0.15,0.0
17340,0.0,0.0,20.906,15.488,9.675,8.45,0.2
17350,0.0,0.0,0.0,0.15,0.15,0.0,0.7
17360,1.1,0.65,0.0,0.0,0.45,1.0,0.0
17370,0.0,0.0,0.0,0.2,0.0,0.0,0.0
17380,3.75,0.183,0.0,0.2,2.525,10.5,0.0
17400,1.165,36.821,1.8,15.65,9.808,4.075,1.4
17410,2.75,0.0,0.0,0.0,0.0,3.5,0.0
17420,0.0,0.0,0.85,0.0,0.0,1.05,0.0
17440,0.0,0.0,0.0,2.7,0.0,0.0,0.0
17450,0.0,0.0,0.0,0.0,1.65,0.0,0.0
17455,0.0,0.0,0.0,0.0,0.0,0.0,0.0
17470,7.5,0.0,0.34,0.0,5.925,11.35,0.0
17475,0.0,0.0,0.2,0.0,0.0,0.0,0.8
17480,1.05,0.0,0.0,2.175,0.1,0.0,0.0
17490,0.55,11.7,0.0,5.417,0.55,0.0,0.0
17500,0.0,0.0,0.0,0.0,1.95,0.0,0.0
17501,0.1,11.558,1.65,0.0,0.55,0.0,0.0
17502,0.0,2.2,0.0,0.0,0.0,0.175,1.6
17504,0.0,0.0,1.232,1.4,0.4,0.0,0.0
17505,3.45,0.0,0.0,0.25,0.0,0.0,0.0
17506,0.0,0.0,1.65,1.836,0.0,5.775,0.15
17507,0.0,22.827,0.0,0.5,0.0,0.0,0.0
17509,0.3,0.0,0.0,0.1,2.717,0.0,0.0
17510,2.25,0.0,11.375,0.0,0.825,0.0,0.05
17511,0.0,0.236,2.338,17.215,11.6,13.775,1.6
17512,1.9,3.8,0.0,2.35,0.8,0.0,0.0
17513,3.5,0.0,3.8,4.2,9.75,0.15,2.3
17514,1.64,0.0,0.0,4.38,1.85,4.65,1.533
17515,0.875,7.5,1.0,0.85,0.0,0.0,0.0
17516,0.9,0.0,0.6,0.642,1.617,1.85,0.4
17519,0.0,2.6,8.55,0.0,0.0,0.0,3.75
17520,0.45,0.0,1.65,0.0,0.0,0.0,0.0
17521,0.0,9.302,0.0,0.0,0.525,0.0,0.0
17522,0.0,8.161,4.55,0.0,1.86,0.792,7.85
17523,0.0,0.147,0.0,0.35,0.175,0.1,0.0
17524,1.1,0.0,0.0,9.675,0.05,0.0,0.0
17525,0.0,0.0,0.0,0.0,4.1,0.0,0.0
17526,0.984,0.0,0.0,0.55,1.85,0.0,2.5
17527,0.95,0.0,0.0,0.0,6.85,0.45,0.0
17533,0.0,0.0,0.0,0.0,0.0,0.0,0.0
17540,0.0,4.575,0.0,0.15,0.0,0.15,0.0
17550,0.0,0.0,5.5,2.15,0.0,0.0,0.0
17560,0.175,9.65,2.15,0.0,0.35,0.15,0.2
17570,0.0,0.0,0.3,0.0,0.0,0.0,0.0
17580,2.4,0.608,1.35,3.22,0.0,11.2,0.0
17590,0.75,0.0,0.0,0.0,0.0,0.0,0.0
17600,0.342,2.0,0.0,0.3,1.92,2.7,0.3
17601,1.813,0.15,0.0,0.0,0.35,0.0,1.45
17602,0.0,10.2,10.125,5.6,0.342,1.8,0.942
17603,0.0,0.119,8.95,0.0,0.83,0.5,0.0
17604,0.0,0.2,0.0,0.0,0.541,0.0,0.0
17605,0.1,1.2,0.0,0.0,0.0,0.95,0.0
17606,0.175,0.0,13.1,8.95,0.0,0.0,0.0
17607,0.0,0.2,0.175,0.16,0.0,0.0,0.0
17625,0.0,0.0,0.0,0.0,0.0,0.0,0.0
17650,0.0,1.8,0.3,0.0,1.45,0.0,0.0
17670,0.0,0.0,0.993,0.0,0.0,0.0,0.0
17680,0.3,0.0,0.0,0.0,0.0,0.15,0.0
17690,11.9,5.2,2.4,2.53,0.0,2.95,12.1
17700,2.15,3.05,7.503,1.7,1.525,1.05,1.8
17720,0.0,0.0,0.0,0.25,0.0,0.0,0.0
17730,0.0,3.95,12.0,9.9,3.875,0.0,0.0
17740,0.0,0.0,0.0,0.0,0.0,4.1,0.0
17760,0.0,0.0,0.0,0.0,1.65,0.0,3.4
17780,0.0,0.0,0.975,7.544,0.0,0.0,0.45
17800,12.05,3.4,25.2,17.575,0.825,6.367,11.091
17810,0.0,0.0,0.0,0.0,0.0,1.586,0.0
17830,0.0,0.0,0.0,0.0,4.129,0.3,0.0
17860,17.2,0.0,0.0,1.1,0.0,0.55,0.0
17870,0.0,10.7,0.0,0.0,0.0,0.0,0.0
17880,4.95,0.0,5.95,5.55,0.15,2.4,0.0
17890,0.25,20.725,1.15,0.0,0.0,0.0,3.538
17900,4.15,16.117,21.45,0.55,18.25,0.0,1.675
17905,0.0,0.0,0.0,0.167,0.0,0.0,0.0
17920,0.0,0.0,0.0,0.0,4.475,0.0,0.0
17930,0.175,1.85,0.3,0.0,0.05,0.35,0.0
17940,0.0,0.0,0.0,0.334,0.0,0.0,0.0
17950,1.7,0.0,0.0,0.0,0.0,0.0,0.0
17960,0.0,0.0,0.353,0.0,0.0,0.0,0.0
17980,0.0,0.8,0.0,0.15,0.0,0.0,0.0
17990,0.0,0.0,0.0,0.0,0.0,4.425,0.0
18010,0.25,0.0,0.0,3.85,4.2,0.2,1.0
18013,1.13,0.2,0.0,0.0,0.0,0.0,0.0
18015,0.35,5.7,0.0,0.4,0.0,0.7,0.0
18016,0.0,7.275,1.7,1.05,0.217,0.0,7.519
18017,40.5,0.2,1.95,1.067,0.45,17.1,11.6
18020,1.25,0.745,1.7,0.2,0.2,0.0,2.95
18021,2.7,1.1,0.213,0.45,0.0,0.0,2.161
18022,0.0,0.0,2.2,0.0,0.0,0.0,0.0
18023,0.0,0.0,0.0,0.0,0.0,0.0,0.0
18025,0.0,1.92,3.95,14.003,1.3,3.3,0.1
18030,0.6,0.1,1.3,13.1,7.05,0.0,3.8
18031,4.4,2.0,0.137,0.0,0.65,1.3,1.2
18035,0.883,2.4,0.6,4.225,0.0,0.0,10.6
18040,0.957,6.95,0.0,9.05,1.5,15.8,1.3
18043,0.85,0.0,0.0,0.0,0.0,0.0,0.0
18044,2.6,1.95,0.0,10.283,60.783,0.0,0.0
18045,16.05,1.317,2.5,2.173,7.35,1.6,1.46
18046,8.85,0.65,1.706,0.0,24.2,0.0,0.25
18047,3.25,2.2,0.3,0.0,0.0,0.2,0.0
18048,0.0,6.066,2.85,0.656,1.1,4.054,1.25
18050,3.8,9.18,0.0,2.127,0.65,2.267,0.535
18051,2.19,18.95,11.825,14.975,1.55,2.138,0.25
18052,0.25,0.0,0.0,8.124,0.0,0.0,2.05
18053,0.0,0.2,5.9,0.0,8.35,1.2,5.3
18054,0.0,0.0,0.0,0.0,0.0,0.0,0.0
18055,11.7,14.8,8.178,3.375,2.9,1.2,0.0
18056,0.0,0.0,0.0,3.85,5.95,0.0,0.0
18057,0.0,3.3,0.0,0.19,0.0,6.8,0.0
18060,3.6,0.0,0.8,0.9,1.45,2.9,0.0
18061,0.0,0.0,0.2,0.0,10.55,1.971,0.15
18065,0.0,0.45,0.0,2.0,4.2,0.5,0.925
18066,0.0,0.525,0.0,0.0,0.0,0.0,0.0
18070,0.0,0.95,6.05,0.0,1.966,0.0,1.3
18071,3.774,2.7,0.0,3.383,4.0,1.2,3.6
18072,1.225,0.0,2.035,0.0,4.35,13.3,1.95
18074,0.375,15.65,1.7,2.85,0.1,0.0,0.0
18075,1.405,1.5,7.85,12.85,11.875,2.95,0.0
18076,0.4,14.9,2.9,0.0,0.85,0.0,4.821
18077,0.6,2.2,0.633,0.0,1.15,0.0,0.0
18078,9.1,2.15,0.0,8.377,22.667,0.39,0.438
18079,2.475,0.0,0.0,16.05,1.075,0.2,15.2
18080,0.675,0.4,0.0,1.0,0.95,0.1,2.5
18081,0.0,0.25,1.225,1.066,0.8,10.85,0.0
18085,3.35,2.275,4.431,0.0,6.95,0.0,0.0
18086,7.657,0.15,0.625,2.925,0.0,0.0,0.25
18087,6.625,0.65,14.498,0.85,1.5,0.0,0.0
18090,8.094,14.75,0.5,1.375,12.1,0.4,1.125
18095,0.9,0.0,4.7,0.25,0.2,0.2,0.0
18103,1.725,0.0,0.475,0.0,0.0,0.0,2.113
18105,0.25,0.0,0.0,3.1,0.0,13.8,0.0
18108,13.575,0.6,2.775,2.3,0.25,0.0,12.85
18110,33.0,3.15,0.703,0.1,1.7,0.0,1.5
18111,0.0,5.8,4.1,0.85,0.0,1.2,0.0
18112,2.13,12.667,0.0,0.0,3.85,6.55,0.0
18113,0.0,0.0,0.0,1.55,0.0,0.0,0.0
18114,0.0,0.3,1.275,0.75,0.0,0.0,0.0
18115,0.0,1.168,5.05,0.0,1.7,0.3,0.0
18116,1.4,0.2,1.7,0.0,0.15,0.0,1.95
18117,0.7,0.414,1.05,0.25,1.0,3.6,2.25
18118,0.0,0.0,0.0,0.0,0.0,0.0,0.0
18119,1.15,1.2,0.0,1.277,2.283,0.0,0.0
18120,0.65,0.784,12.5,0.25,6.209,4.659,8.222
18125,1.7,0.0,0.925,1.65,0.0,0.767,0.0
18130,10.635,18.31,18.225,0.0,1.292,0.25,6.302
18131,0.0,0.0,0.0,0.2,1.45,0.0,14.4
18132,0.0,0.0,3.5,5.15,2.95,0.0,1.8
18133,0.559,10.975,0.0,0.9,0.15,1.2,2.35
18134,0.35,0.4,3.6,0.1,0.0,0.15,1.8
18135,1.8,0.25,6.917,0.0,2.2,9.783,0.0
18136,7.55,0.0,0.0,0.0,0.0,4.6,0.0
18140,0.0,0.583,0.0,0.0,0.0,0.0,0.0
18143,1.725,0.0,0.95,5.95,0.0,0.0,18.45
18145,0.0,0.0,0.0,0.8,0.0,0.0,0.0
18147,0.2,14.95,0.65,1.95,0.0,0.0,0.25
18150,2.86,7.55,32.913,7.438,0.9,0.2,0.675
18160,6.875,0.0,0.0,0.65,12.9,3.538,0.0
18170,1.1,0.685,6.046,4.083,2.042,0.0,11.033
18180,0.0,0.0,1.5,0.0,0.85,0.0,0.0
18185,1.1,1.138,0.0,2.75,1.7,0.0,14.05
18190,6.55,0.0,0.35,1.238,3.2,0.0,3.9
18195,0.0,0.0,0.0,12.1,0.0,0.0,0.0
18200,38.95,8.517,0.834,25.5,11.4,2.95,0.45
18201,0.31,0.0,0.0,1.233,0.0,0.0,0.0
18202,0.0,1.25,1.6,0.45,0.0,0.0,0.0
18203,0.0,0.2,0.0,0.0,0.0,0.0,0.0
18205,0.0,0.0,0.3,0.0,0.0,0.0,0.0
18206,0.0,0.0,0.8,0.55,0.15,0.0,0.0
18207,5.417,0.0,0.0,108.5,5.05,0.15,0.0
18208,0.0,7.0,0.556,1.045,0.2,0.0,0.1
18209,0.0,0.4,1.6,0.473,0.0,0.0,0.0
18210,0.0,0.0,0.5,0.0,0.0,0.1,2.4
18211,7.05,0.0,0.0,0.0,0.0,0.0,0.602
18212,0.0,0.25,0.593,0.0,5.95,0.0,0.0
18213,0.0,0.0,0.7,0.0,0.0,8.849,0.2
18214,1.3,0.35,0.0,0.0,2.6,1.87,0.0
18215,0.0,0.0,0.0,0.0,0.0,0.0,0.0
18217,0.0,0.0,0.0,5.95,0.0,0.0,0.0
18220,0.0,1.525,0.0,0.0,0.0,0.0,0.0
18225,1.2,1.5,0.0,0.0,0.0,0.0,0.0
18230,0.6,7.75,1.35,0.725,0.2,0.0,29.5
18240,6.797,0.0,0.0,4.243,0.0,5.3,0.0
18245,0.0,0.0,0.25,0.0,0.0,15.7,0.0
18250,0.0,0.543,0.0,0.15,0.0,0.0,1.95
18255,0.2,0.0,7.75,0.304,0.0,0.0,0.0
18260,0.0,0.0,0.0,0.1,0.0,2.3,0.0
18270,12.2,0.0,0.525,1.383,4.376,0.4,0.0
18271,0.0,0.292,0.0,10.669,0.25,7.0,1.25
18272,0.7,0.0,7.225,0.0,0.15,0.0,0.0
18273,1.6,1.7,0.15,0.0,0.0,0.0,0.0
18274,1.8,0.0,0.05,3.45,0.0,0.0,30.0
18275,1.25,0.0,6.919,1.05,0.0,0.15,0.5
18276,0.25,0.0,1.11,0.0,0.0,1.0,0.0
18277,0.2,3.71,1.125,0.0,2.35,0.0,0.0
18278,9.9,10.75,0.0,0.0,0.0,0.0,0.0
18279,0.0,0.342,1.05,1.7,0.0,1.5,0.0
18285,10.958,7.175,2.438,0.0,0.95,0.0,0.2
18290,7.7,1.75,0.0,0.0,0.0,0.226,1.943
18300,0.5,0.122,12.2,0.0,14.3,0.0,0.8
18301,0.0,0.0,0.0,0.0,0.0,0.0,0.2
18303,0.0,0.0,0.0,0.0,0.0,0.0,0.0
18304,0.35,0.0,2.15,0.0,0.0,0.7,0.0
18305,0.0,0.0,0.0,0.0,1.25,0.65,0.0
18307,0.25,0.0,6.25,0.0,0.0,0.35,0.0
18310,0.0,0.0,0.0,0.0,0.0,0.0,3.55
18320,0.0,0.0,0.0,4.5,0.0,0.0,0.0
18360,0.0,0.0,0.0,0.0,6.775,0.0,0.0
18380,1.35,0.0,0.0,0.2,0.0,0.0,0.0
18385,0.0,6.8,0.0,0.0,0.0,1.7,0.0
18400,0.0,0.75,0.6,0.2,2.475,0.3,21.21
18401,0.0,0.15,26.25,0.0,0.65,0.0,0.0
18403,0.0,0.0,9.4,0.0,0.0,0.0,0.0
18404,0.0,0.0,0.0,0.0,0.0,0.0,0.2
18405,0.0,0.3,0.0,0.0,0.0,0.0,0.0
18406,0.385,0.0,0.0,3.3,0.4,0.0,2.15
18407,3.9,0.0,0.0,0.0,0.0,0.25,3.2
18408,0.0,0.0,0.75,0.0,0.0,0.0,0.0
18409,0.9,0.0,8.25,0.0,0.0,0.0,0.0
18410,1.333,0.375,12.25,0.6,0.0,0.0,0.0
18411,0.0,0.0,5.4,0.0,0.9,0.0,0.0
18425,0.0,0.0,0.0,13.5,0.0,0.0,0.0
18430,0.0,0.0,20.4,0.3,0.0,0.0,0.0
18435,0.0,0.0,0.1,8.325,0.0,0.0,0.0
18440,0.0,0.0,0.4,2.6,24.1,0.45,0.8
18460,18.763,0.3,0.18,11.25,4.706,3.452,11.1
18470,0.0,0.0,0.0,0.0,0.0,0.0,0.0
18480,0.1,8.45,0.0,30.0,5.0,8.416,1.22
18500,6.75,10.925,0.85,0.1,0.0,1.464,0.0
18510,0.0,10.0,0.0,0.0,1.0,0.1,0.42
18520,1.6,4.105,1.543,3.1,15.8,5.15,5.725
18530,12.88,2.567,5.925,41.26,11.15,3.825,1.85
18535,0.0,5.375,0.0,0.0,3.65,0.0,0.0
18540,2.5,5.183,1.3,2.175,2.887,7.41,4.4
18550,4.161,42.275,15.317,15.45,8.0,0.25,15.35
18560,10.305,3.5,30.0,3.35,16.666,1.835,0.0
18570,0.835,0.0,10.65,0.6,0.0,3.78,0.0
18580,0.0,0.0,0.0,0.0,0.0,0.0,0.0
18590,0.0,0.0,0.0,15.475,1.936,0.0,10.7
18600,1.325,0.0,0.7,0.0,30.0,0.0,0.0
18601,0.0,0.0,1.45,8.5,0.0,0.292,0.0
18602,0.0,0.2,6.95,0.55,0.9,0.0,0.6
18603,19.418,2.026,24.225,0.0,0.55,2.229,0.0
18604,0.307,0.0,0.0,1.85,0.0,0.0,0.55
18605,3.3,0.0,0.0,4.5,0.25,0.6,0.0
18606,0.45,1.25,1.571,3.8,0.44,2.738,0.0
18607,27.3,0.0,11.083,0.5,0.0,0.0,0.0
18608,0.2,0.0,0.0,0.3,1.0,0.2,0.173
18609,0.0,4.105,0.0,0.625,0.55,9.75,0.0
18610,1.444,10.45,8.5,0.0,0.194,2.4,18.391
18611,9.725,0.0,0.2,0.0,0.0,0.0,31.557
18618,0.15,0.0,0.0,0.0,0.0,0.0,0.0
18620,0.0,0.0,0.6,0.0,0.0,0.0,0.0
18640,0.0,0.0,0.0,0.0,9.3,0.0,0.0
18650,4.9,7.0,13.024,0.35,2.774,9.6,0.0
18655,0.0,0.0,0.0,0.2,0.0,1.95,0.0
18670,3.2,0.0,0.0,0.0,0.0,0.0,0.0
18680,0.85,8.6,0.333,11.6,0.0,0.45,0.0
18681,0.281,1.5,10.525,0.1,0.83,0.0,2.0
18682,0.444,0.0,0.6,5.757,0.346,2.0,0.0
18683,0.0,0.6,8.763,1.223,0.0,0.0,0.0
18684,0.0,1.433,0.0,0.0,0.0,0.0,0.0
18685,0.0,0.0,2.069,10.667,0.0,0.0,0.0
18690,0.0,0.0,0.0,0.0,0.0,0.5,0.0
18700,1.0,0.0,0.492,1.1,0.35,3.496,0.0
18701,1.05,0.925,0.0,0.1,1.85,0.25,0.0
18702,0.25,2.45,0.0,6.117,0.0,0.0,0.0
18703,2.65,0.2,0.0,0.0,0.0,0.35,0.0
18704,0.0,0.0,0.25,0.0,0.0,0.15,0.0
18705,0.625,0.0,2.3,0.0,1.55,7.625,0.15
18706,12.7,3.4,6.25,0.0,0.2,0.0,0.4
18707,0.0,0.55,1.55,0.0,0.95,0.0,0.0
18708,0.5,0.0,19.475,0.0,22.6,0.15,0.0
18710,0.0,0.7,0.0,0.0,0.0,0.0,4.2
18720,3.05,0.0,3.425,0.1,0.3,0.2,0.0
18725,0.0,1.75,6.2,0.0,0.0,0.0,0.0
18730,0.15,1.75,0.0,1.434,3.023,13.15,0.0
18740,1.193,2.8,4.1,35.05,1.05,3.45,7.35
18745,0.0,0.35,0.0,0.0,0.0,0.0,1.45
18760,17.058,0.4,24.6,7.04,5.923,0.0,0.0
18770,1.475,0.0,0.0,0.0,0.0,0.4,0.0
18775,0.0,0.0,1.4,0.0,0.0,0.0,0.0
18780,3.3,0.0,2.05,0.0,0.0,0.0,0.5
18790,0.0,0.0,1.65,0.0,0.0,0.0,0.0
18800,3.95,0.993,0.0,7.55,46.3,1.733,0.9
18830,0.0,0.0,1.782,0.0,0.6,0.0,0.0
18840,0.0,0.0,0.0,0.0,0.0,0.0,0.0
18860,0.0,0.459,0.0,5.0,0.0,0.0,0.0
18870,0.496,13.738,6.97,20.55,0.35,0.0,3.45
18890,1.8,2.5,0.35,0.0,0.25,1.85,0.8
18900,3.02,0.45,22.05,0.5,0.0,0.97,2.6
18935,0.0,0.0,0.2,0.0,0.0,0.0,0.0
18940,0.0,0.0,0.0,0.0,0.0,1.5,0.0
18950,0.0,0.0,0.5,0.0,13.8,1.3,26.7
18960,0.063,0.0,0.6,4.5,0.0,0.45,0.0
18970,0.083,0.0,2.95,19.15,0.15,1.117,0.0
18980,10.7,0.0,0.0,2.05,0.0,0.0,0.0
18990,0.0,2.1,0.0,0.0,0.0,0.0,0.0
19010,0.0,0.45,1.65,0.1,1.966,0.15,1.45
19013,0.65,0.0,30.85,22.825,10.05,0.35,0.0
19014,6.05,0.4,0.2,0.0,0.0,0.0,0.7
19015,0.53,6.35,0.6,9.8,0.0,0.207,0.0
19020,0.0,0.15,0.0,0.0,0.0,2.25,0.0
19023,25.95,0.0,0.0,4.325,0.0,0.584,0.5
19024,0.0,0.0,0.0,0.0,0.25,0.0,0.0
19025,0.15,0.535,0.0,0.342,0.717,0.0,0.0
19026,0.0,26.2,0.3,7.95,0.0,0.0,0.0
19027,0.7,14.3,0.0,0.1,0.0,0.0,0.0
19028,0.0,0.0,0.0,0.0,0.15,0.0,0.0
19030,0.0,0.0,0.0,0.0,0.0,0.25,0.0
19031,0.0,0.0,0.0,0.3,0.0,0.0,0.0
19033,0.0,0.0,0.0,0.0,1.45,0.0,0.0
19034,0.0,0.0,0.0,0.0,0.0,0.0,0.0
19035,0.0,0.0,0.0,0.0,1.2,0.0,0.0
19040,0.0,0.0,0.0,0.0,0.0,0.0,0.0
19041,0.0,0.0,1.15,0.25,0.65,0.75,0.0
19042,0.0,0.0,0.0,0.1,0.0,0.0,0.0
19045,0.0,0.0,0.0,0.0,0.0,0.0,0.0
19050,0.0,1.224,2.313,0.533,9.9,0.0,1.0
19051,0.0,0.0,0.0,0.4,0.0,0.0,0.0
19053,0.35,0.85,73.25,4.1,6.4,0.0,10.6
19060,4.037,2.9,16.85,0.0,0.0,0.73,1.52
19061,0.735,0.0,2.55,0.0,0.4,0.0,0.0
19062,0.0,0.0,1.1,0.0,0.0,0.1,0.0
19063,0.0,6.25,11.4,2.15,0.0,0.0,2.6
19064,0.0,0.0,0.0,0.0,0.0,0.75,0.0
19065,1.65,6.4,0.0,1.9,1.675,0.0,0.0
19066,0.0,0.0,0.0,0.0,0.0,0.0,0.0
19067,0.0,0.0,0.0,0.5,0.0,0.0,0.0
19070,0.0,0.0,4.45,0.6,0.0,0.0,0.0
19085,0.0,0.0,0.3,0.0,0.0,0.0,0.0
19110,0.0,2.65,0.0,0.0,0.0,0.0,0.0
19140,0.0,0.0,0.0,0.0,0.6,0.0,0.0
19160,1.55,1.127,0.396,0.0,3.45,0.0,0.0
19180,0.0,0.0,0.0,0.0,0.0,0.0,6.55
19190,0.0,0.0,0.0,0.311,0.0,0.0,0.0
19200,1.669,0.65,0.483,0.0,6.3,0.2,2.8
19210,0.0,0.0,13.145,0.0,0.0,27.2,0.15
19220,0.0,0.0,0.0,0.0,0.0,0.0,0.0
19230,0.596,0.0,0.0,0.0,0.0,0.0,0.0
19260,0.0,0.2,0.0,0.0,0.0,0.0,0.0
19273,0.0,0.0,0.15,0.0,1.85,0.0,0.297
19274,0.0,5.7,1.05,0.2,0.125,0.55,8.2
19275,0.0,0.0,0.0,0.0,0.0,0.0,0.0
19280,0.775,0.0,0.2,1.05,11.433,0.0,4.75
19300,0.0,0.0,13.9,10.7,0.2,0.0,0.0
19350,2.0,0.0,0.0,0.0,0.0,0.0,0.0
19360,0.0,14.8,12.16,0.0,1.81,0.18,7.9
19400,1.675,18.604,3.483,1.1,30.625,0.0,12.593
19410,0.0,0.0,0.0,1.35,0.0,0.0,0.0
19450,0.0,0.0,0.0,0.0,0.0,0.0,0.95
19470,2.8,2.933,5.9,2.85,2.39,2.95,0.0
19500,0.0,12.95,0.0,7.325,20.1,0.0,35.675
19505,0.0,0.1,0.0,0.0,0.0,0.0,0.0
19560,0.0,0.15,0.0,0.0,0.0,0.0,0.0
19570,1.04,0.15,0.6,2.35,0.6,12.388,0.0
19575,0.0,0.0,0.0,0.55,0.0,0.0,0.0
19580,0.0,0.0,0.2,0.0,0.0,0.0,0.0
19590,18.05,0.0,0.0,0.0,0.0,0.0,0.0
19600,16.613,1.65,0.3,1.26,13.638,0.75,6.95
19610,0.0,0.0,1.15,0.0,0.0,0.0,0.0
19640,0.0,0.0,0.0,0.25,0.0,0.0,0.0
19645,0.0,0.0,0.0,0.0,0.0,0.0,0.0
19680,0.0,0.0,0.0,18.05,0.0,0.0,8.0
19700,5.275,0.35,0.679,0.625,3.235,7.933,0.15
19750,0.0,0.0,0.0,0.0,0.0,5.962,0.0
19770,1.3,0.4,0.0,0.0,0.0,0.0,0.0
19780,4.702,0.0,0.0,0.683,1.35,3.483,0.0
19800,0.62,2.65,20.667,0.0,10.65,0.3,21.7
19801,0.0,0.482,0.0,0.3,0.0,0.0,1.5
19802,2.5,0.5,2.4,0.0,0.45,1.111,0.55
19803,2.433,0.0,0.0,0.0,0.0,0.0,1.05
19804,0.0,0.0,7.91,0.0,0.0,0.1,8.05
19806,16.897,0.2,14.817,0.0,0.0,0.4,0.225
19807,1.85,0.0,0.8,10.575,0.0,4.554,4.1
19810,0.0,0.0,0.25,0.0,0.0,0.0,0.0
19812,1.6,0.0,9.6,0.0,2.856,0.0,0.0
19813,0.9,0.0,6.95,23.113,0.0,0.0,0.0
19814,13.5,0.15,0.0,0.0,2.2,0.0,0.3
19815,0.45,0.0,0.0,0.0,5.05,0.0,5.4
19816,0.0,0.0,2.6,0.35,0.0,0.0,0.0
19820,10.925,0.425,0.4,0.0,1.75,1.458,11.35
19830,0.0,0.0,0.0,5.7,1.0,0.0,0.0
19840,0.2,0.25,35.645,0.0,0.0,0.0,4.05
19860,8.2,0.3,0.25,0.0,0.0,0.0,0.0
19865,0.396,0.0,0.0,1.7,0.0,2.7,0.0
19870,0.0,0.0,0.0,0.0,0.0,0.57,0.0
19880,0.275,0.13,2.298,1.575,2.425,1.5,1.45
19900,6.25,18.25,2.173,0.0,12.0,0.15,2.866
19901,5.3,0.0,0.0,0.333,0.0,0.0,0.85
19902,0.0,0.0,0.0,0.0,11.45,0.0,0.0
19904,0.0,0.0,0.0,0.8,0.0,0.0,0.0
19905,6.5,0.5,1.65,0.0,15.75,5.45,0.0
19906,0.343,1.05,0.7,4.95,0.9,0.4,0.0
19907,14.6,2.22,1.65,0.9,1.2,6.05,0.0
19909,0.0,0.0,0.0,0.0,0.0,0.0,0.0
19910,0.0,0.3,0.0,0.317,0.0,0.0,0.0
19911,0.0,0.15,7.0,2.5,2.3,0.0,4.0
19912,0.0,0.0,0.0,0.0,5.4,0.0,0.25
19913,6.2,0.0,0.0,0.0,0.0,0.0,0.0
19915,0.75,0.15,1.65,0.0,0.0,0.0,0.0
19920,0.0,0.0,0.0,12.65,0.0,0.0,0.0
19930,0.0,2.1,0.0,0.563,0.0,0.0,0.0
19940,0.0,0.0,0.0,2.25,0.0,0.0,0.2
19970,7.6,3.25,13.2,6.475,1.55,0.15,0.666
