prefix,city,lat,lng,n_orders,kg
01003,sao paulo,-23.548977,-46.635313,1,0.5
01004,sao paulo,-23.549535,-46.634771,2,0.65
01005,sao paulo,-23.549612,-46.636532,6,3.015
01006,sao paulo,-23.550317,-46.636225,2,5.85
01007,sao paulo,-23.550349,-46.637342,4,0.806
01008,sao paulo,-23.545396,-46.635599,4,5.551
01009,sao paulo,-23.546935,-46.636588,7,8.025
01011,sao paulo,-23.54669,-46.635447,5,2.674
01012,sao paulo,-23.547742,-46.634881,2,0.765
01013,sao paulo,-23.547308,-46.634236,3,0.867
01014,sao paulo,-23.546066,-46.633582,3,0.772
01015,sao paulo,-23.547973,-46.631701,2,2.613
01016,sao paulo,-23.549251,-46.632136,1,2.6
01017,sao paulo,-23.54969,-46.631114,3,31.15
01019,sao paulo,-23.551664,-46.630932,1,0.15
01020,sao paulo,-23.552494,-46.629609,6,76.21
01021,sao paulo,-23.544185,-46.632143,2,2.72
01022,sao paulo,-23.544498,-46.631462,1,0.34
01023,sao paulo,-23.542093,-46.631377,1,0.667
01024,sao paulo,-23.54139,-46.629899,2,1.147
01025,sao paulo,-23.540411,-46.631265,1,0.7
01026,sao paulo,-23.53944,-46.632844,4,2.85
01027,sao paulo,-23.538015,-46.630439,3,2.15
01030,sao paulo,-23.538399,-46.632972,3,2.85
01031,sao paulo,-23.542521,-46.635335,4,4.741
01032,sao paulo,-23.540742,-46.635251,2,23.1
01033,sao paulo,-23.540035,-46.63581,6,35.115
01035,sao paulo,-23.540984,-46.642569,7,18.134
01036,sao paulo,-23.5417,-46.641318,3,1.301
01037,sao paulo,-23.54541,-46.638819,3,19.988
01038,sao paulo,-23.54414,-46.640411,2,0.9
01041,sao paulo,-23.543713,-46.640263,2,15.975
01042,sao paulo,-23.54488,-46.640328,5,6.022
01043,sao paulo,-23.545782,-46.641377,1,1.875
01044,sao paulo,-23.545663,-46.641385,3,2.0
01045,sao paulo,-23.542393,-46.642803,1,2.0
01046,sao paulo,-23.546081,-46.64381,18,16.546
01047,sao paulo,-23.546273,-46.641225,6,40.617
01048,sao paulo,-23.547162,-46.639559,7,32.15
01049,sao paulo,-23.547757,-46.640216,2,1.842
01050,sao paulo,-23.548986,-46.643139,7,9.875
01102,sao paulo,-23.52261,-46.629424,1,0.25
01103,sao paulo,-23.535453,-46.631706,6,6.81
01105,sao paulo,-23.53422,-46.629573,2,12.663
01106,sao paulo,-23.531047,-46.628654,2,1.633
01107,sao paulo,-23.527488,-46.627174,3,1.195
01108,sao paulo,-23.527562,-46.629437,1,0.1
01120,sao paulo,-23.530535,-46.639343,3,4.652
01121,sao paulo,-23.528535,-46.635686,4,21.15
01122,sao paulo,-23.531281,-46.639498,7,38.831
01123,sao paulo,-23.529349,-46.636758,6,6.117
01124,sao paulo,-23.528344,-46.632985,1,0.15
01125,sao paulo,-23.526997,-46.640197,3,0.62
01127,sao paulo,-23.525865,-46.640098,3,4.863
01129,sao paulo,-23.524373,-46.645552,5,17.495
01131,sao paulo,-23.522385,-46.645863,8,28.281
01132,sao paulo,-23.520905,-46.648407,3,33.35
01134,sao paulo,-23.518677,-46.653116,3,0.528
01135,sao paulo,-23.526908,-46.650894,7,4.125
01136,sao paulo,-23.52351,-46.663621,1,0.1
01137,sao paulo,-23.523145,-46.652822,4,4.867
01138,sao paulo,-23.522504,-46.65542,5,10.632
01139,sao paulo,-23.52076,-46.66429,5,9.125
01140,sao paulo,-23.51878,-46.668708,6,8.029
01141,sao paulo,-23.520119,-46.66584,5,10.237
01144,sao paulo,-23.523755,-46.672016,2,8.3
01150,sao paulo,-23.532869,-46.657464,5,20.45
01151,sao paulo,-23.531294,-46.656404,8,16.192
01152,sao paulo,-23.529763,-46.655658,5,16.975
01153,sao paulo,-23.528899,-46.653737,8,16.67
01154,sao paulo,-23.531052,-46.658977,9,40.985
01155,sao paulo,-23.528993,-46.663321,4,31.017
01156,sao paulo,-23.529571,-46.66511,5,4.75
01201,sao paulo,-23.5356,-46.649356,7,14.718
01202,sao paulo,-23.532546,-46.649175,8,21.446
01203,sao paulo,-23.535415,-46.645784,5,2.2
01204,sao paulo,-23.537402,-46.643338,5,4.342
01205,sao paulo,-23.540422,-46.639695,1,2.825
01206,sao paulo,-23.536609,-46.642445,2,0.3
01207,sao paulo,-23.539369,-46.638486,3,6.85
01208,sao paulo,-23.538629,-46.638799,1,0.05
01209,sao paulo,-23.54073,-46.641937,4,11.417
01210,sao paulo,-23.540014,-46.642552,6,6.043
01211,sao paulo,-23.537753,-46.648289,6,4.129
01213,sao paulo,-23.536418,-46.640065,2,9.95
01214,sao paulo,-23.539691,-46.646262,6,10.126
01215,sao paulo,-23.536106,-46.647688,3,21.7
01216,sao paulo,-23.533622,-46.647678,5,16.75
01217,sao paulo,-23.533272,-46.649407,3,30.6
01218,sao paulo,-23.531512,-46.64923,4,2.7
01219,sao paulo,-23.541468,-46.645337,7,46.1
01220,sao paulo,-23.544387,-46.646171,8,23.213
01221,sao paulo,-23.545862,-46.648653,10,9.0
01222,sao paulo,-23.545495,-46.650239,18,26.289
01223,sao paulo,-23.543859,-46.648253,11,62.723
01224,sao paulo,-23.541701,-46.652571,22,35.347
01225,sao paulo,-23.539684,-46.649155,5,3.0
01226,sao paulo,-23.537964,-46.652443,14,40.48
01227,sao paulo,-23.54786,-46.658684,14,25.97
01228,sao paulo,-23.548028,-46.658855,12,8.322
01229,sao paulo,-23.539114,-46.656723,17,29.808
01230,sao paulo,-23.536611,-46.657585,25,79.344
01231,sao paulo,-23.537368,-46.659642,12,25.25
01232,sao paulo,-23.536767,-46.658948,12,37.582
01233,sao paulo,-23.535088,-46.661504,8,6.166
01234,sao paulo,-23.539588,-46.664315,5,57.1
01235,sao paulo,-23.536966,-46.664247,1,1.76
01237,sao paulo,-23.543437,-46.66858,1,0.852
01238,sao paulo,-23.542944,-46.653267,14,21.635
01239,sao paulo,-23.547162,-46.655439,10,28.505
01240,sao paulo,-23.543513,-46.658855,15,26.503
01241,sao paulo,-23.545614,-46.657142,6,7.304
01242,sao paulo,-23.546772,-46.657496,6,6.492
01243,sao paulo,-23.548284,-46.659313,10,22.556
01244,sao paulo,-23.54997,-46.660711,6,9.275
01246,sao paulo,-23.554529,-46.666491,1,0.363
01248,sao paulo,-23.547337,-46.66801,1,0.431
01250,sao paulo,-23.547755,-46.672018,2,2.9
01251,sao paulo,-23.547934,-46.674595,3,2.9
01252,sao paulo,-23.541831,-46.679131,5,4.41
01253,sao paulo,-23.544687,-46.679147,1,0.05
01254,sao paulo,-23.542531,-46.681914,3,11.817
01255,sao paulo,-23.546313,-46.6814,2,2.6
01256,sao paulo,-23.548154,-46.682729,1,1.2
01257,sao paulo,-23.543614,-46.687666,12,15.975
01258,sao paulo,-23.544731,-46.686769,16,25.565
01259,sao paulo,-23.541507,-46.685164,5,1.75
01301,sao paulo,-23.548926,-46.651821,7,8.038
01302,sao paulo,-23.547803,-46.647839,5,16.7
01303,sao paulo,-23.549191,-46.648182,13,30.368
01304,sao paulo,-23.554095,-46.656003,7,14.586
01305,sao paulo,-23.551689,-46.651384,3,1.013
01306,sao paulo,-23.553932,-46.649781,21,101.863
01307,sao paulo,-23.552836,-46.653169,29,46.784
01308,sao paulo,-23.55591,-46.653248,10,39.029
01309,sao paulo,-23.554621,-46.658505,11,23.8
01310,sao paulo,-23.561265,-46.656554,14,14.678
01311,sao paulo,-23.564712,-46.652741,27,57.499
01312,sao paulo,-23.556049,-46.649747,9,13.1
01313,sao paulo,-23.556816,-46.650745,13,50.47
01314,sao paulo,-23.551731,-46.645112,5,14.6
01315,sao paulo,-23.554265,-46.640593,13,32.243
01316,sao paulo,-23.552917,-46.639703,9,11.425
01317,sao paulo,-23.555772,-46.639553,16,44.168
01318,sao paulo,-23.555772,-46.639553,6,25.6
01319,sao paulo,-23.551666,-46.641231,5,3.029
01320,sao paulo,-23.557961,-46.639479,2,0.325
01321,sao paulo,-23.56373,-46.642289,15,17.505
01322,sao paulo,-23.563294,-46.643484,17,39.332
01323,sao paulo,-23.566403,-46.641585,10,22.207
01324,sao paulo,-23.556372,-46.643292,1,2.05
01325,sao paulo,-23.557263,-46.644481,4,23.85
01326,sao paulo,-23.55579,-46.64553,3,3.5
01327,sao paulo,-23.565974,-46.644844,11,40.805
01328,sao paulo,-23.555706,-46.647277,4,4.4
01329,sao paulo,-23.562281,-46.647703,12,33.549
01330,sao paulo,-23.558617,-46.64971,6,3.075
01331,sao paulo,-23.562336,-46.650328,5,8.98
01332,sao paulo,-23.559618,-46.65244,2,0.238
01333,sao paulo,-23.566622,-46.646749,7,3.155
01401,sao paulo,-23.575386,-46.657187,9,26.335
01402,sao paulo,-23.578657,-46.660827,3,1.9
01403,sao paulo,-23.569132,-46.653704,17,32.955
01404,sao paulo,-23.568767,-46.655971,11,29.935
01405,sao paulo,-23.565713,-46.655773,9,21.291
01406,sao paulo,-23.576796,-46.671329,2,3.925
01407,sao paulo,-23.577274,-46.673003,9,33.945
01408,sao paulo,-23.567278,-46.661204,8,7.475
01409,sao paulo,-23.559889,-46.656122,15,33.36
01410,sao paulo,-23.562466,-46.660461,14,8.79
01411,sao paulo,-23.564112,-46.66453,10,17.73
01412,sao paulo,-23.564281,-46.666694,2,2.0
01413,sao paulo,-23.561367,-46.663573,3,5.175
01414,sao paulo,-23.559366,-46.663184,4,25.45
01415,sao paulo,-23.555201,-46.660508,27,47.017
01416,sao paulo,-23.559991,-46.667474,12,24.78
01417,sao paulo,-23.561414,-46.666219,5,22.225
01418,sao paulo,-23.563122,-46.656567,2,3.1
01419,sao paulo,-23.564106,-46.655402,18,18.91
01420,sao paulo,-23.564426,-46.656806,11,16.414
01421,sao paulo,-23.563185,-46.660421,11,10.927
01422,sao paulo,-23.563886,-46.661132,15,11.759
01423,sao paulo,-23.569763,-46.656772,27,90.276
01424,sao paulo,-23.568144,-46.661179,17,27.719
01425,sao paulo,-23.572803,-46.659202,4,31.35
01426,sao paulo,-23.566558,-46.665673,1,0.15
01427,sao paulo,-23.573186,-46.661563,2,1.3
01429,sao paulo,-23.576371,-46.663512,3,1.45
01430,sao paulo,-23.574715,-46.666161,2,0.6
01431,sao paulo,-23.576045,-46.665093,1,0.525
01432,sao paulo,-23.57681,-46.665951,1,2.55
01433,sao paulo,-23.577662,-46.669148,3,0.82
01434,sao paulo,-23.574488,-46.67269,4,15.875
01435,sao paulo,-23.579023,-46.670462,2,0.402
01438,sao paulo,-23.57047,-46.672892,1,0.18
01440,sao paulo,-23.568477,-46.678518,1,0.175
01442,sao paulo,-23.563702,-46.675291,4,22.35
01443,sao paulo,-23.567509,-46.684718,1,0.6
01444,sao paulo,-23.571536,-46.684227,2,1.133
01445,sao paulo,-23.572722,-46.688327,3,13.2
01447,sao paulo,-23.572517,-46.678704,2,1.25
01448,sao paulo,-23.578678,-46.679312,3,4.688
01449,sao paulo,-23.576433,-46.680594,1,0.35
01450,sao paulo,-23.575921,-46.685162,2,34.35
01451,sao paulo,-23.574729,-46.688626,18,20.155
01452,sao paulo,-23.57081,-46.690775,12,17.064
01453,sao paulo,-23.584555,-46.68664,13,12.795
01454,sao paulo,-23.582599,-46.687347,14,22.656
01455,sao paulo,-23.580401,-46.690908,9,12.764
01456,sao paulo,-23.577165,-46.690668,4,11.783
01457,sao paulo,-23.574697,-46.692539,1,0.25
01501,sao paulo,-23.55205,-46.635394,3,6.63
01502,sao paulo,-23.554674,-46.63552,1,0.333
01503,sao paulo,-23.558894,-46.637374,6,5.1
01504,sao paulo,-23.565253,-46.639382,11,19.311
01505,sao paulo,-23.555358,-46.631448,2,0.85
01506,sao paulo,-23.559883,-46.634894,5,12.292
01507,sao paulo,-23.558188,-46.63139,3,12.948
01508,sao paulo,-23.561484,-46.636216,16,53.208
01509,sao paulo,-23.567494,-46.635554,7,20.15
01510,sao paulo,-23.557591,-46.633537,2,1.6
01511,sao paulo,-23.560723,-46.63278,10,27.093
01512,sao paulo,-23.553907,-46.629081,7,17.325
01513,sao paulo,-23.557331,-46.631278,1,1.643
01514,sao paulo,-23.553061,-46.62766,3,1.8
01516,sao paulo,-23.559188,-46.61486,7,11.8
01517,sao paulo,-23.559387,-46.623771,3,3.008
01518,sao paulo,-23.55893,-46.622924,1,0.343
01519,sao paulo,-23.561554,-46.622584,2,1.5
01520,sao paulo,-23.558897,-46.620429,9,2.853
01521,sao paulo,-23.560757,-46.623184,5,4.851
01522,sao paulo,-23.559014,-46.615365,3,1.15
01523,sao paulo,-23.563664,-46.616265,3,1.775
01524,sao paulo,-23.567229,-46.615417,2,10.0
01525,sao paulo,-23.56476,-46.635579,13,25.89
01526,sao paulo,-23.566241,-46.630714,12,21.937
01527,sao paulo,-23.562234,-46.630128,11,38.523
01528,sao paulo,-23.564961,-46.628223,3,19.8
01529,sao paulo,-23.568847,-46.63517,11,41.328
01530,sao paulo,-23.568292,-46.628777,4,2.417
01531,sao paulo,-23.571068,-46.632539,4,3.7
01532,sao paulo,-23.570889,-46.635523,16,35.925
01533,sao paulo,-23.571334,-46.638727,6,21.362
01534,sao paulo,-23.567731,-46.626244,8,9.747
01535,sao paulo,-23.57212,-46.625417,5,7.554
01536,sao paulo,-23.56709,-46.623144,7,6.842
01537,sao paulo,-23.576849,-46.623666,4,2.85
01538,sao paulo,-23.573205,-46.6229,3,2.225
01539,sao paulo,-23.571579,-46.620222,4,1.9
01540,sao paulo,-23.565619,-46.621782,2,1.0
01541,sao paulo,-23.568722,-46.618801,5,9.396
01542,sao paulo,-23.571196,-46.624248,1,0.95
01543,sao paulo,-23.575636,-46.620767,6,15.167
01544,sao paulo,-23.576943,-46.621562,12,23.44
01545,sao paulo,-23.581373,-46.617988,2,1.001
01546,sao paulo,-23.579555,-46.62236,5,4.08
01547,sao paulo,-23.582775,-46.620483,7,13.47
01548,sao paulo,-23.576902,-46.61353,11,26.332
01549,sao paulo,-23.576108,-46.615455,4,28.15
01550,sao paulo,-23.572462,-46.616175,1,1.6
01551,sao paulo,-23.571742,-46.612527,4,14.284
01552,sao paulo,-23.567724,-46.611192,9,11.331
02010,sao paulo,-23.5138,-46.626321,2,0.75
02011,sao paulo,-23.505273,-46.626282,2,1.75
02012,sao paulo,-23.51395,-46.629508,4,23.75
02013,sao paulo,-23.502186,-46.633823,13,19.954
02016,sao paulo,-23.50114,-46.62722,4,2.387
02017,sao paulo,-23.500297,-46.634994,8,26.418
02018,sao paulo,-23.495273,-46.629381,8,4.104
02019,sao paulo,-23.498262,-46.62921,2,19.6
02020,sao paulo,-23.495993,-46.632676,6,14.227
02021,sao paulo,-23.498479,-46.636383,12,29.938
02022,sao paulo,-23.504169,-46.637687,18,28.78
02029,sao paulo,-23.511204,-46.621285,4,3.383
02031,sao paulo,-23.509382,-46.625172,3,1.354
02033,sao paulo,-23.498987,-46.611813,10,6.275
02034,sao paulo,-23.504579,-46.623694,1,0.7
02035,sao paulo,-23.495785,-46.62241,8,15.977
02036,sao paulo,-23.502005,-46.620351,4,12.75
02037,sao paulo,-23.499879,-46.620585,6,9.775
02038,sao paulo,-23.49454,-46.624657,5,2.583
02039,sao paulo,-23.492944,-46.621798,1,4.338
02040,sao paulo,-23.4893,-46.622173,5,9.925
02041,sao paulo,-23.488782,-46.620643,2,1.3
02042,sao paulo,-23.495036,-46.615763,5,2.15
02043,sao paulo,-23.490151,-46.617224,6,9.983
02044,sao paulo,-23.49514,-46.618877,5,4.5
02045,sao paulo,-23.496703,-46.61657,1,0.25
02046,sao paulo,-23.491579,-46.611623,7,14.179
02050,sao paulo,-23.517824,-46.612613,7,9.582
02051,sao paulo,-23.512169,-46.608698,1,0.35
02052,sao paulo,-23.511529,-46.607128,1,0.9
02053,sao paulo,-23.510427,-46.601179,8,16.397
02054,sao paulo,-23.516648,-46.607015,3,11.925
02055,sao paulo,-23.513906,-46.605702,3,2.351
02056,sao paulo,-23.511271,-46.604104,1,1.5
02060,sao paulo,-23.519257,-46.603202,7,14.747
02064,sao paulo,-23.51707,-46.596046,3,1.55
02066,sao paulo,-23.509264,-46.603517,7,14.334
02067,sao paulo,-23.507088,-46.603327,4,7.544
02071,sao paulo,-23.503095,-46.609717,5,10.55
02072,sao paulo,-23.499937,-46.605759,6,13.525
02074,sao paulo,-23.504895,-46.602035,2,10.3
02075,sao paulo,-23.503189,-46.601539,8,46.55
02076,sao paulo,-23.504887,-46.599089,1,0.25
02077,sao paulo,-23.50235,-46.597222,1,1.9
02078,sao paulo,-23.502461,-46.593746,3,2.4
02079,sao paulo,-23.499408,-46.604804,3,2.797
02080,sao paulo,-23.497613,-46.605881,1,7.8
02081,sao paulo,-23.496102,-46.604177,2,2.586
02082,sao paulo,-23.494701,-46.607127,9,9.382
02083,sao paulo,-23.494848,-46.597334,6,3.95
02084,sao paulo,-23.497628,-46.599737,1,0.36
02110,sao paulo,-23.519571,-46.595074,1,2.4
02111,sao paulo,-23.518808,-46.593817,9,6.967
02112,sao paulo,-23.520499,-46.59289,2,2.3
02113,sao paulo,-23.515288,-46.587345,4,3.6
02115,sao paulo,-23.5265,-46.591886,1,0.767
02117,sao paulo,-23.51807,-46.59393,2,1.0
02118,sao paulo,-23.514991,-46.592912,3,1.0
02119,sao paulo,-23.511942,-46.592991,2,1.15
02120,sao paulo,-23.510417,-46.594218,2,4.0
02121,sao paulo,-23.51194,-46.589518,1,7.0
02122,sao paulo,-23.512201,-46.583266,7,10.5
02123,sao paulo,-23.51194,-46.579583,1,6.35
02124,sao paulo,-23.505966,-46.578522,2,16.775
02125,sao paulo,-23.510037,-46.58756,5,4.25
02126,sao paulo,-23.506858,-46.591738,1,0.4
02127,sao paulo,-23.505552,-46.585917,3,15.15
02128,sao paulo,-23.505254,-46.59432,6,3.584
02129,sao paulo,-23.504023,-46.588662,1,5.1
02130,sao paulo,-23.508716,-46.583543,5,2.512
02131,sao paulo,-23.504182,-46.582139,7,5.479
02132,sao paulo,-23.501673,-46.577269,3,29.98
02133,sao paulo,-23.499213,-46.584844,2,0.555
02134,sao paulo,-23.499253,-46.57849,4,2.05
02135,sao paulo,-23.498717,-46.588011,5,18.134
02136,sao paulo,-23.498254,-46.583107,6,9.088
02137,sao paulo,-23.497893,-46.576425,2,3.8
02138,sao paulo,-23.49466,-46.574591,5,2.0
02139,sao paulo,-23.490544,-46.573734,3,3.95
02141,sao paulo,-23.489264,-46.571087,3,5.15
02143,sao paulo,-23.50772,-46.575217,2,3.1
02150,sao paulo,-23.493799,-46.568397,1,0.25
02152,sao paulo,-23.498102,-46.572439,1,0.076
02161,sao paulo,-23.490713,-46.56936,4,1.285
02166,sao paulo,-23.52506,-46.584156,1,0.6
02167,sao paulo,-23.522904,-46.581804,3,2.617
02168,sao paulo,-23.520138,-46.579704,1,0.15
02169,sao paulo,-23.521001,-46.577964,3,9.35
02174,sao paulo,-23.523063,-46.572115,1,0.2
02175,sao paulo,-23.515958,-46.574497,1,0.2
02176,sao paulo,-23.513171,-46.57299,1,0.15
02177,sao paulo,-23.511507,-46.569179,5,3.108
02178,sao paulo,-23.521754,-46.570733,7,4.237
02179,sao paulo,-23.520154,-46.568184,5,4.242
02180,sao paulo,-23.519973,-46.565917,1,2.4
02181,sao paulo,-23.517754,-46.560953,1,0.15
02185,sao paulo,-23.516497,-46.567823,9,14.236
02186,sao paulo,-23.513355,-46.568773,4,7.992
02187,sao paulo,-23.515537,-46.5649,1,4.9
02188,sao paulo,-23.510241,-46.566773,1,0.541
02189,sao paulo,-23.507809,-46.567702,1,0.8
02190,sao paulo,-23.507368,-46.564001,2,15.001
02201,sao paulo,-23.48441,-46.591382,4,8.4
02202,sao paulo,-23.492905,-46.594327,5,77.25
02203,sao paulo,-23.49193,-46.591346,3,18.808
02204,sao paulo,-23.486069,-46.591175,4,25.35
02205,sao paulo,-23.489034,-46.591224,1,1.6
02206,sao paulo,-23.484389,-46.594824,5,3.607
02207,sao paulo,-23.48587,-46.587877,2,1.95
02208,sao paulo,-23.482688,-46.588237,1,1.95
02209,sao paulo,-23.485065,-46.582621,8,12.556
02210,sao paulo,-23.482743,-46.582827,6,17.575
02212,sao paulo,-23.495204,-46.58944,4,13.892
02213,sao paulo,-23.496719,-46.5878,1,0.25
02214,sao paulo,-23.493441,-46.586998,2,3.116
02215,sao paulo,-23.49068,-46.583621,5,3.883
02216,sao paulo,-23.493526,-46.579202,1,2.75
02217,sao paulo,-23.490461,-46.580842,4,2.0
02218,sao paulo,-23.48706,-46.584651,3,4.35
02219,sao paulo,-23.491064,-46.586451,4,3.496
02220,sao paulo,-23.490412,-46.577944,7,29.8
02221,sao paulo,-23.482108,-46.581289,1,0.3
02222,sao paulo,-23.482367,-46.577425,3,9.65
02223,sao paulo,-23.480325,-46.578606,7,15.55
02224,sao paulo,-23.484548,-46.574959,3,2.35
02225,sao paulo,-23.482344,-46.574926,5,22.405
02226,sao paulo,-23.479653,-46.574444,8,11.045
02227,sao paulo,-23.478137,-46.572546,5,12.55
02228,sao paulo,-23.475019,-46.571653,4,15.875
02229,sao paulo,-23.474758,-46.569222,6,24.151
02230,sao paulo,-23.483708,-46.563695,6,2.648
02231,sao paulo,-23.478236,-46.564433,1,2.475
02232,sao paulo,-23.475066,-46.56416,1,0.15
02233,sao paulo,-23.477853,-46.564455,2,0.423
02234,sao paulo,-23.478062,-46.568474,3,3.5
02235,sao paulo,-23.47859,-46.577242,5,18.5
02236,sao paulo,-23.472523,-46.568161,4,7.705
02238,sao paulo,-23.470977,-46.569867,5,4.883
02239,sao paulo,-23.484661,-46.608831,2,1.197
02241,sao paulo,-23.490519,-46.607423,6,21.075
02242,sao paulo,-23.487814,-46.6072,13,31.867
02243,sao paulo,-23.491429,-46.604179,6,8.45
02244,sao paulo,-23.488413,-46.605303,7,2.85
02245,sao paulo,-23.485146,-46.606255,7,7.169
02246,sao paulo,-23.488361,-46.602003,2,0.738
02247,sao paulo,-23.485788,-46.600922,4,3.2
02249,sao paulo,-23.488544,-46.597153,1,1.1
02250,sao paulo,-23.48664,-46.595541,3,5.85
02251,sao paulo,-23.478654,-46.588744,4,1.775
02252,sao paulo,-23.478724,-46.58824,2,2.898
02253,sao paulo,-23.479021,-46.595467,1,0.5
02254,sao paulo,-23.48125,-46.593214,6,40.2
02255,sao paulo,-23.476644,-46.592068,4,16.088
02256,sao paulo,-23.475422,-46.587293,3,1.263
02257,sao paulo,-23.472939,-46.583484,2,3.82
02258,sao paulo,-23.476447,-46.582155,3,2.883
02259,sao paulo,-23.471701,-46.581459,4,1.403
02260,sao paulo,-23.469303,-46.580559,3,0.475
02261,sao paulo,-23.467962,-46.577858,5,5.537
02262,sao paulo,-23.465346,-46.574987,1,0.5
02264,sao paulo,-23.462477,-46.576727,5,1.967
02266,sao paulo,-23.47768,-46.598802,5,46.284
02267,sao paulo,-23.47895,-46.601172,3,17.211
02268,sao paulo,-23.469137,-46.594264,2,4.85
02269,sao paulo,-23.472523,-46.596041,2,2.215
02270,sao paulo,-23.472794,-46.592601,1,0.15
02271,sao paulo,-23.469641,-46.590418,4,6.083
02272,sao paulo,-23.469219,-46.586573,1,1.45
02273,sao paulo,-23.463561,-46.585746,7,14.675
02274,sao paulo,-23.467734,-46.586885,2,10.313
02275,sao paulo,-23.465298,-46.589974,3,1.525
02276,sao paulo,-23.460435,-46.584479,7,49.034
02278,sao paulo,-23.461719,-46.580214,2,12.0
02279,sao paulo,-23.46155,-46.57378,2,0.694
02280,sao paulo,-23.455998,-46.575422,1,0.4
02281,sao paulo,-23.452379,-46.574351,4,4.359
02290,sao paulo,-23.543295,-46.630743,1,0.5
02301,sao paulo,-23.488343,-46.615113,3,11.683
02302,sao paulo,-23.486165,-46.614107,3,13.35
02303,sao paulo,-23.481923,-46.610891,2,1.55
02304,sao paulo,-23.480644,-46.606001,1,0.47
02306,sao paulo,-23.466214,-46.603454,9,17.6
02307,sao paulo,-23.481198,-46.607775,3,30.75
02308,sao paulo,-23.477337,-46.604614,3,3.05
02309,sao paulo,-23.475905,-46.604512,4,13.63
02310,sao paulo,-23.473053,-46.600344,12,32.849
02311,sao paulo,-23.46902,-46.60164,3,23.275
02312,sao paulo,-23.465753,-46.599577,5,15.809
02313,sao paulo,-23.4638,-46.600511,3,2.25
02314,sao paulo,-23.461525,-46.599164,6,25.007
02315,sao paulo,-23.45974,-46.60091,3,9.9
02316,sao paulo,-23.46226,-46.594256,8,48.575
02317,sao paulo,-23.457938,-46.592642,6,2.643
02318,sao paulo,-23.451154,-46.590893,9,36.975
02319,sao paulo,-23.450057,-46.592443,3,0.65
02320,sao paulo,-23.450747,-46.598174,5,1.133
02321,sao paulo,-23.447492,-46.58919,3,5.25
02322,sao paulo,-23.445138,-46.593233,6,30.6
02323,sao paulo,-23.440297,-46.581705,7,17.61
02324,sao paulo,-23.445643,-46.586672,5,21.65
02325,sao paulo,-23.454359,-46.58507,5,2.9
02328,sao paulo,-23.521295,-46.576318,2,1.038
02330,sao paulo,-23.486412,-46.617211,3,5.716
02332,sao paulo,-23.484701,-46.622192,5,9.075
02333,sao paulo,-23.483501,-46.622528,3,10.55
02334,sao paulo,-23.483867,-46.619699,3,1.3
02335,sao paulo,-23.483408,-46.617207,6,3.633
02336,sao paulo,-23.481627,-46.616539,4,2.05
02337,sao paulo,-23.479151,-46.613008,4,16.7
02338,sao paulo,-23.475271,-46.618085,1,0.18
02339,sao paulo,-23.477802,-46.614238,2,0.533
02340,sao paulo,-23.461349,-46.616023,2,14.65
02341,sao paulo,-23.469039,-46.615519,5,12.647
02342,sao paulo,-23.47398,-46.610609,2,4.917
02344,sao paulo,-23.469353,-46.610066,2,6.663
02345,sao paulo,-23.468623,-46.616302,2,7.675
02346,sao paulo,-23.472005,-46.608441,5,10.55
02347,sao paulo,-23.462486,-46.608227,2,7.95
02349,sao paulo,-23.45919,-46.603813,5,6.075
02350,sao paulo,-23.45788,-46.602366,2,1.125
02351,sao paulo,-23.455449,-46.599753,1,0.4
02352,sao paulo,-23.454682,-46.596429,3,2.85
02353,sao paulo,-23.452749,-46.605522,3,25.275
02354,sao paulo,-23.454816,-46.604085,2,1.8
02355,sao paulo,-23.454608,-46.611621,1,2.6
02356,sao paulo,-23.451386,-46.611645,1,7.625
02357,sao paulo,-23.446865,-46.614441,2,0.85
02358,sao paulo,-23.448437,-46.608682,3,1.0
02359,sao paulo,-23.445657,-46.61973,1,0.3
02360,sao paulo,-23.436933,-46.57803,1,16.55
02361,sao paulo,-23.436532,-46.581907,2,1.1
02362,sao paulo,-23.434791,-46.571648,6,2.425
02363,sao paulo,-23.432468,-46.576475,3,9.25
02365,sao paulo,-23.433705,-46.5849,5,8.846
02366,sao paulo,-23.439484,-46.591596,4,32.55
02367,sao paulo,-23.420712,-46.590012,3,21.8
02368,sao paulo,-23.402461,-46.579237,3,1.975
02370,sao paulo,-23.463159,-46.621144,1,0.45
02371,sao paulo,-23.458981,-46.618595,2,2.234
02372,sao paulo,-23.459733,-46.624523,8,27.76
02374,sao paulo,-23.455718,-46.620577,6,3.425
02375,sao paulo,-23.453938,-46.624833,1,0.7
02376,sao paulo,-23.457831,-46.628224,5,12.117
02377,sao paulo,-23.456584,-46.631952,4,10.625
02378,sao paulo,-23.452569,-46.629403,2,1.264
02401,sao paulo,-23.493644,-46.626173,8,11.895
02402,sao paulo,-23.487407,-46.626589,18,116.408
02403,sao paulo,-23.49369,-46.628268,8,12.473
02404,sao paulo,-23.491464,-46.62886,12,42.65
02405,sao paulo,-23.490264,-46.633224,5,29.0
02406,sao paulo,-23.487998,-46.630489,7,4.272
02407,sao paulo,-23.48536,-46.624284,8,15.8
02408,sao paulo,-23.482943,-46.627521,8,11.483
02409,sao paulo,-23.479241,-46.625559,3,1.53
02410,sao paulo,-23.475842,-46.623352,10,27.101
02411,sao paulo,-23.474161,-46.625166,6,13.05
02413,sao paulo,-23.486136,-46.64041,3,0.814
02415,sao paulo,-23.471096,-46.630977,13,38.368
02416,sao paulo,-23.478977,-46.627073,2,0.446
02417,sao paulo,-23.477745,-46.630433,1,1.65
02418,sao paulo,-23.470376,-46.628812,4,10.5
02419,sao paulo,-23.477206,-46.640097,2,0.325
02420,sao paulo,-23.473127,-46.637342,11,25.81
02421,sao paulo,-23.473542,-46.631691,5,5.867
02422,sao paulo,-23.470792,-46.637503,14,35.62
02423,sao paulo,-23.468013,-46.633555,3,1.0
02430,sao paulo,-23.482296,-46.647258,9,14.625
02431,sao paulo,-23.487157,-46.636451,1,0.367
02432,sao paulo,-23.485841,-46.635305,2,3.45
02433,sao paulo,-23.481898,-46.636248,4,11.53
02435,sao paulo,-23.480185,-46.642127,28,70.511
02436,sao paulo,-23.479928,-46.636988,3,0.956
02440,sao paulo,-23.477969,-46.648736,6,9.988
02441,sao paulo,-23.47302,-46.641249,8,9.7
02442,sao paulo,-23.473126,-46.643675,6,6.049
02443,sao paulo,-23.472852,-46.647491,12,34.032
02450,sao paulo,-23.499172,-46.637589,5,18.4
02451,sao paulo,-23.499068,-46.642018,4,3.325
02452,sao paulo,-23.501229,-46.644282,9,39.45
02460,sao paulo,-23.49114,-46.637255,10,50.77
02461,sao paulo,-23.492479,-46.639056,10,27.688
02462,sao paulo,-23.491978,-46.641697,7,4.591
02463,sao paulo,-23.48791,-46.644994,3,6.35
02464,sao paulo,-23.490162,-46.650697,3,16.41
02465,sao paulo,-23.480617,-46.658011,4,2.675
02466,sao paulo,-23.495238,-46.642623,3,1.4
02467,sao paulo,-23.491322,-46.646591,4,2.673
02468,sao paulo,-23.488089,-46.649285,1,1.75
02469,sao paulo,-23.485482,-46.643816,5,13.825
02470,sao paulo,-23.484857,-46.64938,8,8.017
02471,sao paulo,-23.481604,-46.652384,5,17.617
02472,sao paulo,-23.476244,-46.655173,6,16.095
02473,sao paulo,-23.477742,-46.651629,2,5.933
02474,sao paulo,-23.477475,-46.657062,3,1.66
02475,sao paulo,-23.481059,-46.646307,1,12.25
02478,sao paulo,-23.477454,-46.659683,5,1.81
02479,sao paulo,-23.47488,-46.656066,2,4.9
02510,sao paulo,-23.513707,-46.652404,2,13.65
02512,sao paulo,-23.513902,-46.658973,5,16.65
02513,sao paulo,-23.513988,-46.655756,6,5.078
02514,sao paulo,-23.510698,-46.654498,5,18.55
02515,sao paulo,-23.510187,-46.658684,1,1.2
02516,sao paulo,-23.508354,-46.659647,9,3.963
02517,sao paulo,-23.507412,-46.664053,2,2.45
02518,sao paulo,-23.509848,-46.665433,11,20.353
02519,sao paulo,-23.502331,-46.658353,3,8.092
02520,sao paulo,-23.502845,-46.653092,1,0.459
02521,sao paulo,-23.503923,-46.664999,6,21.45
02522,sao paulo,-23.50375,-46.659328,2,8.8
02523,sao paulo,-23.505411,-46.6554,3,15.633
02525,sao paulo,-23.503033,-46.647861,1,0.2
02526,sao paulo,-23.502866,-46.647412,1,0.7
02530,sao paulo,-23.500984,-46.660861,5,34.95
02531,sao paulo,-23.501904,-46.652864,5,7.25
02532,sao paulo,-23.50033,-46.654473,2,0.85
02533,sao paulo,-23.496519,-46.65613,3,22.15
02534,sao paulo,-23.496489,-46.653256,5,5.15
02535,sao paulo,-23.497646,-46.64891,4,1.249
02537,sao paulo,-23.490653,-46.653451,5,4.1
02538,sao paulo,-23.499324,-46.653862,1,0.2
02539,sao paulo,-23.494567,-46.658517,1,0.275
02540,sao paulo,-23.488946,-46.656027,3,2.16
02541,sao paulo,-23.485969,-46.655409,2,1.7
02542,sao paulo,-23.486105,-46.65878,7,28.045
02543,sao paulo,-23.483009,-46.660913,5,2.258
02545,sao paulo,-23.493159,-46.662183,7,16.067
02550,sao paulo,-23.50557,-46.671491,4,15.247
02551,sao paulo,-23.502868,-46.669737,1,0.1
02552,sao paulo,-23.497252,-46.663353,5,3.8
02553,sao paulo,-23.499209,-46.665982,4,3.084
02555,sao paulo,-23.494249,-46.666545,4,5.033
02556,sao paulo,-23.497535,-46.669259,2,10.35
02557,sao paulo,-23.498474,-46.672541,3,13.35
02558,sao paulo,-23.495917,-46.675085,3,2.832
02559,sao paulo,-23.49303,-46.673741,2,2.0
02560,sao paulo,-23.494678,-46.671327,1,1.4
02561,sao paulo,-23.492695,-46.675063,2,10.525
02562,sao paulo,-23.485953,-46.673949,6,7.15
02563,sao paulo,-23.490123,-46.670811,2,4.488
02564,sao paulo,-23.48795,-46.668984,4,3.975
02565,sao paulo,-23.48644,-46.668215,7,10.815
02566,sao paulo,-23.482843,-46.668974,4,2.675
02567,sao paulo,-23.480673,-46.668555,1,0.18
02610,sao paulo,-23.4771,-46.664384,1,2.2
02611,sao paulo,-23.46659,-46.639282,21,46.469
02612,sao paulo,-23.472187,-46.663752,3,14.75
02613,sao paulo,-23.473584,-46.660543,1,0.45
02614,sao paulo,-23.472696,-46.656705,3,9.8
02615,sao paulo,-23.471635,-46.653622,10,13.142
02616,sao paulo,-23.468023,-46.654681,7,9.738
02617,sao paulo,-23.466402,-46.658695,4,3.217
02618,sao paulo,-23.467534,-46.650783,9,7.907
02630,sao paulo,-23.463791,-46.640751,2,2.0
02631,sao paulo,-23.459145,-46.646695,2,4.317
02632,sao paulo,-23.462967,-46.649551,4,3.542
02633,sao paulo,-23.460856,-46.651963,2,0.4
02634,sao paulo,-23.456905,-46.649764,2,4.525
02635,sao paulo,-23.456776,-46.644053,1,2.3
02636,sao paulo,-23.452346,-46.644772,8,33.783
02637,sao paulo,-23.454827,-46.648802,1,1.383
02649,sao paulo,-23.460632,-46.662608,1,11.325
02650,sao paulo,-23.462003,-46.65632,2,0.55
02651,sao paulo,-23.460777,-46.658666,2,13.7
02652,sao paulo,-23.457297,-46.656832,4,2.733
02670,sao paulo,-23.466406,-46.664784,1,0.275
02671,sao paulo,-23.468066,-46.664361,8,20.871
02672,sao paulo,-23.461156,-46.665927,2,10.13
02673,sao paulo,-23.46602,-46.668914,1,0.2
02674,sao paulo,-23.460492,-46.668108,3,8.0
02675,sao paulo,-23.456418,-46.670301,3,9.0
02679,sao paulo,-23.457105,-46.664766,1,2.0
02680,sao paulo,-23.450797,-46.673849,1,0.25
02710,sao paulo,-23.507517,-46.673732,1,0.2
02712,sao paulo,-23.505066,-46.67707,10,6.761
02713,sao paulo,-23.506639,-46.684635,2,1.0
02714,sao paulo,-23.506598,-46.687766,1,1.25
02715,sao paulo,-23.503988,-46.679989,3,5.1
02716,sao paulo,-23.492899,-46.684285,1,10.8
02717,sao paulo,-23.492321,-46.685192,1,2.208
02720,sao paulo,-23.494205,-46.673593,2,1.25
02721,sao paulo,-23.500135,-46.675158,11,27.966
02722,sao paulo,-23.500925,-46.6776,9,9.158
02723,sao paulo,-23.500016,-46.679953,1,1.0
02724,sao paulo,-23.497288,-46.681629,6,12.55
02725,sao paulo,-23.500254,-46.682741,4,24.75
02726,sao paulo,-23.499495,-46.687211,3,2.15
02728,sao paulo,-23.495815,-46.688365,6,11.086
02729,sao paulo,-23.503223,-46.690109,2,3.9
02730,sao paulo,-23.49796,-46.690628,8,4.167
02731,sao paulo,-23.498769,-46.692457,5,12.125
02732,sao paulo,-23.498476,-46.695493,2,0.45
02733,sao paulo,-23.495049,-46.695193,1,0.25
02734,sao paulo,-23.490997,-46.694656,2,0.457
02735,sao paulo,-23.49276,-46.693823,7,32.233
02736,sao paulo,-23.490153,-46.690921,1,2.6
02737,sao paulo,-23.487485,-46.690343,1,4.35
02738,sao paulo,-23.491595,-46.689112,2,0.6
02739,sao paulo,-23.478716,-46.682537,5,36.6
02750,sao paulo,-23.493486,-46.679665,1,0.4
02751,sao paulo,-23.491037,-46.681821,8,6.225
02752,sao paulo,-23.494385,-46.682612,1,0.3
02754,sao paulo,-23.490307,-46.677758,1,1.0
02755,sao paulo,-23.487894,-46.679427,1,1.55
02756,sao paulo,-23.486227,-46.677201,2,0.75
02757,sao paulo,-23.486293,-46.685625,4,11.4
02758,sao paulo,-23.484527,-46.68429,4,3.1
02759,sao paulo,-23.483231,-46.681861,3,18.8
02762,sao paulo,-23.482574,-46.675129,4,8.983
02763,sao paulo,-23.478589,-46.675835,1,2.3
02764,sao paulo,-23.479889,-46.677542,1,0.43
02765,sao paulo,-23.476722,-46.674097,2,2.486
02801,sao paulo,-23.484855,-46.700089,5,5.175
02802,sao paulo,-23.484015,-46.695282,9,4.506
02803,sao paulo,-23.486855,-46.6937,1,9.75
02804,sao paulo,-23.484018,-46.698106,5,16.426
02805,sao paulo,-23.478919,-46.697505,7,6.733
02806,sao paulo,-23.47392,-46.698714,2,2.95
02807,sao paulo,-23.472105,-46.700656,3,4.575
02808,sao paulo,-23.468459,-46.702516,3,2.0
02809,sao paulo,-23.471828,-46.704126,3,6.1
02811,sao paulo,-23.476003,-46.702891,1,1.35
02813,sao paulo,-23.451226,-46.712173,1,0.2
02814,sao paulo,-23.458223,-46.708094,1,1.6
02815,sao paulo,-23.444748,-46.714673,1,0.75
02817,sao paulo,-23.463314,-46.702401,1,1.25
02820,sao paulo,-23.448781,-46.710014,1,8.1
02831,sao paulo,-23.478424,-46.691452,3,2.94
02834,sao paulo,-23.475977,-46.692144,3,4.85
02835,sao paulo,-23.471181,-46.694603,3,0.9
02836,sao paulo,-23.47261,-46.696701,3,4.875
02837,sao paulo,-23.463968,-46.699868,3,24.6
02839,sao paulo,-23.47735,-46.683117,1,32.0
02840,sao paulo,-23.481818,-46.6897,5,1.693
02841,sao paulo,-23.480287,-46.68644,1,0.4
02842,sao paulo,-23.473714,-46.687461,11,7.56
02844,sao paulo,-23.471675,-46.687793,2,16.05
02845,sao paulo,-23.468304,-46.692487,9,40.725
02846,sao paulo,-23.4625,-46.698224,10,21.61
02847,sao paulo,-23.4645,-46.692624,1,2.283
02848,sao paulo,-23.4634,-46.68985,1,0.341
02849,sao paulo,-23.463527,-46.686879,2,7.9
02850,sao paulo,-23.464288,-46.683393,1,0.405
02851,sao paulo,-23.459851,-46.691648,5,22.216
02853,sao paulo,-23.457036,-46.695085,1,0.49
02854,sao paulo,-23.457202,-46.697555,1,1.35
02855,sao paulo,-23.456565,-46.700765,6,7.1
02856,sao paulo,-23.453937,-46.692752,3,3.95
02857,sao paulo,-23.655433,-46.749253,1,0.197
02858,sao paulo,-23.446907,-46.701401,1,1.1
02859,sao paulo,-23.443067,-46.708175,7,33.675
02860,sao paulo,-23.463202,-46.681981,5,2.661
02861,sao paulo,-23.470208,-46.671653,2,4.983
02862,sao paulo,-23.474888,-46.680132,2,8.15
02863,sao paulo,-23.473846,-46.674841,2,10.967
02864,sao paulo,-23.472397,-46.68201,1,0.5
02866,sao paulo,-23.46767,-46.680339,5,7.333
02867,sao paulo,-23.469556,-46.683599,1,0.7
02870,sao paulo,-23.460942,-46.67748,4,7.585
02871,sao paulo,-23.462151,-46.675071,3,13.566
02872,sao paulo,-23.462546,-46.671557,2,2.45
02873,sao paulo,-23.456753,-46.682199,2,0.9
02874,sao paulo,-23.456603,-46.677613,5,2.8
02875,sao paulo,-23.461454,-46.682144,3,5.3
02877,sao paulo,-23.451263,-46.680316,3,15.95
02878,sao paulo,-23.452132,-46.686084,4,11.9
02879,sao paulo,-23.449165,-46.697911,5,5.775
02880,sao paulo,-23.466662,-46.672276,2,10.57
02881,sao paulo,-23.466817,-46.675235,1,18.8
02882,sao paulo,-23.469878,-46.667588,3,6.0
02883,sao paulo,-23.439804,-46.715536,8,9.28
02910,sao paulo,-23.505058,-46.700528,3,1.704
02911,sao paulo,-23.503893,-46.703214,4,8.55
02912,sao paulo,-23.505815,-46.707387,4,1.383
02913,sao paulo,-23.504062,-46.712777,4,2.4
02914,sao paulo,-23.503442,-46.709455,2,0.35
02915,sao paulo,-23.502007,-46.700687,2,0.517
02916,sao paulo,-23.494776,-46.714243,1,18.05
02917,sao paulo,-23.497652,-46.713329,1,0.5
02918,sao paulo,-23.495541,-46.717102,2,15.35
02919,sao paulo,-23.493514,-46.717495,6,13.675
02920,sao paulo,-23.489976,-46.72118,3,10.125
02925,sao paulo,-23.502266,-46.69773,11,21.302
02926,sao paulo,-23.499898,-46.70117,5,12.45
02927,sao paulo,-23.497779,-46.704452,14,12.014
02928,sao paulo,-23.494905,-46.703253,2,0.6
02929,sao paulo,-23.492789,-46.706292,7,3.268
02930,sao paulo,-23.490827,-46.70837,1,0.1
02931,sao paulo,-23.497638,-46.709023,3,9.043
02932,sao paulo,-23.490684,-46.711055,4,12.05
02934,sao paulo,-23.487154,-46.704039,4,5.8
02935,sao paulo,-23.488617,-46.716367,1,0.2
02936,sao paulo,-23.485557,-46.71804,4,8.325
02937,sao paulo,-23.48442,-46.721174,2,1.897
02938,sao paulo,-23.453428,-46.720828,6,16.982
02939,sao paulo,-23.484242,-46.729312,2,0.76
02940,sao paulo,-23.480859,-46.723132,2,13.525
02941,sao paulo,-23.478756,-46.723017,5,8.6
02942,sao paulo,-23.476111,-46.722749,1,0.9
02943,sao paulo,-23.476801,-46.724758,2,7.3
02944,sao paulo,-23.475315,-46.726102,2,0.975
02945,sao paulo,-23.483362,-46.726542,3,6.575
02951,sao paulo,-23.473232,-46.721823,3,1.875
02955,sao paulo,-23.467981,-46.720572,2,6.308
02957,sao paulo,-23.467384,-46.723111,3,8.162
02960,sao paulo,-23.495922,-46.701469,4,29.478
02961,sao paulo,-23.491987,-46.699425,5,2.45
02962,sao paulo,-23.489677,-46.702686,7,29.7
02963,sao paulo,-23.487188,-46.699669,2,1.4
02964,sao paulo,-23.485515,-46.705786,2,5.2
02965,sao paulo,-23.483462,-46.705274,4,10.45
02967,sao paulo,-23.481201,-46.704051,2,6.7
02968,sao paulo,-23.477928,-46.708363,2,1.4
02969,sao paulo,-23.485195,-46.713439,4,2.384
02970,sao paulo,-23.482813,-46.715095,3,4.15
02971,sao paulo,-23.486389,-46.710731,5,70.98
02972,sao paulo,-23.480856,-46.710324,2,1.45
02975,sao paulo,-23.478373,-46.711313,5,12.125
02976,sao paulo,-23.475823,-46.715596,5,4.95
02977,sao paulo,-23.471333,-46.713701,8,23.638
02978,sao paulo,-23.47391,-46.707163,1,5.0
02979,sao paulo,-23.475781,-46.70812,1,0.1
02981,sao paulo,-23.459626,-46.717211,1,0.175
02984,sao paulo,-23.445853,-46.720479,3,2.191
02985,sao paulo,-23.441521,-46.719468,1,0.15
02987,sao paulo,-23.429741,-46.714441,3,9.638
02989,sao paulo,-23.432767,-46.720828,3,1.75
02990,sao paulo,-23.430376,-46.727378,4,21.63
02991,sao paulo,-23.435702,-46.72744,7,6.613
02992,sao paulo,-23.448925,-46.729024,7,11.008
02993,sao paulo,-23.45453,-46.731725,14,35.928
02995,sao paulo,-23.446282,-46.740056,7,29.047
02996,sao paulo,-23.443059,-46.738319,5,16.7
02998,sao paulo,-23.440831,-46.727776,17,18.389
03001,sao paulo,-23.541384,-46.614049,3,1.2
03003,sao paulo,-23.54551,-46.623853,1,1.6
03004,sao paulo,-23.543993,-46.622086,1,0.2
03005,sao paulo,-23.542801,-46.625151,2,6.772
03007,sao paulo,-23.541345,-46.626885,1,1.132
03008,sao paulo,-23.542288,-46.620549,3,16.75
03011,sao paulo,-23.53854,-46.616939,2,1.45
03012,sao paulo,-23.540399,-46.616269,2,3.333
03013,sao paulo,-23.535719,-46.615355,3,1.9
03014,sao paulo,-23.538817,-46.604515,1,0.65
03015,sao paulo,-23.537186,-46.594036,6,12.6
03016,sao paulo,-23.537806,-46.614522,2,4.45
03017,sao paulo,-23.537163,-46.610705,2,1.2
03018,sao paulo,-23.53182,-46.610973,2,1.225
03019,sao paulo,-23.536345,-46.60467,4,18.75
03021,sao paulo,-23.530638,-46.601005,4,18.668
03022,sao paulo,-23.525414,-46.605091,4,20.25
03023,sao paulo,-23.531318,-46.610873,1,0.588
03024,sao paulo,-23.530384,-46.609853,3,24.125
03025,sao paulo,-23.535751,-46.609344,4,2.658
03026,sao paulo,-23.530688,-46.610518,4,1.575
03027,sao paulo,-23.534419,-46.613585,4,2.2
03028,sao paulo,-23.527584,-46.612563,3,6.026
03029,sao paulo,-23.529755,-46.617584,5,14.366
03030,sao paulo,-23.526984,-46.618663,2,1.975
03032,sao paulo,-23.530939,-46.621494,2,16.15
03033,sao paulo,-23.529937,-46.624114,2,6.884
03034,sao paulo,-23.522495,-46.616939,4,1.858
03035,sao paulo,-23.525393,-46.614221,1,0.9
03040,sao paulo,-23.550246,-46.622536,10,38.361
03041,sao paulo,-23.549496,-46.619836,9,14.164
03042,sao paulo,-23.547625,-46.619368,1,0.25
03043,sao paulo,-23.546628,-46.617587,2,0.55
03044,sao paulo,-23.55169,-46.620764,1,0.38
03045,sao paulo,-23.53917,-46.595212,6,19.938
03046,sao paulo,-23.544342,-46.61562,1,0.7
03047,sao paulo,-23.541157,-46.60313,6,52.7
03050,sao paulo,-23.543636,-46.612539,1,0.8
03051,sao paulo,-23.545732,-46.608702,3,2.064
03052,sao paulo,-23.540546,-46.606968,3,3.965
03053,sao paulo,-23.544529,-46.607218,5,3.3
03054,sao paulo,-23.542566,-46.604315,5,2.105
03055,sao paulo,-23.540084,-46.600254,2,0.3
03057,sao paulo,-23.540131,-46.595705,7,19.348
03058,sao paulo,-23.539224,-46.591436,9,51.794
03059,sao paulo,-23.539972,-46.591581,6,12.613
03060,sao paulo,-23.538077,-46.587291,2,3.65
03061,sao paulo,-23.54104,-46.584255,6,3.814
03062,sao paulo,-23.540746,-46.58981,6,13.318
03063,sao paulo,-23.530454,-46.5562,4,15.9
03064,sao paulo,-23.533488,-46.564954,4,1.483
03065,sao paulo,-23.536603,-46.579212,3,2.55
03066,sao paulo,-23.537385,-46.57702,11,9.079
03067,sao paulo,-23.537673,-46.573622,8,30.1
03068,sao paulo,-23.536852,-46.567622,3,3.164
03069,sao paulo,-23.535431,-46.565041,7,15.081
03070,sao paulo,-23.538417,-46.569315,2,13.025
03071,sao paulo,-23.534107,-46.561545,6,3.108
03072,sao paulo,-23.534092,-46.555459,4,1.5
03073,sao paulo,-23.531476,-46.555389,2,7.713
03077,sao paulo,-23.531942,-46.581448,11,9.375
03080,sao paulo,-23.532941,-46.57804,12,27.104
03081,sao paulo,-23.530293,-46.575653,7,2.196
03084,sao paulo,-23.534041,-46.570489,5,3.208
03085,sao paulo,-23.533465,-46.567951,2,1.2
03086,sao paulo,-23.529689,-46.566924,5,5.429
03087,sao paulo,-23.530824,-46.564552,9,28.78
03088,sao paulo,-23.527312,-46.56208,14,35.133
03089,sao paulo,-23.530515,-46.560875,3,2.094
03090,sao paulo,-23.528101,-46.558224,4,1.6
03101,sao paulo,-23.55228,-46.613592,3,1.5
03102,sao paulo,-23.552701,-46.621843,4,11.438
03104,sao paulo,-23.554228,-46.613907,5,10.7
03105,sao paulo,-23.555474,-46.619802,6,5.712
03106,sao paulo,-23.556329,-46.614846,2,5.95
03107,sao paulo,-23.565113,-46.606991,2,1.82
03109,sao paulo,-23.574234,-46.597771,2,1.007
03110,sao paulo,-23.556906,-46.607555,9,10.759
03111,sao paulo,-23.558072,-46.605866,9,14.834
03112,sao paulo,-23.557109,-46.604411,18,35.358
03113,sao paulo,-23.561328,-46.602244,5,6.9
03114,sao paulo,-23.564658,-46.596266,3,5.072
03115,sao paulo,-23.566141,-46.593335,4,4.47
03116,sao paulo,-23.567295,-46.587104,3,2.95
03117,sao paulo,-23.560939,-46.593127,2,4.15
03118,sao paulo,-23.561048,-46.595091,7,8.37
03119,sao paulo,-23.563901,-46.595178,4,35.35
03120,sao paulo,-23.561066,-46.596447,7,3.466
03121,sao paulo,-23.562215,-46.600915,8,19.008
03122,sao paulo,-23.568397,-46.594926,10,14.425
03123,sao paulo,-23.571111,-46.592956,3,6.443
03124,sao paulo,-23.571609,-46.590986,5,4.39
03125,sao paulo,-23.576735,-46.591006,1,0.7
03126,sao paulo,-23.580777,-46.592102,3,1.4
03127,sao paulo,-23.578091,-46.588349,14,26.179
03128,sao paulo,-23.572074,-46.584438,3,3.526
03129,sao paulo,-23.579057,-46.581869,3,3.65
03130,sao paulo,-23.580107,-46.583476,1,0.4
03131,sao paulo,-23.579328,-46.580513,9,4.864
03132,sao paulo,-23.582685,-46.58241,13,11.592
03133,sao paulo,-23.596805,-46.577217,3,10.357
03134,sao paulo,-23.584745,-46.584303,10,36.715
03135,sao paulo,-23.578373,-46.580443,1,1.05
03136,sao paulo,-23.579878,-46.580009,10,10.483
03137,sao paulo,-23.581386,-46.575077,3,2.625
03138,sao paulo,-23.587597,-46.581815,4,2.863
03140,sao paulo,-23.587953,-46.577363,1,7.294
03141,sao paulo,-23.588695,-46.573802,3,48.08
03142,sao paulo,-23.590962,-46.577348,4,8.333
03143,sao paulo,-23.589693,-46.578596,1,0.25
03144,sao paulo,-23.594422,-46.57222,3,6.692
03145,sao paulo,-23.591719,-46.572307,1,0.15
03146,sao paulo,-23.592755,-46.577514,3,17.025
03147,sao paulo,-23.594586,-46.577347,5,10.976
03149,sao paulo,-23.57617,-46.587276,3,2.95
03150,sao paulo,-23.586074,-46.587933,6,7.078
03151,sao paulo,-23.588127,-46.586152,1,1.55
03152,sao paulo,-23.592409,-46.582129,8,17.516
03153,sao paulo,-23.599338,-46.578769,8,28.883
03154,sao paulo,-23.582602,-46.563848,1,0.17
03155,sao paulo,-23.582813,-46.571166,1,0.375
03156,sao paulo,-23.581173,-46.567157,4,10.275
03157,sao paulo,-23.577188,-46.570517,2,1.55
03158,sao paulo,-23.575515,-46.56614,3,2.542
03159,sao paulo,-23.578848,-46.569428,1,0.1
03160,sao paulo,-23.578481,-46.56412,5,10.85
03161,sao paulo,-23.57725,-46.56308,5,32.85
03162,sao paulo,-23.55155,-46.602267,7,2.678
03164,sao paulo,-23.54852,-46.609339,7,24.673
03165,sao paulo,-23.560709,-46.585363,8,7.733
03166,sao paulo,-23.548841,-46.595182,5,6.084
03167,sao paulo,-23.555316,-46.594376,3,6.4
03168,sao paulo,-23.554042,-46.594853,4,25.9
03169,sao paulo,-23.551946,-46.595926,8,6.954
03170,sao paulo,-23.549915,-46.593002,7,6.921
03171,sao paulo,-23.550271,-46.59129,3,0.577
03172,sao paulo,-23.553118,-46.584849,1,5.925
03173,sao paulo,-23.553431,-46.584384,2,1.2
03174,sao paulo,-23.546879,-46.589389,4,2.234
03175,sao paulo,-23.549937,-46.58443,3,1.55
03176,sao paulo,-23.549353,-46.58751,1,0.2
03177,sao paulo,-23.551022,-46.586181,2,0.85
03178,sao paulo,-23.553603,-46.586174,5,9.05
03179,sao paulo,-23.553173,-46.581091,3,0.822
03180,sao paulo,-23.559564,-46.587196,4,1.367
03181,sao paulo,-23.558443,-46.581798,12,45.576
03182,sao paulo,-23.558805,-46.592278,4,1.6
03183,sao paulo,-23.56039,-46.590933,6,13.063
03184,sao paulo,-23.563835,-46.586526,4,6.697
03185,sao paulo,-23.563367,-46.583121,9,4.273
03186,sao paulo,-23.56613,-46.582062,8,15.531
03187,sao paulo,-23.559522,-46.578921,5,6.28
03188,sao paulo,-23.561397,-46.578383,7,3.115
03189,sao paulo,-23.569085,-46.577462,5,9.85
03190,sao paulo,-23.564451,-46.574474,3,7.833
03191,sao paulo,-23.569906,-46.571764,9,9.204
03192,sao paulo,-23.57166,-46.578231,3,7.9
03193,sao paulo,-23.573757,-46.576284,3,20.803
03195,sao paulo,-23.569133,-46.582713,6,6.85
03201,sao paulo,-23.598384,-46.574381,4,21.85
03202,sao paulo,-23.60201,-46.570611,2,0.7
03203,sao paulo,-23.601068,-46.567908,7,10.346
03204,sao paulo,-23.595227,-46.560766,1,0.433
03205,sao paulo,-23.603049,-46.566611,4,3.4
03206,sao paulo,-23.598553,-46.562666,3,0.6
03207,sao paulo,-23.600417,-46.562237,1,0.269
03208,sao paulo,-23.602439,-46.563086,3,2.409
03209,sao paulo,-23.601649,-46.55832,4,12.495
03210,sao paulo,-23.601201,-46.549088,9,5.238
03211,sao paulo,-23.601626,-46.553633,11,17.788
03213,sao paulo,-23.606247,-46.561715,5,11.525
03215,sao paulo,-23.607577,-46.556667,3,12.75
03216,sao paulo,-23.608617,-46.554662,2,3.022
03220,sao paulo,-23.606953,-46.523468,16,23.69
03221,sao paulo,-23.592801,-46.545546,3,2.775
03222,sao paulo,-23.584691,-46.561372,6,7.395
03223,sao paulo,-23.589714,-46.55865,2,1.2
03224,sao paulo,-23.591537,-46.560487,1,2.584
03225,sao paulo,-23.583674,-46.555988,3,11.15
03226,sao paulo,-23.59157,-46.567739,1,0.2
03227,sao paulo,-23.585837,-46.57063,12,40.406
03236,sao paulo,-23.589854,-46.554172,6,31.13
03237,sao paulo,-23.593995,-46.552091,2,2.75
03238,sao paulo,-23.594464,-46.549394,1,0.588
03239,sao paulo,-23.597141,-46.546975,2,12.228
03240,sao paulo,-23.598827,-46.54723,2,1.55
03243,sao paulo,-23.599116,-46.542122,2,3.1
03244,sao paulo,-23.602318,-46.541161,5,4.756
03245,sao paulo,-23.603862,-46.535858,1,0.6
03249,sao paulo,-23.601031,-46.533784,3,11.73
03251,sao paulo,-23.608569,-46.53614,3,5.23
03253,sao paulo,-23.606619,-46.53108,2,2.95
03254,sao paulo,-23.611046,-46.532163,11,11.941
03256,sao paulo,-23.60979,-46.529487,3,1.1
03257,sao paulo,-23.607109,-46.526043,6,50.28
03258,sao paulo,-23.610982,-46.526956,2,8.367
03259,sao paulo,-23.603118,-46.521749,1,0.2
03260,sao paulo,-23.604131,-46.518718,2,2.188
03261,sao paulo,-23.586381,-46.551741,3,4.65
03262,sao paulo,-23.588569,-46.549773,4,14.423
03263,sao paulo,-23.589307,-46.547952,1,0.2
03264,sao paulo,-23.592075,-46.544815,4,5.1
03266,sao paulo,-23.598522,-46.536667,4,11.4
03267,sao paulo,-23.600579,-46.52933,1,0.4
03268,sao paulo,-23.598919,-46.52644,7,30.137
03269,sao paulo,-23.59938,-46.524068,2,4.438
03270,sao paulo,-23.600913,-46.520952,1,0.35
03271,sao paulo,-23.600587,-46.517697,1,0.8
03272,sao paulo,-23.601792,-46.514559,1,8.875
03273,sao paulo,-23.577409,-46.560122,2,1.883
03274,sao paulo,-23.579241,-46.557559,3,14.2
03275,sao paulo,-23.585129,-46.538651,12,35.174
03276,sao paulo,-23.579407,-46.547044,1,0.8
03277,sao paulo,-23.582934,-46.546244,4,2.919
03278,sao paulo,-23.582302,-46.543598,2,13.15
03279,sao paulo,-23.585374,-46.541134,4,2.625
03280,sao paulo,-23.583829,-46.536578,5,5.623
03281,sao paulo,-23.588339,-46.543435,6,2.1
03282,sao paulo,-23.590649,-46.541716,6,13.283
03283,sao paulo,-23.590416,-46.53891,3,0.831
03284,sao paulo,-23.587368,-46.536934,1,8.217
03286,sao paulo,-23.5905,-46.534981,10,24.238
03287,sao paulo,-23.595719,-46.533203,5,22.466
03288,sao paulo,-23.592754,-46.532216,8,33.058
03289,sao paulo,-23.595194,-46.529825,1,0.1
03294,sao paulo,-23.594234,-46.534399,1,32.266
03295,sao paulo,-23.585251,-46.548285,1,0.4
03303,sao paulo,-23.545167,-46.589957,3,16.183
03304,sao paulo,-23.545086,-46.577982,2,8.95
03306,sao paulo,-23.543666,-46.575801,2,0.8
03307,sao paulo,-23.546911,-46.573991,4,5.308
03308,sao paulo,-23.541405,-46.571839,3,6.013
03309,sao paulo,-23.546152,-46.568901,6,24.035
03310,sao paulo,-23.542943,-46.566972,5,18.768
03311,sao paulo,-23.541674,-46.5646,4,1.416
03312,sao paulo,-23.549727,-46.559158,7,14.475
03313,sao paulo,-23.545941,-46.558275,10,31.175
03314,sao paulo,-23.541131,-46.565929,5,13.9
03315,sao paulo,-23.542273,-46.568867,3,1.333
03316,sao paulo,-23.542911,-46.566227,2,0.9
03317,sao paulo,-23.541491,-46.55875,15,34.958
03318,sao paulo,-23.544463,-46.565916,8,17.302
03319,sao paulo,-23.544821,-46.561898,9,21.336
03320,sao paulo,-23.546829,-46.567055,12,25.263
03321,sao paulo,-23.547427,-46.564545,5,11.6
03322,sao paulo,-23.548808,-46.566407,9,10.981
03323,sao paulo,-23.545247,-46.571972,5,6.833
03324,sao paulo,-23.551168,-46.566247,3,0.995
03325,sao paulo,-23.552161,-46.555837,8,8.715
03330,sao paulo,-23.545385,-46.585327,1,0.1
03331,sao paulo,-23.545479,-46.585241,1,2.425
03332,sao paulo,-23.551953,-46.574802,2,0.75
03333,sao paulo,-23.55643,-46.56853,8,5.186
03334,sao paulo,-23.553394,-46.571846,4,4.504
03335,sao paulo,-23.55481,-46.569066,7,18.6
03336,sao paulo,-23.553771,-46.564153,7,9.693
03337,sao paulo,-23.555459,-46.562506,7,35.003
03340,sao paulo,-23.570405,-46.551507,2,8.25
03342,sao paulo,-23.561597,-46.563123,4,1.699
03343,sao paulo,-23.559695,-46.569745,9,16.867
03344,sao paulo,-23.558795,-46.57495,9,5.1
03345,sao paulo,-23.573277,-46.56298,2,7.4
03346,sao paulo,-23.559719,-46.571297,3,6.564
03347,sao paulo,-23.563199,-46.56665,2,3.15
03348,sao paulo,-23.565722,-46.562288,2,1.15
03349,sao paulo,-23.567368,-46.561671,1,1.0
03350,sao paulo,-23.569882,-46.566431,3,23.25
03351,sao paulo,-23.571991,-46.564871,4,10.6
03355,sao paulo,-23.561111,-46.553594,3,2.6
03356,sao paulo,-23.567055,-46.542263,4,18.6
03357,sao paulo,-23.565184,-46.555767,6,2.668
03358,sao paulo,-23.565331,-46.550309,3,4.75
03359,sao paulo,-23.566923,-46.547265,2,3.4
03360,sao paulo,-23.569352,-46.542327,3,12.95
03361,sao paulo,-23.574557,-46.530414,8,5.915
03362,sao paulo,-23.565206,-46.543584,3,7.7
03363,sao paulo,-23.562216,-46.53888,6,14.9
03364,sao paulo,-23.565146,-46.537832,4,4.344
03365,sao paulo,-23.570036,-46.537267,2,10.408
03366,sao paulo,-23.564263,-46.534588,4,13.525
03367,sao paulo,-23.569138,-46.535155,3,2.7
03370,sao paulo,-23.569782,-46.559288,4,2.775
03371,sao paulo,-23.565616,-46.558431,4,1.65
03372,sao paulo,-23.570435,-46.556043,5,9.092
03373,sao paulo,-23.573367,-46.553004,1,0.45
03374,sao paulo,-23.585463,-46.533608,3,2.7
03375,sao paulo,-23.574043,-46.548824,4,1.55
03376,sao paulo,-23.577153,-46.544688,4,16.719
03377,sao paulo,-23.575449,-46.542659,5,3.3
03378,sao paulo,-23.571054,-46.542314,8,13.023
03379,sao paulo,-23.575855,-46.537506,6,4.7
03380,sao paulo,-23.575981,-46.533245,7,5.114
03382,sao paulo,-23.580045,-46.53092,4,2.9
03383,sao paulo,-23.582459,-46.530174,1,0.163
03386,sao paulo,-23.583742,-46.529954,2,1.75
03387,sao paulo,-23.585847,-46.529383,3,5.75
03388,sao paulo,-23.588259,-46.52996,3,2.317
03389,sao paulo,-23.590328,-46.52792,1,0.45
03390,sao paulo,-23.592306,-46.525752,2,1.6
03401,sao paulo,-23.548631,-46.554234,4,21.156
03402,sao paulo,-23.540299,-46.552677,2,5.9
03403,sao paulo,-23.544549,-46.545725,2,1.726
03404,sao paulo,-23.537484,-46.554363,5,7.583
03405,sao paulo,-23.538666,-46.549249,1,2.65
03406,sao paulo,-23.541511,-46.545588,1,1.9
03407,sao paulo,-23.54355,-46.55152,9,8.392
03408,sao paulo,-23.54621,-46.55302,7,5.562
03409,sao paulo,-23.546692,-46.550535,3,3.508
03410,sao paulo,-23.551661,-46.551791,3,3.25
03411,sao paulo,-23.547456,-46.547785,2,0.75
03412,sao paulo,-23.555158,-46.551068,3,3.538
03413,sao paulo,-23.554452,-46.547461,5,5.3
03414,sao paulo,-23.560883,-46.548843,3,8.69
03415,sao paulo,-23.560398,-46.544838,2,9.05
03416,sao paulo,-23.560454,-46.550833,5,8.475
03417,sao paulo,-23.539686,-46.546356,1,0.3
03420,sao paulo,-23.549052,-46.544985,4,33.991
03421,sao paulo,-23.551716,-46.545127,2,2.057
03422,sao paulo,-23.554555,-46.543796,5,27.2
03423,sao paulo,-23.552295,-46.542206,6,26.158
03424,sao paulo,-23.552512,-46.541188,1,6.4
03425,sao paulo,-23.556527,-46.539855,2,0.35
03426,sao paulo,-23.552032,-46.537461,1,0.4
03427,sao paulo,-23.552164,-46.536478,3,1.65
03428,sao paulo,-23.553856,-46.538729,2,18.6
03429,sao paulo,-23.553071,-46.53405,6,13.0
03430,sao paulo,-23.550123,-46.536692,2,1.075
03431,sao paulo,-23.549535,-46.540782,3,8.765
03432,sao paulo,-23.558085,-46.53678,1,2.55
03433,sao paulo,-23.560559,-46.534448,1,0.45
03434,sao paulo,-23.558867,-46.532629,1,7.0
03435,sao paulo,-23.559681,-46.531173,3,4.7
03436,sao paulo,-23.559372,-46.531588,2,1.975
03437,sao paulo,-23.558596,-46.529141,5,4.875
03438,sao paulo,-23.55898,-46.527227,2,2.2
03440,sao paulo,-23.544648,-46.542538,2,1.1
03441,sao paulo,-23.546816,-46.536349,2,6.6
03442,sao paulo,-23.543766,-46.540916,1,0.342
03444,sao paulo,-23.545338,-46.534051,1,2.15
03445,sao paulo,-23.548805,-46.528609,3,3.0
03446,sao paulo,-23.550981,-46.529968,5,24.95
03447,sao paulo,-23.553204,-46.525271,1,0.225
03448,sao paulo,-23.5535,-46.523092,3,1.258
03449,sao paulo,-23.555724,-46.521613,7,11.364
03451,sao paulo,-23.558637,-46.519661,2,2.45
03452,sao paulo,-23.56809,-46.509812,1,1.0
03455,sao paulo,-23.565573,-46.509712,2,1.05
03456,sao paulo,-23.569891,-46.50674,2,3.05
03460,sao paulo,-23.564653,-46.517784,7,11.155
03461,sao paulo,-23.569725,-46.525425,6,20.525
03462,sao paulo,-23.573832,-46.527623,2,1.7
03463,sao paulo,-23.572842,-46.531721,2,1.417
03470,sao paulo,-23.56837,-46.522148,11,11.306
03471,sao paulo,-23.564289,-46.519045,6,14.739
03472,sao paulo,-23.575015,-46.522483,2,2.5
03474,sao paulo,-23.572297,-46.51511,1,5.7
03475,sao paulo,-23.575127,-46.516521,5,9.607
03476,sao paulo,-23.571464,-46.510949,6,5.8
03477,sao paulo,-23.568815,-46.512055,3,2.4
03478,sao paulo,-23.57157,-46.51335,1,25.3
03479,sao paulo,-23.57465,-46.507837,2,7.45
03480,sao paulo,-23.578534,-46.507262,3,11.95
03502,sao paulo,-23.53658,-46.543528,8,9.1
03503,sao paulo,-23.536642,-46.541597,2,0.682
03504,sao paulo,-23.538779,-46.538509,3,1.183
03505,sao paulo,-23.534227,-46.538081,1,1.75
03506,sao paulo,-23.539045,-46.535531,4,3.511
03507,sao paulo,-23.537817,-46.538371,2,25.075
03508,sao paulo,-23.533355,-46.53297,9,11.322
03509,sao paulo,-23.536116,-46.529225,3,3.4
03510,sao paulo,-23.538874,-46.530714,2,0.706
03511,sao paulo,-23.534805,-46.527376,3,11.275
03512,sao paulo,-23.539569,-46.526599,2,7.763
03513,sao paulo,-23.534514,-46.52325,8,5.956
03514,sao paulo,-23.535045,-46.52053,1,2.55
03515,sao paulo,-23.539702,-46.531833,4,12.375
03517,sao paulo,-23.543476,-46.528142,4,6.433
03518,sao paulo,-23.544413,-46.524364,1,4.7
03520,sao paulo,-23.547318,-46.521554,7,5.273
03521,sao paulo,-23.547697,-46.519144,4,3.1
03522,sao paulo,-23.548665,-46.518908,2,1.75
03523,sao paulo,-23.54953,-46.516425,3,1.3
03524,sao paulo,-23.548379,-46.514148,5,19.28
03525,sao paulo,-23.550947,-46.513771,1,1.5
03526,sao paulo,-23.554194,-46.50508,2,0.75
03527,sao paulo,-23.544507,-46.529587,1,0.4
03530,sao paulo,-23.538887,-46.520096,2,2.388
03531,sao paulo,-23.541097,-46.518216,5,11.383
03533,sao paulo,-23.543947,-46.517405,4,12.042
03534,sao paulo,-23.546374,-46.508775,2,4.455
03535,sao paulo,-23.547215,-46.503249,2,1.35
03541,sao paulo,-23.535867,-46.517855,1,0.45
03542,sao paulo,-23.531429,-46.51618,3,2.6
03543,sao paulo,-23.535159,-46.515076,2,6.2
03544,sao paulo,-23.532035,-46.509883,4,8.7
03545,sao paulo,-23.533167,-46.512202,4,10.64
03546,sao paulo,-23.535512,-46.509571,3,3.1
03547,sao paulo,-23.538418,-46.512363,7,15.0
03548,sao paulo,-23.540811,-46.512209,2,1.85
03550,sao paulo,-23.530929,-46.506885,2,0.25
03551,sao paulo,-23.532913,-46.503336,2,1.2
03552,sao paulo,-23.535839,-46.504022,4,6.15
03553,sao paulo,-23.53463,-46.506356,2,1.75
03555,sao paulo,-23.538331,-46.498581,2,2.0
03557,sao paulo,-23.541702,-46.505606,4,1.358
03558,sao paulo,-23.543953,-46.501709,4,3.9
03559,sao paulo,-23.547397,-46.502572,5,15.441
03560,sao paulo,-23.54817,-46.500215,4,10.43
03561,sao paulo,-23.548182,-46.495057,4,4.133
03562,sao paulo,-23.54484,-46.497337,5,12.4
03563,sao paulo,-23.546922,-46.491447,12,31.433
03564,sao paulo,-23.535265,-46.49758,1,7.0
03565,sao paulo,-23.538783,-46.494852,2,0.8
03566,sao paulo,-23.540736,-46.49288,2,16.9
03567,sao paulo,-23.539094,-46.488921,5,4.15
03568,sao paulo,-23.542106,-46.484498,6,33.9
03569,sao paulo,-23.542413,-46.490706,1,7.7
03570,sao paulo,-23.566643,-46.487621,12,28.727
03571,sao paulo,-23.569486,-46.485633,1,16.7
03572,sao paulo,-23.575166,-46.496587,31,41.573
03573,sao paulo,-23.560313,-46.509149,8,15.667
03574,sao paulo,-23.55483,-46.512047,5,4.194
03575,sao paulo,-23.556705,-46.507432,4,1.75
03576,sao paulo,-23.552831,-46.508253,2,6.25
03577,sao paulo,-23.553544,-46.502849,4,21.275
03578,sao paulo,-23.558857,-46.50439,3,1.65
03579,sao paulo,-23.563416,-46.495971,8,3.791
03580,sao paulo,-23.553296,-46.49991,1,6.15
03581,sao paulo,-23.556024,-46.500123,4,2.465
03582,sao paulo,-23.557937,-46.497227,6,12.11
03583,sao paulo,-23.557624,-46.494177,1,1.6
03584,sao paulo,-23.560226,-46.486681,3,6.25
03585,sao paulo,-23.565653,-46.491558,9,16.762
03587,sao paulo,-23.555904,-46.487083,2,2.05
03588,sao paulo,-23.558093,-46.487644,1,0.9
03589,sao paulo,-23.551833,-46.486182,8,10.205
03590,sao paulo,-23.546232,-46.483087,10,48.938
03591,sao paulo,-23.550308,-46.480328,7,4.717
03603,sao paulo,-23.524038,-46.549915,1,0.2
03604,sao paulo,-23.524126,-46.551072,4,9.0
03605,sao paulo,-23.521212,-46.549771,5,9.75
03606,sao paulo,-23.522611,-46.547396,1,4.338
03609,sao paulo,-23.516061,-46.542085,1,0.75
03610,sao paulo,-23.520577,-46.539568,3,1.508
03611,sao paulo,-23.519452,-46.537649,1,0.55
03612,sao paulo,-23.517298,-46.535804,3,26.95
03613,sao paulo,-23.519395,-46.533723,7,3.08
03614,sao paulo,-23.517853,-46.531441,2,14.025
03616,sao paulo,-23.518638,-46.527921,3,1.7
03617,sao paulo,-23.518412,-46.525809,2,1.283
03618,sao paulo,-23.516203,-46.522095,2,8.3
03622,sao paulo,-23.520655,-46.519161,3,3.5
03623,sao paulo,-23.518545,-46.515899,3,11.85
03624,sao paulo,-23.515073,-46.514858,1,0.533
03625,sao paulo,-23.515975,-46.511993,1,0.15
03626,sao paulo,-23.512736,-46.509592,2,1.275
03627,sao paulo,-23.511149,-46.505321,1,3.4
03630,sao paulo,-23.532571,-46.5497,5,26.175
03633,sao paulo,-23.52959,-46.546043,1,3.0
03634,sao paulo,-23.525248,-46.547098,5,7.023
03636,sao paulo,-23.522753,-46.530658,2,2.3
03637,sao paulo,-23.525794,-46.544054,2,0.663
03638,sao paulo,-23.528686,-46.541645,4,1.185
03639,sao paulo,-23.525887,-46.540295,4,12.4
03640,sao paulo,-23.531681,-46.542998,4,17.0
03641,sao paulo,-23.528524,-46.53622,3,7.67
03642,sao paulo,-23.52692,-46.535321,4,1.5
03644,sao paulo,-23.525303,-46.533339,3,1.958
03645,sao paulo,-23.524826,-46.532033,3,1.376
03646,sao paulo,-23.524281,-46.529943,3,1.829
03647,sao paulo,-23.524501,-46.527552,5,15.35
03648,sao paulo,-23.524847,-46.525357,8,17.075
03649,sao paulo,-23.527917,-46.524359,3,1.6
03650,sao paulo,-23.52708,-46.522442,3,2.433
03651,sao paulo,-23.526969,-46.519598,7,36.075
03652,sao paulo,-23.513044,-46.504263,1,0.543
03653,sao paulo,-23.517544,-46.510061,1,8.35
03654,sao paulo,-23.525103,-46.517596,8,30.008
03655,sao paulo,-23.525515,-46.513894,2,0.3
03656,sao paulo,-23.525498,-46.509572,1,0.8
03657,sao paulo,-23.527203,-46.504182,3,1.55
03658,sao paulo,-23.52828,-46.499665,4,4.15
03659,sao paulo,-23.521413,-46.510888,6,4.9
03660,sao paulo,-23.522749,-46.50679,7,36.522
03661,sao paulo,-23.523935,-46.503591,1,0.2
03662,sao paulo,-23.522593,-46.500572,2,0.538
03663,sao paulo,-23.524293,-46.500888,1,0.18
03664,sao paulo,-23.524814,-46.498227,3,1.7
03665,sao paulo,-23.526328,-46.496768,5,14.859
03666,sao paulo,-23.529182,-46.495687,5,20.038
03668,sao paulo,-23.534069,-46.488017,1,2.125
03669,sao paulo,-23.531604,-46.491711,4,34.375
03672,sao paulo,-23.516289,-46.502692,2,7.388
03673,sao paulo,-23.514554,-46.501874,3,95.7
03674,sao paulo,-23.51846,-46.500466,1,1.4
03675,sao paulo,-23.519334,-46.497244,3,1.683
03676,sao paulo,-23.517713,-46.493187,2,2.05
03677,sao paulo,-23.515909,-46.494602,2,8.67
03678,sao paulo,-23.517237,-46.489936,4,11.55
03679,sao paulo,-23.519508,-46.488903,2,3.65
03680,sao paulo,-23.523922,-46.489575,4,1.328
03681,sao paulo,-23.521856,-46.486168,1,0.3
03682,sao paulo,-23.519008,-46.482059,2,30.475
03683,sao paulo,-23.521738,-46.482275,3,4.75
03685,sao paulo,-23.523773,-46.478547,11,43.342
03687,sao paulo,-23.526441,-46.486309,7,22.585
03688,sao paulo,-23.527475,-46.483371,4,0.7
03689,sao paulo,-23.529459,-46.481728,3,37.683
03690,sao paulo,-23.528437,-46.478592,7,3.555
03691,sao paulo,-23.534278,-46.483931,2,0.75
03692,sao paulo,-23.53348,-46.480162,2,0.75
03693,sao paulo,-23.532052,-46.476612,3,4.41
03694,sao paulo,-23.532731,-46.47473,13,48.8
03701,sao paulo,-23.51299,-46.550621,4,3.348
03702,sao paulo,-23.516334,-46.547441,3,2.844
03703,sao paulo,-23.514522,-46.550893,2,0.75
03704,sao paulo,-23.510054,-46.552506,3,1.534
03707,sao paulo,-23.50714,-46.54329,4,2.4
03710,sao paulo,-23.511837,-46.549063,2,6.175
03711,sao paulo,-23.506111,-46.53074,1,9.15
03712,sao paulo,-23.506614,-46.5277,3,3.7
03713,sao paulo,-23.510444,-46.545528,1,0.2
03714,sao paulo,-23.507834,-46.540638,1,16.1
03715,sao paulo,-23.506665,-46.537728,5,11.9
03716,sao paulo,-23.504726,-46.533908,2,18.1
03717,sao paulo,-23.499848,-46.523254,3,1.781
03718,sao paulo,-23.498661,-46.529372,4,2.933
03720,sao paulo,-23.502466,-46.530132,3,2.55
03721,sao paulo,-23.502504,-46.523969,3,3.384
03725,sao paulo,-23.499545,-46.519414,2,2.35
03726,sao paulo,-23.500635,-46.51612,7,14.625
03727,sao paulo,-23.502574,-46.512812,1,2.25
03728,sao paulo,-23.502559,-46.50997,10,24.796
03729,sao paulo,-23.50142,-46.505062,10,26.556
03731,sao paulo,-23.510935,-46.536763,3,8.333
03732,sao paulo,-23.511809,-46.533185,9,16.424
03733,sao paulo,-23.510017,-46.528707,11,26.683
03734,sao paulo,-23.510657,-46.525163,9,16.885
03735,sao paulo,-23.50984,-46.521732,8,21.05
03736,sao paulo,-23.507863,-46.516119,2,2.2
03737,sao paulo,-23.509184,-46.512228,4,2.6
03738,sao paulo,-23.507522,-46.507316,6,25.95
03755,sao paulo,-23.509855,-46.501139,5,11.075
03756,sao paulo,-23.506539,-46.503833,2,6.25
03757,sao paulo,-23.507327,-46.497116,7,11.575
03758,sao paulo,-23.503506,-46.500038,5,9.27
03759,sao paulo,-23.503586,-46.492217,3,3.3
03801,sao paulo,-23.503105,-46.490243,6,28.35
03802,sao paulo,-23.504413,-46.485669,1,0.297
03803,sao paulo,-23.494279,-46.487385,7,6.391
03804,sao paulo,-23.499011,-46.48301,5,8.283
03805,sao paulo,-23.505029,-46.48021,9,6.827
03806,sao paulo,-23.498522,-46.477511,3,2.4
03807,sao paulo,-23.499367,-46.473126,16,26.657
03808,sao paulo,-23.494172,-46.474882,3,0.525
03809,sao paulo,-23.490515,-46.477252,5,17.35
03810,sao paulo,-23.487924,-46.471752,6,18.345
03811,sao paulo,-23.490875,-46.482517,4,13.975
03812,sao paulo,-23.49256,-46.468332,5,7.217
03813,sao paulo,-23.488166,-46.469381,5,8.671
03814,sao paulo,-23.489119,-46.48569,4,5.75
03816,sao paulo,-23.487413,-46.488698,10,32.441
03817,sao paulo,-23.492108,-46.49212,12,21.431
03818,sao paulo,-23.49688,-46.494295,6,14.75
03819,sao paulo,-23.50022,-46.497571,5,4.778
03820,sao paulo,-23.495852,-46.502477,14,21.903
03821,sao paulo,-23.491423,-46.502808,9,19.636
03822,sao paulo,-23.500207,-46.494441,3,13.25
03823,sao paulo,-23.485863,-46.492751,4,6.969
03827,sao paulo,-23.48353,-46.486455,2,1.35
03828,sao paulo,-23.48191,-46.494922,5,29.234
03870,sao paulo,-23.50739,-46.487493,2,0.2
03871,sao paulo,-23.507492,-46.490213,1,1.5
03872,sao paulo,-23.512534,-46.50105,1,5.55
03873,sao paulo,-23.510001,-46.495863,1,1.1
03874,sao paulo,-23.512371,-46.495723,1,4.2
03876,sao paulo,-23.510354,-46.494176,2,0.256
03877,sao paulo,-23.511874,-46.491483,6,1.35
03880,sao paulo,-23.508481,-46.485872,1,0.55
03881,sao paulo,-23.509839,-46.488545,4,4.9
03882,sao paulo,-23.511321,-46.485477,2,1.788
03883,sao paulo,-23.508744,-46.482234,3,2.707
03884,sao paulo,-23.511935,-46.480791,5,3.113
03888,sao paulo,-23.508599,-46.479399,3,0.95
03891,sao paulo,-23.512989,-46.489204,1,0.433
03892,sao paulo,-23.51343,-46.486731,2,0.25
03893,sao paulo,-23.514873,-46.484272,1,6.05
03894,sao paulo,-23.515506,-46.48171,2,1.85
03896,sao paulo,-23.514064,-46.478388,3,1.881
03901,sao paulo,-23.577614,-46.514731,1,16.75
03904,sao paulo,-23.578136,-46.518707,2,1.35
03905,sao paulo,-23.579669,-46.514701,1,0.125
03907,sao paulo,-23.58761,-46.507867,2,2.1
03908,sao paulo,-23.582441,-46.50718,5,14.55
03909,sao paulo,-23.58465,-46.511269,3,2.6
03910,sao paulo,-23.585414,-46.515312,5,20.55
03911,sao paulo,-23.58247,-46.519242,4,3.387
03912,sao paulo,-23.582726,-46.522081,3,1.05
03917,sao paulo,-23.586363,-46.520911,1,2.584
03918,sao paulo,-23.591159,-46.519965,4,8.41
03920,sao paulo,-23.596446,-46.520223,5,29.9
03921,sao paulo,-23.589163,-46.516463,3,35.6
03922,sao paulo,-23.594588,-46.516481,3,2.35
03923,sao paulo,-23.591046,-46.510734,4,3.408
03924,sao paulo,-23.597329,-46.508112,4,4.425
03925,sao paulo,-23.602422,-46.506961,2,0.45
03927,sao paulo,-23.602708,-46.498846,1,0.15
03928,sao paulo,-23.605687,-46.501888,8,18.698
03929,sao paulo,-23.606051,-46.489646,8,55.975
03930,sao paulo,-23.580113,-46.498297,5,2.75
03931,sao paulo,-23.5816,-46.49453,2,1.25
03935,sao paulo,-23.588022,-46.503962,4,23.4
03936,sao paulo,-23.590358,-46.496478,2,7.66
03937,sao paulo,-23.585921,-46.499755,3,2.961
03938,sao paulo,-23.595166,-46.504128,4,0.857
03939,sao paulo,-23.597793,-46.503426,1,1.95
03940,sao paulo,-23.592812,-46.500299,3,5.475
03941,sao paulo,-23.595921,-46.498205,1,0.125
03942,sao paulo,-23.594321,-46.496836,3,6.55
03943,sao paulo,-23.59811,-46.495038,1,3.8
03944,sao paulo,-23.601801,-46.493886,5,11.5
03945,sao paulo,-23.597676,-46.490756,4,6.133
03946,sao paulo,-23.596523,-46.490663,2,6.55
03947,sao paulo,-23.590996,-46.493465,3,7.6
03950,sao paulo,-23.59421,-46.479514,3,2.285
03951,sao paulo,-23.587317,-46.488473,8,4.05
03952,sao paulo,-23.589382,-46.4836,3,1.925
03953,sao paulo,-23.593393,-46.48163,3,1.363
03958,sao paulo,-23.596641,-46.48603,2,1.75
03959,sao paulo,-23.595964,-46.484328,2,6.95
03960,sao paulo,-23.596504,-46.481852,2,1.075
03961,sao paulo,-23.602228,-46.48422,2,1.1
03962,sao paulo,-23.606005,-46.481681,5,3.544
03963,sao paulo,-23.609548,-46.479807,4,27.357
03965,sao paulo,-23.601762,-46.477217,4,2.927
03966,sao paulo,-23.597759,-46.477778,1,0.4
03967,sao paulo,-23.601584,-46.473163,2,0.433
03968,sao paulo,-23.602678,-46.472517,6,5.383
03969,sao paulo,-23.608078,-46.489877,1,1.275
03970,sao paulo,-23.613971,-46.480167,3,5.5
03971,sao paulo,-23.615284,-46.478817,2,3.3
03972,sao paulo,-23.615608,-46.481816,1,1.8
03973,sao paulo,-23.620468,-46.481612,2,2.375
03974,sao paulo,-23.614919,-46.484327,3,1.425
03975,sao paulo,-23.609358,-46.489552,5,11.925
03976,sao paulo,-23.612217,-46.498529,4,4.208
03977,sao paulo,-23.619376,-46.493432,10,21.845
03978,sao paulo,-23.621427,-46.505098,6,17.5
03979,sao paulo,-23.617116,-46.508144,2,2.4
03980,sao paulo,-23.616358,-46.512557,5,3.265
03981,sao paulo,-23.613703,-46.516987,1,7.5
03982,sao paulo,-23.611878,-46.513997,7,18.223
03983,sao paulo,-23.609652,-46.507915,5,5.56
03984,sao paulo,-23.606736,-46.512645,9,99.9
03985,sao paulo,-23.6055,-46.516719,5,20.25
03986,sao paulo,-23.608894,-46.521303,1,0.375
03988,sao paulo,-23.599169,-46.515236,3,1.858
03989,sao paulo,-23.612473,-46.481693,2,2.169
04001,sao paulo,-23.572246,-46.651871,13,8.428
04002,sao paulo,-23.57185,-46.649215,15,18.528
04003,sao paulo,-23.572592,-46.646849,12,17.842
04004,sao paulo,-23.573635,-46.645831,9,28.369
04005,sao paulo,-23.575326,-46.647641,15,99.919
04006,sao paulo,-23.577109,-46.647049,19,18.048
04007,sao paulo,-23.578085,-46.651012,5,16.5
04008,sao paulo,-23.580722,-46.652197,7,17.4
04009,sao paulo,-23.591343,-46.635959,1,0.6
04010,sao paulo,-23.585809,-46.636545,4,5.75
04011,sao paulo,-23.57956,-46.643127,20,201.868
04012,sao paulo,-23.582981,-46.646031,10,37.748
04013,sao paulo,-23.579569,-46.641941,8,5.417
04014,sao paulo,-23.584513,-46.643352,12,68.2
04015,sao paulo,-23.586621,-46.644272,20,34.786
04016,sao paulo,-23.588086,-46.643442,6,35.153
04017,sao paulo,-23.588257,-46.638505,6,5.113
04018,sao paulo,-23.588013,-46.641916,13,13.267
04019,sao paulo,-23.590301,-46.645901,6,5.869
04020,sao paulo,-23.592974,-46.63959,5,8.739
04021,sao paulo,-23.593193,-46.642965,5,4.207
04022,sao paulo,-23.594321,-46.645325,11,6.547
04023,sao paulo,-23.59203,-46.642156,7,9.98
04024,sao paulo,-23.600936,-46.644313,8,7.733
04025,sao paulo,-23.597767,-46.646653,7,53.193
04026,sao paulo,-23.597947,-46.647905,7,16.114
04027,sao paulo,-23.600163,-46.65249,1,0.3
04028,sao paulo,-23.603919,-46.662743,3,1.6
04029,sao paulo,-23.602471,-46.660948,4,9.266
04030,sao paulo,-23.59216,-46.653998,2,0.45
04031,sao paulo,-23.593889,-46.657324,1,0.55
04032,sao paulo,-23.595167,-46.659397,2,2.6
04035,sao paulo,-23.594487,-46.636574,4,1.25
04037,sao paulo,-23.59565,-46.642344,9,26.683
04038,sao paulo,-23.596913,-46.645773,14,47.29
04039,sao paulo,-23.59843,-46.642119,8,7.259
04040,sao paulo,-23.599682,-46.637571,8,44.625
04041,sao paulo,-23.601445,-46.644232,16,8.626
04042,sao paulo,-23.602705,-46.644763,14,52.351
04043,sao paulo,-23.603981,-46.643634,7,7.788
04044,sao paulo,-23.600526,-46.639803,14,49.931
04045,sao paulo,-23.617639,-46.638981,21,25.886
04046,sao paulo,-23.619865,-46.639562,4,0.813
04047,sao paulo,-23.609895,-46.642933,3,2.139
04048,sao paulo,-23.608766,-46.638499,4,5.788
04049,sao paulo,-23.606599,-46.639633,5,2.618
04050,sao paulo,-23.606228,-46.644428,4,1.85
04052,sao paulo,-23.610724,-46.639945,14,15.098
04053,sao paulo,-23.614285,-46.642512,3,3.7
04054,sao paulo,-23.615895,-46.641565,4,2.023
04055,sao paulo,-23.618947,-46.641195,9,9.515
04057,sao paulo,-23.608877,-46.646717,3,3.5
04058,sao paulo,-23.610674,-46.64872,5,4.299
04059,sao paulo,-23.616376,-46.645505,1,0.7
04061,sao paulo,-23.613179,-46.649248,2,6.325
04062,sao paulo,-23.619776,-46.6477,4,10.039
04063,sao paulo,-23.613444,-46.650302,4,1.761
04064,sao paulo,-23.618243,-46.64816,5,3.419
04065,sao paulo,-23.62428,-46.648264,4,13.65
04066,sao paulo,-23.614353,-46.651856,2,0.35
04067,sao paulo,-23.615631,-46.653111,1,0.4
04068,sao paulo,-23.620306,-46.647334,2,14.105
04070,sao paulo,-23.627222,-46.645761,1,0.3
04071,sao paulo,-23.624914,-46.650196,4,6.375
04074,sao paulo,-23.611037,-46.655958,2,8.65
04075,sao paulo,-23.602705,-46.658996,1,0.6
04076,sao paulo,-23.606559,-46.656698,7,4.75
04077,sao paulo,-23.607028,-46.6579,4,3.914
04078,sao paulo,-23.605747,-46.658952,12,15.625
04079,sao paulo,-23.60838,-46.658986,5,2.75
04080,sao paulo,-23.608783,-46.661186,16,16.154
04081,sao paulo,-23.60965,-46.662772,4,2.017
04082,sao paulo,-23.611491,-46.662146,1,0.15
04084,sao paulo,-23.613683,-46.662702,7,28.429
04085,sao paulo,-23.615002,-46.661826,3,2.225
04086,sao paulo,-23.610848,-46.65991,8,5.326
04087,sao paulo,-23.609074,-46.659703,12,11.33
04088,sao paulo,-23.605898,-46.661209,9,24.873
04089,sao paulo,-23.605677,-46.659546,7,34.978
04090,sao paulo,-23.609703,-46.661922,3,1.0
04101,sao paulo,-23.5878,-46.634114,5,10.8
04102,sao paulo,-23.59033,-46.631751,7,14.15
04103,sao paulo,-23.573993,-46.636619,2,1.2
04104,sao paulo,-23.575943,-46.638679,11,18.714
04105,sao paulo,-23.578242,-46.636458,12,37.5
04106,sao paulo,-23.581321,-46.635726,6,5.503
04107,sao paulo,-23.580546,-46.634568,7,12.0
04108,sao paulo,-23.577862,-46.63064,5,14.65
04109,sao paulo,-23.575618,-46.632314,5,10.1
04110,sao paulo,-23.584419,-46.633731,4,7.0
04111,sao paulo,-23.586627,-46.632664,9,13.35
04112,sao paulo,-23.585448,-46.628931,7,8.4
04113,sao paulo,-23.585595,-46.626392,6,26.6
04114,sao paulo,-23.58586,-46.623377,4,11.438
04115,sao paulo,-23.590003,-46.624101,10,23.156
04116,sao paulo,-23.592563,-46.625305,16,17.509
04117,sao paulo,-23.589547,-46.631068,18,36.725
04118,sao paulo,-23.594892,-46.629058,4,3.725
04119,sao paulo,-23.597426,-46.634962,22,89.05
04120,sao paulo,-23.595721,-46.631377,4,2.85
04121,sao paulo,-23.601606,-46.621329,6,1.34
04122,sao paulo,-23.603187,-46.621041,9,21.107
04123,sao paulo,-23.607466,-46.627408,5,11.025
04124,sao paulo,-23.597263,-46.618831,2,5.182
04125,sao paulo,-23.600421,-46.619217,10,7.887
04126,sao paulo,-23.598549,-46.630813,9,45.3
04127,sao paulo,-23.601594,-46.630412,9,26.126
04128,sao paulo,-23.602854,-46.633481,10,15.65
04129,sao paulo,-23.603661,-46.622918,4,23.892
04130,sao paulo,-23.604938,-46.620605,14,15.835
04131,sao paulo,-23.606032,-46.617908,8,17.7
04132,sao paulo,-23.613091,-46.617707,4,4.283
04133,sao paulo,-23.622499,-46.617849,1,0.593
04134,sao paulo,-23.607222,-46.622522,14,17.663
04135,sao paulo,-23.608819,-46.629845,13,6.046
04136,sao paulo,-23.61039,-46.624932,6,6.935
04137,sao paulo,-23.611812,-46.62318,4,13.15
04138,sao paulo,-23.61303,-46.63628,10,8.271
04139,sao paulo,-23.605916,-46.63447,5,3.325
04140,sao paulo,-23.607165,-46.630866,34,32.775
04141,sao paulo,-23.610164,-46.633546,7,7.498
04142,sao paulo,-23.611654,-46.631469,9,23.65
04143,sao paulo,-23.614805,-46.635104,18,14.148
04144,sao paulo,-23.617821,-46.637416,22,130.893
04145,sao paulo,-23.616526,-46.632559,7,3.742
04146,sao paulo,-23.617306,-46.629073,11,18.888
04147,sao paulo,-23.620789,-46.630593,2,19.8
04148,sao paulo,-23.614501,-46.624387,2,3.792
04149,sao paulo,-23.61691,-46.623683,4,2.35
04150,sao paulo,-23.620218,-46.62252,1,31.6
04151,sao paulo,-23.621358,-46.625713,2,2.453
04152,sao paulo,-23.624939,-46.62496,10,47.48
04153,sao paulo,-23.626992,-46.624168,1,4.9
04154,sao paulo,-23.628613,-46.621421,3,2.25
04155,sao paulo,-23.63287,-46.62612,4,2.16
04156,sao paulo,-23.632808,-46.623412,3,4.05
04157,sao paulo,-23.631303,-46.619273,4,8.87
04158,sao paulo,-23.624184,-46.618854,3,4.1
04159,sao paulo,-23.622776,-46.611451,6,8.088
04160,sao paulo,-23.625853,-46.611397,3,1.85
04161,sao paulo,-23.629381,-46.616241,4,1.0
04162,sao paulo,-23.626809,-46.605479,6,17.869
04163,sao paulo,-23.629614,-46.613193,6,24.007
04164,sao paulo,-23.628937,-46.608186,5,2.277
04165,sao paulo,-23.625675,-46.60675,7,22.28
04166,sao paulo,-23.644886,-46.606793,7,7.5
04167,sao paulo,-23.633501,-46.614105,5,4.1
04168,sao paulo,-23.633659,-46.610561,1,0.75
04169,sao paulo,-23.656485,-46.614826,4,4.9
04170,sao paulo,-23.633952,-46.612408,1,5.075
04171,sao paulo,-23.637087,-46.612645,2,7.8
04173,sao paulo,-23.637502,-46.609854,6,16.45
04174,sao paulo,-23.633468,-46.607373,5,9.13
04176,sao paulo,-23.635117,-46.603404,7,14.963
04177,sao paulo,-23.642496,-46.608273,7,8.355
04180,sao paulo,-23.636152,-46.59925,4,2.45
04181,sao paulo,-23.638554,-46.599885,4,10.5
04182,sao paulo,-23.641258,-46.599395,8,9.383
04183,sao paulo,-23.643081,-46.596749,5,5.55
04184,sao paulo,-23.648861,-46.599752,4,1.408
04185,sao paulo,-23.64827,-46.592301,7,25.15
04186,sao paulo,-23.645393,-46.593474,10,22.338
04187,sao paulo,-23.648797,-46.595122,6,10.4
04190,sao paulo,-23.652161,-46.602828,11,20.799
04191,sao paulo,-23.646396,-46.604472,7,24.91
04193,sao paulo,-23.64904,-46.60844,5,4.259
04194,sao paulo,-23.654696,-46.609849,6,11.988
04195,sao paulo,-23.657453,-46.612406,26,69.726
04201,sao paulo,-23.574725,-46.605902,3,2.25
04202,sao paulo,-23.577071,-46.604265,1,0.45
04203,sao paulo,-23.591122,-46.606692,5,23.035
04204,sao paulo,-23.583049,-46.606512,7,11.55
04205,sao paulo,-23.579278,-46.606033,17,44.271
04206,sao paulo,-23.58267,-46.604522,7,28.666
04207,sao paulo,-23.58358,-46.603103,8,18.936
04208,sao paulo,-23.595155,-46.600957,6,4.079
04209,sao paulo,-23.587326,-46.600496,10,17.747
04210,sao paulo,-23.585449,-46.604145,3,1.051
04211,sao paulo,-23.592856,-46.607743,9,38.8
04212,sao paulo,-23.589521,-46.603406,1,9.75
04213,sao paulo,-23.592567,-46.602308,12,46.775
04215,sao paulo,-23.595734,-46.598957,5,1.108
04216,sao paulo,-23.59786,-46.599396,13,33.44
04217,sao paulo,-23.599008,-46.600013,2,8.376
04218,sao paulo,-23.600756,-46.597637,1,1.825
04221,sao paulo,-23.593825,-46.595062,4,10.732
04222,sao paulo,-23.597529,-46.590105,3,16.242
04224,sao paulo,-23.597015,-46.594555,1,11.75
04225,sao paulo,-23.602779,-46.589514,2,0.328
04230,sao paulo,-23.604384,-46.596314,3,7.375
04231,sao paulo,-23.606177,-46.595473,1,0.125
04232,sao paulo,-23.613849,-46.594065,2,2.65
04235,sao paulo,-23.613795,-46.591337,7,7.05
04236,sao paulo,-23.612945,-46.592905,1,0.15
04240,sao paulo,-23.61975,-46.584724,3,2.717
04241,sao paulo,-23.623142,-46.588824,3,3.738
04242,sao paulo,-23.62611,-46.588271,1,1.35
04243,sao paulo,-23.624704,-46.586391,6,9.193
04244,sao paulo,-23.630597,-46.585844,3,12.486
04246,sao paulo,-23.614269,-46.600517,1,0.1
04247,sao paulo,-23.613658,-46.599904,4,17.866
04248,sao paulo,-23.613259,-46.599423,1,0.4
04249,sao paulo,-23.615605,-46.599485,4,2.0
04250,sao paulo,-23.620339,-46.598862,3,16.8
04251,sao paulo,-23.62581,-46.59697,3,14.742
04252,sao paulo,-23.613382,-46.59835,6,2.323
04253,sao paulo,-23.617282,-46.59656,6,3.85
04254,sao paulo,-23.618461,-46.594291,3,4.2
04255,sao paulo,-23.623588,-46.592986,4,6.55
04256,sao paulo,-23.630075,-46.591863,7,7.379
04257,sao paulo,-23.633385,-46.5916,5,13.867
04258,sao paulo,-23.635142,-46.587951,1,2.4
04261,sao paulo,-23.582157,-46.611988,6,5.55
04264,sao paulo,-23.584933,-46.613574,2,2.1
04265,sao paulo,-23.58698,-46.615647,2,0.35
04266,sao paulo,-23.589821,-46.60935,2,1.9
04267,sao paulo,-23.597729,-46.610611,3,2.05
04268,sao paulo,-23.594964,-46.607632,3,1.513
04269,sao paulo,-23.598852,-46.61231,10,18.338
04270,sao paulo,-23.590672,-46.613427,4,3.72
04271,sao paulo,-23.589653,-46.61732,3,1.475
04272,sao paulo,-23.609132,-46.612587,11,22.862
04273,sao paulo,-23.608558,-46.613332,6,6.693
04274,sao paulo,-23.591244,-46.618232,1,0.304
04275,sao paulo,-23.593704,-46.61658,1,0.4
04276,sao paulo,-23.600775,-46.613723,4,12.95
04277,sao paulo,-23.600279,-46.612315,1,0.241
04278,sao paulo,-23.601962,-46.608607,13,30.832
04279,sao paulo,-23.599507,-46.605634,5,29.2
04280,sao paulo,-23.603913,-46.60716,2,1.833
04281,sao paulo,-23.606381,-46.60948,2,1.5
04282,sao paulo,-23.607598,-46.610949,3,1.5
04283,sao paulo,-23.608629,-46.605127,1,0.15
04284,sao paulo,-23.608754,-46.601436,5,3.55
04285,sao paulo,-23.613024,-46.602882,7,15.018
04286,sao paulo,-23.614883,-46.603166,4,6.275
04288,sao paulo,-23.610109,-46.612298,8,26.253
04290,sao paulo,-23.614334,-46.614413,1,0.35
04291,sao paulo,-23.618294,-46.612978,1,0.3
04292,sao paulo,-23.61644,-46.611451,1,1.4
04293,sao paulo,-23.621298,-46.616421,7,15.326
04294,sao paulo,-23.620583,-46.60673,3,30.55
04295,sao paulo,-23.622496,-46.604059,4,6.717
04296,sao paulo,-23.621399,-46.603648,10,27.803
04297,sao paulo,-23.628218,-46.601834,7,9.65
04298,sao paulo,-23.6272,-46.600324,1,1.1
04301,sao paulo,-23.62118,-46.633234,7,4.227
04302,sao paulo,-23.621855,-46.637562,27,61.329
04303,sao paulo,-23.624733,-46.636717,6,5.875
04304,sao paulo,-23.627003,-46.636752,21,30.049
04305,sao paulo,-23.62891,-46.635674,10,22.51
04306,sao paulo,-23.630388,-46.635612,5,6.35
04307,sao paulo,-23.630084,-46.643062,1,1.7
04308,sao paulo,-23.640163,-46.641191,2,2.257
04309,sao paulo,-23.645132,-46.641121,2,8.983
04310,sao paulo,-23.632721,-46.640537,13,17.495
04311,sao paulo,-23.633218,-46.638781,18,37.81
04312,sao paulo,-23.632649,-46.6311,1,0.25
04313,sao paulo,-23.636557,-46.638829,26,54.129
04314,sao paulo,-23.635822,-46.636352,7,8.725
04315,sao paulo,-23.635692,-46.628565,2,0.747
04316,sao paulo,-23.638592,-46.635062,5,15.667
04317,sao paulo,-23.642284,-46.632325,9,9.358
04318,sao paulo,-23.644921,-46.636613,1,0.51
04319,sao paulo,-23.64745,-46.636862,1,0.6
04320,sao paulo,-23.649351,-46.635962,1,0.85
04321,sao paulo,-23.648432,-46.643389,14,13.989
04323,sao paulo,-23.654475,-46.639899,8,14.839
04324,sao paulo,-23.653653,-46.63727,8,6.004
04325,sao paulo,-23.664571,-46.636692,4,10.85
04326,sao paulo,-23.658174,-46.63543,1,2.15
04327,sao paulo,-23.663107,-46.632728,4,5.45
04330,sao paulo,-23.656472,-46.647237,8,22.483
04331,sao paulo,-23.657841,-46.649567,7,4.664
04332,sao paulo,-23.659188,-46.648976,3,3.15
04333,sao paulo,-23.661409,-46.64464,1,0.8
04334,sao paulo,-23.661237,-46.638806,6,1.358
04335,sao paulo,-23.663681,-46.639435,2,1.35
04336,sao paulo,-23.665565,-46.64479,5,35.008
04337,sao paulo,-23.665189,-46.646753,6,5.9
04338,sao paulo,-23.669966,-46.646143,4,23.125
04339,sao paulo,-23.667472,-46.640866,3,12.6
04340,sao paulo,-23.668164,-46.63975,3,9.35
04342,sao paulo,-23.635605,-46.649316,6,11.696
04343,sao paulo,-23.635519,-46.645791,2,0.4
04344,sao paulo,-23.637509,-46.646098,8,65.073
04346,sao paulo,-23.640462,-46.652122,8,6.7
04347,sao paulo,-23.642365,-46.647927,5,12.613
04348,sao paulo,-23.645615,-46.650166,7,9.567
04349,sao paulo,-23.648641,-46.647344,12,19.297
04350,sao paulo,-23.645154,-46.652433,3,8.95
04355,sao paulo,-23.633684,-46.657674,1,1.95
04356,sao paulo,-23.636648,-46.659772,1,0.105
04357,sao paulo,-23.636232,-46.655281,2,0.863
04358,sao paulo,-23.639539,-46.657154,2,2.05
04359,sao paulo,-23.640377,-46.655096,3,1.425
04360,sao paulo,-23.640698,-46.663209,5,4.0
04361,sao paulo,-23.643598,-46.662512,6,5.125
04362,sao paulo,-23.645757,-46.66867,10,18.684
04363,sao paulo,-23.647024,-46.666335,32,61.13
04364,sao paulo,-23.650824,-46.67071,11,30.975
04365,sao paulo,-23.669446,-46.648863,1,0.283
04366,sao paulo,-23.676235,-46.642063,7,6.9
04367,sao paulo,-23.65158,-46.668046,5,7.566
04368,sao paulo,-23.655385,-46.666305,8,11.63
04369,sao paulo,-23.655797,-46.662131,2,9.5
04370,sao paulo,-23.649703,-46.661244,4,20.85
04371,sao paulo,-23.64899,-46.65884,1,0.4
04372,sao paulo,-23.648071,-46.657182,5,18.4
04374,sao paulo,-23.650898,-46.65502,6,4.15
04375,sao paulo,-23.655758,-46.658401,1,3.25
04376,sao paulo,-23.65409,-46.655178,6,18.413
04378,sao paulo,-23.648558,-46.662116,4,2.8
04379,sao paulo,-23.657627,-46.655425,5,6.358
04381,sao paulo,-23.656674,-46.665452,2,3.2
04382,sao paulo,-23.655553,-46.664126,2,13.0
04383,sao paulo,-23.658615,-46.660456,2,0.947
04384,sao paulo,-23.660156,-46.659374,1,1.85
04386,sao paulo,-23.66321,-46.655864,3,7.925
04387,sao paulo,-23.662858,-46.651326,7,6.531
04401,sao paulo,-23.66819,-46.664809,7,6.35
04402,sao paulo,-23.666952,-46.662651,2,3.413
04403,sao paulo,-23.670082,-46.660497,4,3.25
04405,sao paulo,-23.673635,-46.655992,5,4.475
04406,sao paulo,-23.670414,-46.654285,2,2.0
04407,sao paulo,-23.67107,-46.651512,1,0.3
04408,sao paulo,-23.674335,-46.65018,2,2.8
04409,sao paulo,-23.676089,-46.65107,1,0.3
04410,sao paulo,-23.680376,-46.648461,4,3.133
04411,sao paulo,-23.678038,-46.644766,1,0.2
04412,sao paulo,-23.674327,-46.645339,1,1.8
04413,sao paulo,-23.67047,-46.637995,1,0.25
04414,sao paulo,-23.672266,-46.640181,3,3.45
04415,sao paulo,-23.674176,-46.635101,5,6.491
04416,sao paulo,-23.676844,-46.638809,7,11.14
04417,sao paulo,-23.679898,-46.633706,2,31.2
04419,sao paulo,-23.682357,-46.640679,2,0.7
04421,sao paulo,-23.690008,-46.639515,10,30.9
04423,sao paulo,-23.686571,-46.633616,2,2.163
04424,sao paulo,-23.68718,-46.639779,3,5.14
04425,sao paulo,-23.685682,-46.64327,4,2.43
04426,sao paulo,-23.679832,-46.644931,3,4.208
04427,sao paulo,-23.679914,-46.653081,4,9.542
04428,sao paulo,-23.681035,-46.655264,2,0.983
04429,sao paulo,-23.679008,-46.661303,1,1.87
04430,sao paulo,-23.690379,-46.648408,7,14.934
04431,sao paulo,-23.688325,-46.65471,6,2.65
04432,sao paulo,-23.685123,-46.663168,5,5.025
04433,sao paulo,-23.685158,-46.657994,12,33.29
04434,sao paulo,-23.683803,-46.666794,6,7.283
04437,sao paulo,-23.669701,-46.676377,6,2.712
04438,sao paulo,-23.67629,-46.669902,11,55.65
04439,sao paulo,-23.678865,-46.66798,2,4.9
04444,sao paulo,-23.688011,-46.68861,8,9.797
04445,sao paulo,-23.683205,-46.685644,3,1.2
04446,sao paulo,-23.686591,-46.684927,2,2.05
04447,sao paulo,-23.690464,-46.678134,11,17.152
04455,sao paulo,-23.679714,-46.679135,16,50.905
04456,sao paulo,-23.686016,-46.677849,3,0.75
04457,sao paulo,-23.689943,-46.676456,4,7.159
04458,sao paulo,-23.68889,-46.673066,8,7.815
04459,sao paulo,-23.693098,-46.672517,10,20.892
04460,sao paulo,-23.691998,-46.674119,1,0.2
04461,sao paulo,-23.690506,-46.679484,1,0.4
04462,sao paulo,-23.694173,-46.66583,2,6.9
04463,sao paulo,-23.695474,-46.662607,1,0.1
04464,sao paulo,-23.69761,-46.657664,2,0.8
04466,sao paulo,-23.690363,-46.659617,4,7.133
04467,sao paulo,-23.693174,-46.650344,3,3.607
04468,sao paulo,-23.691205,-46.664917,2,2.075
04469,sao paulo,-23.692536,-46.66839,5,5.913
04470,sao paulo,-23.711924,-46.654005,3,3.213
04472,sao paulo,-23.696217,-46.639062,4,7.504
04473,sao paulo,-23.701969,-46.649045,3,1.191
04474,sao paulo,-23.700392,-46.642832,18,39.62
04475,sao paulo,-23.701208,-46.634834,12,29.778
04476,sao paulo,-23.707923,-46.626517,9,38.175
04501,sao paulo,-23.585264,-46.663571,1,0.3
04502,sao paulo,-23.583223,-46.663615,1,1.95
04503,sao paulo,-23.583529,-46.667013,2,14.65
04504,sao paulo,-23.584703,-46.66556,1,0.5
04505,sao paulo,-23.592462,-46.67275,2,0.75
04506,sao paulo,-23.592066,-46.672774,3,3.217
04507,sao paulo,-23.587242,-46.667467,1,0.9
04508,sao paulo,-23.589234,-46.670135,5,6.666
04509,sao paulo,-23.591225,-46.671139,6,4.05
04510,sao paulo,-23.594043,-46.670374,9,48.086
04511,sao paulo,-23.595541,-46.669446,6,7.335
04512,sao paulo,-23.597232,-46.667796,3,6.85
04513,sao paulo,-23.596767,-46.6709,3,3.975
04514,sao paulo,-23.60093,-46.671519,21,55.92
04515,sao paulo,-23.602086,-46.666277,14,32.157
04516,sao paulo,-23.605258,-46.668911,22,100.983
04517,sao paulo,-23.605605,-46.673833,7,11.958
04520,sao paulo,-23.601239,-46.66779,11,39.816
04521,sao paulo,-23.604759,-46.663991,8,45.408
04522,sao paulo,-23.59795,-46.662358,4,1.667
04523,sao paulo,-23.603681,-46.666812,12,16.668
04524,sao paulo,-23.605203,-46.666091,19,21.88
04530,sao paulo,-23.579622,-46.673063,13,44.472
04531,sao paulo,-23.581442,-46.676906,20,18.719
04532,sao paulo,-23.58281,-46.67505,18,22.622
04533,sao paulo,-23.583583,-46.677383,6,5.983
04534,sao paulo,-23.583679,-46.673253,20,20.589
04535,sao paulo,-23.591603,-46.674807,2,0.775
04536,sao paulo,-23.581643,-46.680666,5,11.35
04537,sao paulo,-23.593807,-46.676851,18,28.06
04538,sao paulo,-23.588384,-46.68118,10,13.108
04542,sao paulo,-23.587603,-46.678308,14,8.937
04543,sao paulo,-23.59036,-46.682651,19,82.695
04544,sao paulo,-23.590926,-46.675223,5,11.417
04545,sao paulo,-23.596029,-46.675767,17,42.195
04546,sao paulo,-23.597978,-46.680676,7,23.004
04547,sao paulo,-23.597413,-46.684595,18,21.968
04548,sao paulo,-23.599387,-46.683661,13,17.71
04549,sao paulo,-23.602277,-46.677207,3,8.85
04550,sao paulo,-23.601512,-46.681385,10,31.3
04551,sao paulo,-23.594791,-46.68693,22,59.328
04552,sao paulo,-23.593429,-46.685755,16,19.943
04553,sao paulo,-23.600608,-46.68419,1,0.2
04555,sao paulo,-23.611641,-46.67752,3,15.3
04556,sao paulo,-23.613334,-46.678449,1,1.35
04557,sao paulo,-23.603134,-46.682875,1,0.1
04558,sao paulo,-23.6007,-46.688591,2,0.45
04559,sao paulo,-23.614088,-46.680933,9,8.43
04560,sao paulo,-23.611664,-46.68177,10,16.875
04561,sao paulo,-23.610881,-46.683085,20,29.305
04562,sao paulo,-23.609882,-46.687788,11,11.55
04563,sao paulo,-23.611466,-46.685094,12,11.971
04564,sao paulo,-23.613562,-46.684125,18,36.878
04565,sao paulo,-23.609041,-46.691503,8,7.75
04566,sao paulo,-23.614512,-46.685711,4,3.21
04567,sao paulo,-23.614087,-46.688866,4,5.45
04569,sao paulo,-23.606226,-46.689199,4,5.146
04570,sao paulo,-23.600096,-46.688975,2,0.25
04571,sao paulo,-23.604241,-46.693814,32,53.698
04575,sao paulo,-23.608243,-46.694666,4,5.2
04576,sao paulo,-23.611658,-46.693753,9,6.105
04578,sao paulo,-23.607335,-46.697164,6,8.224
04580,sao paulo,-23.619854,-46.684272,4,38.0
04581,sao paulo,-23.620873,-46.685125,7,13.807
04582,sao paulo,-23.619989,-46.689032,3,8.55
04583,sao paulo,-23.617951,-46.697339,11,10.626
04601,sao paulo,-23.622179,-46.682937,6,4.91
04602,sao paulo,-23.623571,-46.682602,13,44.09
04603,sao paulo,-23.618679,-46.676606,2,0.65
04604,sao paulo,-23.618721,-46.67625,1,1.7
04605,sao paulo,-23.620447,-46.676531,5,14.2
04606,sao paulo,-23.6209,-46.675371,3,9.233
04607,sao paulo,-23.620995,-46.673981,6,3.505
04608,sao paulo,-23.624,-46.675273,6,5.116
04609,sao paulo,-23.621752,-46.672522,1,24.0
04610,sao paulo,-23.626644,-46.673448,4,1.276
04611,sao paulo,-23.624794,-46.671614,1,0.375
04612,sao paulo,-23.622535,-46.663279,10,42.038
04613,sao paulo,-23.619525,-46.665762,5,2.935
04614,sao paulo,-23.616514,-46.673457,7,24.065
04615,sao paulo,-23.623973,-46.666191,3,10.875
04616,sao paulo,-23.61962,-46.673319,10,7.817
04617,sao paulo,-23.623669,-46.670199,10,12.488
04618,sao paulo,-23.619501,-46.676812,8,17.25
04619,sao paulo,-23.622674,-46.676423,8,3.839
04620,sao paulo,-23.625233,-46.675625,3,1.35
04621,sao paulo,-23.624144,-46.68363,3,1.55
04622,sao paulo,-23.626412,-46.683703,4,3.65
04623,sao paulo,-23.634753,-46.673723,4,1.467
04624,sao paulo,-23.628058,-46.668907,3,1.777
04625,sao paulo,-23.627906,-46.665963,3,1.19
04626,sao paulo,-23.636182,-46.670016,2,0.4
04627,sao paulo,-23.638567,-46.673252,1,0.4
04630,sao paulo,-23.632512,-46.662707,3,11.438
04631,sao paulo,-23.631609,-46.664508,3,7.75
04632,sao paulo,-23.631274,-46.667578,5,9.95
04633,sao paulo,-23.635009,-46.665224,5,17.967
04634,sao paulo,-23.638414,-46.667579,9,15.533
04635,sao paulo,-23.640985,-46.670739,8,20.551
04636,sao paulo,-23.637743,-46.677151,2,4.5
04637,sao paulo,-23.629954,-46.68202,2,5.07
04638,sao paulo,-23.632244,-46.685387,1,0.35
04639,sao paulo,-23.637386,-46.684478,2,0.594
04640,sao paulo,-23.636224,-46.681457,2,0.9
04641,sao paulo,-23.638647,-46.686971,2,3.375
04642,sao paulo,-23.640711,-46.687971,1,6.575
04643,sao paulo,-23.645557,-46.684183,1,0.25
04645,sao paulo,-23.646328,-46.679109,2,0.5
04646,sao paulo,-23.642688,-46.676103,1,18.8
04647,sao paulo,-23.647922,-46.677822,1,2.075
04648,sao paulo,-23.649875,-46.673604,4,5.0
04649,sao paulo,-23.655546,-46.673286,6,27.369
04650,sao paulo,-23.657838,-46.677462,3,2.567
04651,sao paulo,-23.658186,-46.671258,5,17.18
04652,sao paulo,-23.662552,-46.667873,7,22.888
04653,sao paulo,-23.664168,-46.674247,4,16.15
04655,sao paulo,-23.662621,-46.671409,3,2.144
04657,sao paulo,-23.668582,-46.673115,6,12.725
04658,sao paulo,-23.669763,-46.668563,3,8.675
04660,sao paulo,-23.660297,-46.679511,8,4.634
04661,sao paulo,-23.667922,-46.678596,19,81.461
04662,sao paulo,-23.654302,-46.690656,4,1.65
04663,sao paulo,-23.653406,-46.682744,1,0.3
04664,sao paulo,-23.657109,-46.682929,3,8.95
04671,sao paulo,-23.658944,-46.691788,16,28.916
04672,sao paulo,-23.66096,-46.698898,2,0.35
04673,sao paulo,-23.66396,-46.695188,5,2.688
04674,sao paulo,-23.663481,-46.686162,18,25.585
04675,sao paulo,-23.663028,-46.689453,19,77.717
04676,sao paulo,-23.670774,-46.685675,5,4.441
04678,sao paulo,-23.66655,-46.680113,1,7.9
04679,sao paulo,-23.674045,-46.681957,9,32.988
04685,sao paulo,-23.660802,-46.694672,6,15.225
04686,sao paulo,-23.664282,-46.691081,4,12.35
04689,sao paulo,-23.670373,-46.691392,4,34.709
04690,sao paulo,-23.673253,-46.693171,2,10.914
04691,sao paulo,-23.674626,-46.690129,5,6.117
04692,sao paulo,-23.674558,-46.686782,1,1.6
04693,sao paulo,-23.680178,-46.69191,4,15.45
04696,sao paulo,-23.668972,-46.702512,8,24.899
04701,sao paulo,-23.637513,-46.6964,1,1.5
04702,sao paulo,-23.633875,-46.693722,5,5.0
04703,sao paulo,-23.621051,-46.690652,4,4.85
04704,sao paulo,-23.623321,-46.688616,11,36.775
04705,sao paulo,-23.621127,-46.695271,4,62.363
04707,sao paulo,-23.625664,-46.693214,8,19.925
04708,sao paulo,-23.629234,-46.69207,3,30.925
04709,sao paulo,-23.630114,-46.694877,8,10.034
04710,sao paulo,-23.627382,-46.695329,10,32.583
04711,sao paulo,-23.627027,-46.701364,7,5.067
04713,sao paulo,-23.628928,-46.702829,4,1.81
04714,sao paulo,-23.631596,-46.700291,2,2.3
04715,sao paulo,-23.632606,-46.700006,9,20.66
04716,sao paulo,-23.63204,-46.702999,11,5.123
04717,sao paulo,-23.630743,-46.706449,12,9.841
04718,sao paulo,-23.632201,-46.704674,6,13.1
04719,sao paulo,-23.633015,-46.706894,16,23.765
04720,sao paulo,-23.636187,-46.703435,1,1.05
04721,sao paulo,-23.640827,-46.700283,2,0.767
04722,sao paulo,-23.64056,-46.704408,2,2.05
04723,sao paulo,-23.645294,-46.713909,1,0.367
04724,sao paulo,-23.645178,-46.707633,2,3.2
04726,sao paulo,-23.635808,-46.713686,16,46.625
04727,sao paulo,-23.642105,-46.714073,3,9.35
04728,sao paulo,-23.639984,-46.715056,5,6.956
04729,sao paulo,-23.637621,-46.717573,6,4.363
04730,sao paulo,-23.641716,-46.72019,1,0.275
04733,sao paulo,-23.636321,-46.694586,1,1.15
04734,sao paulo,-23.640331,-46.69735,8,18.506
04735,sao paulo,-23.645317,-46.699256,7,8.675
04736,sao paulo,-23.645424,-46.697358,2,14.575
04738,sao paulo,-23.642105,-46.695908,5,11.05
04739,sao paulo,-23.645458,-46.700075,5,2.603
04740,sao paulo,-23.649847,-46.69442,2,13.925
04741,sao paulo,-23.647817,-46.701677,7,28.1
04742,sao paulo,-23.650709,-46.699498,4,42.575
04743,sao paulo,-23.652944,-46.70333,1,0.1
04744,sao paulo,-23.656727,-46.707019,1,0.55
04745,sao paulo,-23.65764,-46.706402,2,1.3
04746,sao paulo,-23.659707,-46.707796,5,3.321
04747,sao paulo,-23.657594,-46.698906,17,24.598
04750,sao paulo,-23.646812,-46.703822,9,28.5
04751,sao paulo,-23.652175,-46.707704,2,1.9
04752,sao paulo,-23.653268,-46.713321,5,4.21
04753,sao paulo,-23.655673,-46.713749,7,11.421
04754,sao paulo,-23.652979,-46.718551,3,4.65
04755,sao paulo,-23.646644,-46.714573,2,1.8
04756,sao paulo,-23.646657,-46.718743,2,0.8
04757,sao paulo,-23.65153,-46.72004,6,4.488
04760,sao paulo,-23.663511,-46.715433,3,1.59
04761,sao paulo,-23.662593,-46.717754,2,1.825
04762,sao paulo,-23.665174,-46.720361,3,9.25
04763,sao paulo,-23.66984,-46.718439,10,22.841
04764,sao paulo,-23.673513,-46.714767,4,3.971
04766,sao paulo,-23.671609,-46.709049,1,9.9
04768,sao paulo,-23.672176,-46.712353,1,3.9
04770,sao paulo,-23.681538,-46.715218,3,8.123
04772,sao paulo,-23.685713,-46.714992,4,5.615
04773,sao paulo,-23.68238,-46.708686,3,6.19
04774,sao paulo,-23.684887,-46.706606,1,8.875
04775,sao paulo,-23.685835,-46.700605,6,22.083
04776,sao paulo,-23.6893,-46.700658,7,10.2
04777,sao paulo,-23.694264,-46.698208,10,29.735
04781,sao paulo,-23.68755,-46.705679,4,3.566
04782,sao paulo,-23.690666,-46.703912,5,9.768
04783,sao paulo,-23.694815,-46.705445,3,13.8
04784,sao paulo,-23.690553,-46.710833,4,4.075
04785,sao paulo,-23.693713,-46.710991,5,13.35
04787,sao paulo,-23.697236,-46.713301,3,8.4
04788,sao paulo,-23.703559,-46.710522,2,2.448
04789,sao paulo,-23.707939,-46.708313,1,1.55
04794,sao paulo,-23.619326,-46.700109,5,2.983
04795,sao paulo,-23.666349,-46.707111,4,5.541
04802,sao paulo,-23.71031,-46.705971,1,6.025
04803,sao paulo,-23.716359,-46.708543,4,3.4
04805,sao paulo,-23.71495,-46.703997,9,25.125
04806,sao paulo,-23.711455,-46.702698,2,16.55
04807,sao paulo,-23.713956,-46.700141,3,1.767
04809,sao paulo,-23.716958,-46.694112,10,24.205
04810,sao paulo,-23.711269,-46.697457,6,15.275
04811,sao paulo,-23.710376,-46.693725,6,9.325
04812,sao paulo,-23.713167,-46.68734,9,11.85
04813,sao paulo,-23.720437,-46.687264,7,35.22
04814,sao paulo,-23.7247,-46.681488,17,28.417
04815,sao paulo,-23.703874,-46.69108,16,36.95
04816,sao paulo,-23.704613,-46.68692,5,14.225
04820,sao paulo,-23.736205,-46.687189,2,2.7
04821,sao paulo,-23.725048,-46.687847,10,34.575
04822,sao paulo,-23.733587,-46.690568,8,57.366
04823,sao paulo,-23.724505,-46.694939,10,21.666
04824,sao paulo,-23.730037,-46.695146,3,2.05
04826,sao paulo,-23.722498,-46.710968,5,9.404
04827,sao paulo,-23.721568,-46.701494,9,8.638
04828,sao paulo,-23.72532,-46.704304,4,10.75
04829,sao paulo,-23.730506,-46.709315,11,30.825
04830,sao paulo,-23.731787,-46.700979,8,17.116
04831,sao paulo,-23.735142,-46.713753,7,3.467
04832,sao paulo,-23.734667,-46.715697,3,0.568
04833,sao paulo,-23.744095,-46.706749,10,14.875
04835,sao paulo,-23.737211,-46.704952,8,30.746
04836,sao paulo,-23.743986,-46.710319,12,43.255
04837,sao paulo,-23.742322,-46.70477,2,5.414
04840,sao paulo,-23.755402,-46.682766,7,12.7
04841,sao paulo,-23.738482,-46.689273,14,11.002
04842,sao paulo,-23.744676,-46.685463,11,38.409
04843,sao paulo,-23.74279,-46.694927,11,18.285
04844,sao paulo,-23.749818,-46.701408,25,68.262
04845,sao paulo,-23.750083,-46.694736,9,10.825
04846,sao paulo,-23.755217,-46.679521,4,1.75
04847,sao paulo,-23.754962,-46.697178,6,12.033
04848,sao paulo,-23.735278,-46.679239,4,39.488
04849,sao paulo,-23.742963,-46.666393,12,21.65
04850,sao paulo,-23.750785,-46.678868,3,5.635
04851,sao paulo,-23.752665,-46.666792,18,32.908
04852,sao paulo,-23.761571,-46.672634,9,8.422
04853,sao paulo,-23.771011,-46.676375,5,7.3
04854,sao paulo,-23.771502,-46.690685,9,17.355
04855,sao paulo,-23.76598,-46.68494,14,37.343
04856,sao paulo,-23.772559,-46.694756,8,11.02
04857,sao paulo,-23.783749,-46.68341,11,15.213
04858,sao paulo,-23.771799,-46.715191,7,7.629
04859,sao paulo,-23.766646,-46.704297,2,0.85
04860,sao paulo,-23.762821,-46.714142,6,10.475
04862,sao paulo,-23.761768,-46.6994,3,1.37
04863,sao paulo,-23.761966,-46.707364,16,9.833
04864,sao paulo,-23.769085,-46.721538,7,49.12
04865,sao paulo,-23.785675,-46.712181,3,1.45
04866,sao paulo,-23.790249,-46.722141,2,1.75
04870,sao paulo,-23.754214,-46.755265,3,4.965
04875,sao paulo,-23.822953,-46.685766,1,0.175
04877,sao paulo,-23.877792,-46.642576,2,9.574
04880,sao paulo,-23.795197,-46.738406,10,8.265
04881,sao paulo,-23.786087,-46.727435,1,0.792
04882,sao paulo,-23.809675,-46.756976,1,1.375
04883,sao paulo,-23.811271,-46.737503,11,14.637
04884,sao paulo,-23.820784,-46.706162,2,11.6
04888,sao paulo,-23.827682,-46.736602,5,3.041
04890,sao paulo,-23.828552,-46.72473,14,48.805
04891,sao paulo,-23.840908,-46.737159,2,1.1
04892,sao paulo,-23.849147,-46.714813,2,0.9
04893,sao paulo,-23.88168,-46.731619,4,8.592
04894,sao paulo,-23.867519,-46.754039,3,9.9
04895,sao paulo,-23.860441,-46.709668,7,11.664
04896,sao paulo,-23.853843,-46.706561,5,12.838
04902,sao paulo,-23.673135,-46.734312,10,27.338
04904,sao paulo,-23.673717,-46.738022,13,26.042
04905,sao paulo,-23.67555,-46.753494,6,3.063
04909,sao paulo,-23.67872,-46.736174,4,2.7
04910,sao paulo,-23.68497,-46.73846,4,4.188
04911,sao paulo,-23.680349,-46.742456,13,23.325
04912,sao paulo,-23.682631,-46.744926,3,1.386
04913,sao paulo,-23.677644,-46.740779,6,42.925
04914,sao paulo,-23.676673,-46.744873,3,1.576
04915,sao paulo,-23.682083,-46.747783,5,2.275
04916,sao paulo,-23.684628,-46.750099,2,1.125
04917,sao paulo,-23.687318,-46.747439,9,8.216
04918,sao paulo,-23.690736,-46.744661,6,28.157
04920,sao paulo,-23.691527,-46.757338,2,3.35
04921,sao paulo,-23.694516,-46.75201,1,0.1
04922,sao paulo,-23.689003,-46.737642,1,0.31
04923,sao paulo,-23.705144,-46.748197,2,5.541
04925,sao paulo,-23.706296,-46.745363,1,3.8
04926,sao paulo,-23.702595,-46.741261,1,1.55
04929,sao paulo,-23.700013,-46.765789,14,13.059
04930,sao paulo,-23.680114,-46.752569,7,6.109
04931,sao paulo,-23.680878,-46.755671,2,1.225
04932,sao paulo,-23.679853,-46.760405,6,23.167
04935,sao paulo,-23.684348,-46.767063,3,4.25
04937,sao paulo,-23.685984,-46.760842,9,14.4
04938,sao paulo,-23.689534,-46.761938,6,43.1
04939,sao paulo,-23.690468,-46.770499,6,9.175
04940,sao paulo,-23.68804,-46.76639,3,2.671
04941,sao paulo,-23.701089,-46.776211,10,19.457
04942,sao paulo,-23.697852,-46.775501,10,8.598
04943,sao paulo,-23.704907,-46.78755,5,7.431
04944,sao paulo,-23.711574,-46.776152,3,10.1
04945,sao paulo,-23.71624,-46.779742,8,12.263
04948,sao paulo,-23.702759,-46.781543,2,14.433
04949,sao paulo,-23.719119,-46.769449,4,4.342
04950,sao paulo,-23.723717,-46.763657,1,0.85
04951,sao paulo,-23.727892,-46.758095,2,1.45
04960,sao paulo,-23.729048,-46.789311,9,10.966
04961,sao paulo,-23.736771,-46.792014,4,4.457
04962,sao paulo,-23.735466,-46.782202,2,4.85
04963,sao paulo,-23.749287,-46.779412,4,18.8
04965,sao paulo,-23.737471,-46.778447,3,0.65
04966,sao paulo,-23.72805,-46.78512,1,0.188
05001,sao paulo,-23.526095,-46.67579,7,31.825
05002,sao paulo,-23.529416,-46.673608,5,2.5
05003,sao paulo,-23.527477,-46.676026,5,10.178
05004,sao paulo,-23.532719,-46.666658,5,17.868
05005,sao paulo,-23.53287,-46.670414,7,14.833
05006,sao paulo,-23.535392,-46.667536,13,44.77
05007,sao paulo,-23.53467,-46.672177,13,28.008
05008,sao paulo,-23.536409,-46.672185,6,11.325
05009,sao paulo,-23.53418,-46.678334,11,47.703
05010,sao paulo,-23.535517,-46.679213,9,17.143
05011,sao paulo,-23.53466,-46.683188,14,16.087
05012,sao paulo,-23.539284,-46.678959,9,17.189
05013,sao paulo,-23.538004,-46.668444,11,10.897
05014,sao paulo,-23.536014,-46.668886,10,18.133
05015,sao paulo,-23.535379,-46.670673,9,9.057
05016,sao paulo,-23.538163,-46.676835,17,23.462
05017,sao paulo,-23.537053,-46.679558,29,59.796
05018,sao paulo,-23.534811,-46.681004,15,38.029
05019,sao paulo,-23.534554,-46.682136,9,34.855
05020,sao paulo,-23.534236,-46.683649,13,20.075
05021,sao paulo,-23.533151,-46.684797,16,20.698
05022,sao paulo,-23.536472,-46.689437,3,7.125
05023,sao paulo,-23.527188,-46.682827,4,85.275
05024,sao paulo,-23.529878,-46.685565,7,9.383
05025,sao paulo,-23.533494,-46.689017,20,36.084
05026,sao paulo,-23.53104,-46.689698,8,14.48
05027,sao paulo,-23.53136,-46.692111,8,6.21
05028,sao paulo,-23.536232,-46.692415,3,1.035
05029,sao paulo,-23.541667,-46.694051,3,1.85
05030,sao paulo,-23.542514,-46.691633,8,25.513
05033,sao paulo,-23.522904,-46.683654,5,6.6
05034,sao paulo,-23.511899,-46.682528,1,0.1
05036,sao paulo,-23.516527,-46.687371,13,45.775
05037,sao paulo,-23.513591,-46.689194,8,8.016
05038,sao paulo,-23.516311,-46.697845,7,10.05
05041,sao paulo,-23.523895,-46.695586,3,2.95
05042,sao paulo,-23.52495,-46.688791,3,12.032
05043,sao paulo,-23.525793,-46.693143,7,11.599
05044,sao paulo,-23.529491,-46.69441,4,4.661
05045,sao paulo,-23.529261,-46.694011,2,10.1
05046,sao paulo,-23.529621,-46.697781,3,2.6
05047,sao paulo,-23.525695,-46.701802,8,6.22
05048,sao paulo,-23.530825,-46.697271,5,14.45
05049,sao paulo,-23.525614,-46.70062,3,7.35
05050,sao paulo,-23.522871,-46.702756,7,7.928
05051,sao paulo,-23.527132,-46.696171,13,27.275
05054,sao paulo,-23.538145,-46.703479,8,26.125
05055,sao paulo,-23.532288,-46.703172,3,4.633
05056,sao paulo,-23.532224,-46.705073,11,21.024
05057,sao paulo,-23.531506,-46.707284,1,0.175
05058,sao paulo,-23.531882,-46.708293,5,8.553
05059,sao paulo,-23.532949,-46.71185,3,7.05
05060,sao paulo,-23.527073,-46.70682,8,9.032
05061,sao paulo,-23.539927,-46.705166,6,12.944
05065,sao paulo,-23.518814,-46.695132,5,7.161
05068,sao paulo,-23.516585,-46.702554,1,1.867
05069,sao paulo,-23.514565,-46.707163,4,3.3
05072,sao paulo,-23.521671,-46.703411,1,0.1
05073,sao paulo,-23.523174,-46.705666,3,0.722
05074,sao paulo,-23.520219,-46.705664,7,40.125
05075,sao paulo,-23.523135,-46.709257,9,5.393
05076,sao paulo,-23.522213,-46.711412,2,7.6
05077,sao paulo,-23.520018,-46.719062,3,2.8
05080,sao paulo,-23.527349,-46.713671,1,1.6
05081,sao paulo,-23.529281,-46.71305,2,2.5
05083,sao paulo,-23.533145,-46.716615,19,23.651
05084,sao paulo,-23.530297,-46.722279,2,3.4
05085,sao paulo,-23.525443,-46.730085,3,1.08
05086,sao paulo,-23.523932,-46.729882,2,12.638
05087,sao paulo,-23.524398,-46.725882,2,1.1
05088,sao paulo,-23.522271,-46.723144,2,6.05
05089,sao paulo,-23.520054,-46.724869,17,16.147
05092,sao paulo,-23.514143,-46.713871,4,2.784
05093,sao paulo,-23.515787,-46.720474,5,12.6
05095,sao paulo,-23.512062,-46.717362,1,1.35
05101,sao paulo,-23.505929,-46.724155,5,3.25
05102,sao paulo,-23.516977,-46.750783,4,11.605
05103,sao paulo,-23.514833,-46.752853,2,2.7
05104,sao paulo,-23.513563,-46.75645,1,0.226
05105,sao paulo,-23.512199,-46.75714,1,7.0
05106,sao paulo,-23.50898,-46.736518,2,2.1
05107,sao paulo,-23.51695,-46.75356,2,2.485
05108,sao paulo,-23.50917,-46.758305,7,21.277
05109,sao paulo,-23.504315,-46.760173,1,0.15
05110,sao paulo,-23.491133,-46.75068,2,1.5
05114,sao paulo,-23.508029,-46.75086,3,3.05
05115,sao paulo,-23.510236,-46.750799,2,2.775
05116,sao paulo,-23.513253,-46.747015,1,0.15
05117,sao paulo,-23.513486,-46.743901,2,14.95
05119,sao paulo,-23.494804,-46.735467,4,10.592
05120,sao paulo,-23.511719,-46.731884,2,2.047
05121,sao paulo,-23.507849,-46.730172,4,9.35
05122,sao paulo,-23.503718,-46.73464,2,8.6
05123,sao paulo,-23.505354,-46.737406,1,0.481
05124,sao paulo,-23.504466,-46.73615,4,8.7
05125,sao paulo,-23.502395,-46.739281,6,9.578
05126,sao paulo,-23.501948,-46.741153,3,15.875
05127,sao paulo,-23.497635,-46.738699,1,2.5
05128,sao paulo,-23.49341,-46.740703,19,23.189
05131,sao paulo,-23.499106,-46.743993,4,5.542
05132,sao paulo,-23.505513,-46.744501,2,1.175
05133,sao paulo,-23.49135,-46.744086,9,12.652
05134,sao paulo,-23.487395,-46.744823,4,6.808
05135,sao paulo,-23.494511,-46.748488,2,1.2
05136,sao paulo,-23.501146,-46.748861,9,45.975
05138,sao paulo,-23.484744,-46.734796,9,18.208
05140,sao paulo,-23.489899,-46.727202,1,3.6
05141,sao paulo,-23.491669,-46.729761,5,11.275
05143,sao paulo,-23.496698,-46.722315,13,24.864
05144,sao paulo,-23.499698,-46.72255,1,0.7
05145,sao paulo,-23.506049,-46.717377,33,43.897
05154,sao paulo,-23.498555,-46.7522,2,11.875
05158,sao paulo,-23.490142,-46.758382,6,2.296
05159,sao paulo,-23.487947,-46.752165,5,5.349
05160,sao paulo,-23.482587,-46.759943,4,2.25
05161,sao paulo,-23.485233,-46.755742,8,6.767
05162,sao paulo,-23.476747,-46.756704,4,1.975
05164,sao paulo,-23.474077,-46.756666,6,3.72
05165,sao paulo,-23.481789,-46.752939,5,19.558
05170,sao paulo,-23.48348,-46.748055,3,7.163
05171,sao paulo,-23.478461,-46.748473,26,66.692
05172,sao paulo,-23.48172,-46.742975,8,19.838
05174,sao paulo,-23.475165,-46.74099,7,11.485
05175,sao paulo,-23.475909,-46.738401,6,11.95
05176,sao paulo,-23.467935,-46.747662,2,0.73
05177,sao paulo,-23.470581,-46.751215,1,0.075
05180,sao paulo,-23.458776,-46.749793,2,1.275
05181,sao paulo,-23.455712,-46.743493,11,12.672
05182,sao paulo,-23.450618,-46.746333,6,11.111
05183,sao paulo,-23.452825,-46.752482,3,3.1
05184,sao paulo,-23.442809,-46.758839,4,3.375
05185,sao paulo,-23.441941,-46.748026,12,21.491
05186,sao paulo,-23.434678,-46.750817,8,40.609
05187,sao paulo,-23.444906,-46.749702,12,29.997
05201,sao paulo,-23.405748,-46.741177,3,5.45
05202,sao paulo,-23.402011,-46.746333,8,11.059
05203,sao paulo,-23.407744,-46.746463,4,6.96
05204,sao paulo,-23.407707,-46.754982,3,1.925
05205,sao paulo,-23.40967,-46.764343,3,6.325
05206,sao paulo,-23.404474,-46.762801,3,4.35
05207,sao paulo,-23.398512,-46.753043,6,6.975
05208,sao paulo,-23.413843,-46.754635,2,2.55
05209,sao paulo,-23.412449,-46.749738,3,2.35
05210,sao paulo,-23.41815,-46.752402,6,8.623
05211,sao paulo,-23.409448,-46.759523,1,4.338
05212,sao paulo,-23.415417,-46.747248,3,2.727
05215,sao paulo,-23.391899,-46.7348,1,0.75
05223,sao paulo,-23.409486,-46.739452,6,5.909
05240,sao paulo,-23.430078,-46.763675,1,0.363
05263,sao paulo,-23.433009,-46.581423,1,0.128
05265,sao paulo,-23.451083,-46.789658,4,2.2
05266,sao paulo,-23.446631,-46.799847,3,10.915
05267,sao paulo,-23.440745,-46.792419,11,10.771
05268,sao paulo,-23.436029,-46.789744,4,3.038
05269,sao paulo,-23.433651,-46.789446,2,1.2
05270,sao paulo,-23.551969,-46.638477,1,1.4
05271,sao paulo,-23.429083,-46.793942,10,7.212
05272,sao paulo,-23.443318,-46.800427,3,10.0
05273,sao paulo,-23.439631,-46.806199,3,3.125
05280,sao paulo,-23.436827,-46.772609,1,1.2
05282,sao paulo,-23.43841,-46.779343,1,7.7
05283,sao paulo,-23.434048,-46.775064,2,1.425
05302,sao paulo,-23.530664,-46.726594,18,39.594
05303,sao paulo,-23.527214,-46.73154,26,26.077
05304,sao paulo,-23.523909,-46.735264,1,1.1
05305,sao paulo,-23.531364,-46.729764,6,3.525
05307,sao paulo,-23.522601,-46.742063,3,2.55
05311,sao paulo,-23.527735,-46.738982,16,81.824
05314,sao paulo,-23.529228,-46.736541,2,3.15
05315,sao paulo,-23.53295,-46.731394,1,0.15
05316,sao paulo,-23.534949,-46.733916,2,0.6
05318,sao paulo,-23.535312,-46.72897,5,32.325
05319,sao paulo,-23.54337,-46.732274,10,21.019
05322,sao paulo,-23.538708,-46.751072,1,2.035
05323,sao paulo,-23.542128,-46.752772,11,7.125
05327,sao paulo,-23.545388,-46.757293,1,0.65
05328,sao paulo,-23.544774,-46.756581,3,6.657
05329,sao paulo,-23.54062,-46.74445,2,1.65
05330,sao paulo,-23.542878,-46.748186,3,1.035
05331,sao paulo,-23.544814,-46.748893,5,7.096
05332,sao paulo,-23.546267,-46.74784,3,6.45
05333,sao paulo,-23.544719,-46.743409,2,0.25
05334,sao paulo,-23.547825,-46.747251,4,10.3
05335,sao paulo,-23.546836,-46.754532,10,14.501
05336,sao paulo,-23.544593,-46.753556,1,0.35
05337,sao paulo,-23.551741,-46.749906,2,0.6
05338,sao paulo,-23.553133,-46.74931,8,14.183
05339,sao paulo,-23.554642,-46.756393,1,0.5
05340,sao paulo,-23.552918,-46.755792,6,6.681
05343,sao paulo,-23.554169,-46.750766,3,0.55
05344,sao paulo,-23.552673,-46.745077,8,10.671
05345,sao paulo,-23.552593,-46.743353,7,44.959
05346,sao paulo,-23.556952,-46.745018,7,4.332
05347,sao paulo,-23.553882,-46.738981,6,2.893
05348,sao paulo,-23.549108,-46.735894,7,12.8
05350,sao paulo,-23.570632,-46.763179,6,18.925
05351,sao paulo,-23.559615,-46.755611,20,31.505
05352,sao paulo,-23.555999,-46.758427,4,11.683
05353,sao paulo,-23.5606,-46.751068,8,37.773
05356,sao paulo,-23.563413,-46.753321,2,1.4
05358,sao paulo,-23.571733,-46.749845,5,22.082
05359,sao paulo,-23.570554,-46.744694,6,38.65
05360,sao paulo,-23.565901,-46.743757,6,3.113
05361,sao paulo,-23.566834,-46.748089,3,10.751
05362,sao paulo,-23.57265,-46.740674,2,0.85
05363,sao paulo,-23.573188,-46.747719,8,5.777
05364,sao paulo,-23.5717,-46.752057,5,11.68
05365,sao paulo,-23.57637,-46.74737,6,16.06
05366,sao paulo,-23.577234,-46.756607,6,5.767
05367,sao paulo,-23.571405,-46.755677,5,4.7
05368,sao paulo,-23.578603,-46.752116,3,1.225
05372,sao paulo,-23.582446,-46.763363,12,15.269
05374,sao paulo,-23.579549,-46.760907,10,45.721
05376,sao paulo,-23.581009,-46.766606,5,11.4
05379,sao paulo,-23.56531,-46.752511,9,5.179
05382,sao paulo,-23.574835,-46.762274,9,12.491
05386,sao paulo,-23.564851,-46.759246,8,22.153
05387,sao paulo,-23.56589,-46.764876,4,2.3
05388,sao paulo,-23.569311,-46.763631,2,0.55
05396,sao paulo,-23.573183,-46.769453,7,14.809
05397,sao paulo,-23.579426,-46.775544,8,23.772
05398,sao paulo,-23.573952,-46.777644,6,3.15
05399,sao paulo,-23.575411,-46.77968,2,1.755
05401,sao paulo,-23.562813,-46.675535,5,7.503
05402,sao paulo,-23.561968,-46.674496,3,9.5
05403,sao paulo,-23.557759,-46.66868,3,11.342
05404,sao paulo,-23.564108,-46.684179,7,11.365
05405,sao paulo,-23.559253,-46.680297,10,54.254
05406,sao paulo,-23.557636,-46.677623,6,14.01
05407,sao paulo,-23.560912,-46.687079,6,6.573
05408,sao paulo,-23.557473,-46.681351,4,3.85
05409,sao paulo,-23.557682,-46.674399,27,67.999
05410,sao paulo,-23.55485,-46.676876,23,41.516
05411,sao paulo,-23.558769,-46.677437,9,7.977
05412,sao paulo,-23.557522,-46.679737,15,14.497
05413,sao paulo,-23.560753,-46.6791,6,9.915
05414,sao paulo,-23.561799,-46.681257,13,15.578
05415,sao paulo,-23.562553,-46.684145,22,50.581
05416,sao paulo,-23.562134,-46.68734,17,33.971
05417,sao paulo,-23.561961,-46.689287,20,37.185
05418,sao paulo,-23.56416,-46.689814,1,0.4
05419,sao paulo,-23.56202,-46.69252,4,26.04
05420,sao paulo,-23.567567,-46.688689,3,17.75
05421,sao paulo,-23.56578,-46.692269,5,6.25
05422,sao paulo,-23.567512,-46.68693,9,6.083
05423,sao paulo,-23.570415,-46.692939,3,2.35
05424,sao paulo,-23.567834,-46.698421,7,15.6
05425,sao paulo,-23.568992,-46.699564,9,8.134
05427,sao paulo,-23.563376,-46.696039,4,5.051
05428,sao paulo,-23.563691,-46.698031,8,12.394
05429,sao paulo,-23.562118,-46.699162,4,0.85
05432,sao paulo,-23.557839,-46.689096,2,7.075
05433,sao paulo,-23.553545,-46.690925,2,4.7
05434,sao paulo,-23.555556,-46.689857,7,23.125
05435,sao paulo,-23.552058,-46.690093,12,33.608
05436,sao paulo,-23.554613,-46.685233,3,14.838
05437,sao paulo,-23.543978,-46.69417,1,0.3
05438,sao paulo,-23.545127,-46.692716,8,19.464
05439,sao paulo,-23.549621,-46.689433,5,1.275
05440,sao paulo,-23.54711,-46.691993,3,2.992
05441,sao paulo,-23.545453,-46.694715,1,0.45
05442,sao paulo,-23.543621,-46.697168,2,0.519
05443,sao paulo,-23.553279,-46.695541,6,41.622
05444,sao paulo,-23.557581,-46.697133,3,10.7
05445,sao paulo,-23.551963,-46.698297,6,8.963
05446,sao paulo,-23.555053,-46.700074,2,8.95
05447,sao paulo,-23.548586,-46.699679,3,16.15
05448,sao paulo,-23.545889,-46.701162,4,13.213
05449,sao paulo,-23.545424,-46.704892,2,3.75
05450,sao paulo,-23.54867,-46.706106,3,1.685
05451,sao paulo,-23.542781,-46.702455,6,12.046
05452,sao paulo,-23.543077,-46.708172,3,1.313
05453,sao paulo,-23.541264,-46.707376,2,9.638
05454,sao paulo,-23.540659,-46.709954,3,5.3
05455,sao paulo,-23.540693,-46.711955,1,2.0
05459,sao paulo,-23.560224,-46.701543,3,4.217
05460,sao paulo,-23.55104,-46.711088,1,0.35
05462,sao paulo,-23.559352,-46.70449,3,3.1
05463,sao paulo,-23.555979,-46.709432,2,0.9
05464,sao paulo,-23.550263,-46.714786,2,7.2
05465,sao paulo,-23.55407,-46.715064,4,1.32
05466,sao paulo,-23.551113,-46.719433,5,3.246
05468,sao paulo,-23.539443,-46.715686,16,25.838
05469,sao paulo,-23.541754,-46.719018,9,26.95
05470,sao paulo,-23.54097,-46.723478,1,0.2
05477,sao paulo,-23.552073,-46.72205,4,1.48
05501,sao paulo,-23.571062,-46.705307,4,3.0
05502,sao paulo,-23.570811,-46.706389,1,7.35
05503,sao paulo,-23.569883,-46.710499,2,12.6
05508,sao paulo,-23.561835,-46.727466,12,28.634
05509,sao paulo,-23.570667,-46.711637,6,14.8
05510,sao paulo,-23.57256,-46.708658,1,0.95
05511,sao paulo,-23.577179,-46.708779,2,2.366
05512,sao paulo,-23.584388,-46.717814,2,7.085
05514,sao paulo,-23.578675,-46.713346,1,0.15
05515,sao paulo,-23.580177,-46.714258,2,1.6
05516,sao paulo,-23.582033,-46.718051,6,2.814
05518,sao paulo,-23.586161,-46.72702,2,0.85
05519,sao paulo,-23.589002,-46.731234,1,3.0
05520,sao paulo,-23.598618,-46.741108,5,2.55
05521,sao paulo,-23.598482,-46.740921,1,0.173
05522,sao paulo,-23.592277,-46.736506,1,0.9
05523,sao paulo,-23.593842,-46.740292,1,14.55
05524,sao paulo,-23.597597,-46.742687,2,2.416
05525,sao paulo,-23.603295,-46.749117,7,3.967
05527,sao paulo,-23.599267,-46.751214,3,1.05
05528,sao paulo,-23.594413,-46.757875,14,10.723
05529,sao paulo,-23.594,-46.751503,3,8.813
05531,sao paulo,-23.579526,-46.723084,2,2.0
05533,sao paulo,-23.58487,-46.72852,2,0.4
05535,sao paulo,-23.583447,-46.731395,3,11.179
05536,sao paulo,-23.588755,-46.739295,2,0.7
05537,sao paulo,-23.585995,-46.734721,3,1.75
05538,sao paulo,-23.588504,-46.73787,1,6.05
05539,sao paulo,-23.576062,-46.728433,6,30.407
05540,sao paulo,-23.576282,-46.725657,8,11.411
05541,sao paulo,-23.587998,-46.740867,18,61.652
05542,sao paulo,-23.586771,-46.748984,7,18.909
05543,sao paulo,-23.587675,-46.753872,2,2.1
05544,sao paulo,-23.59364,-46.766241,10,51.925
05545,sao paulo,-23.586861,-46.766485,2,2.25
05546,sao paulo,-23.586044,-46.769589,4,15.592
05547,sao paulo,-23.593305,-46.77287,10,4.603
05549,sao paulo,-23.596925,-46.766147,8,5.733
05550,sao paulo,-23.579879,-46.781118,1,3.6
05551,sao paulo,-23.589237,-46.761797,4,6.5
05560,sao paulo,-23.587788,-46.780202,1,11.9
05564,sao paulo,-23.589985,-46.770602,2,0.544
05565,sao paulo,-23.596623,-46.789431,10,41.534
05567,sao paulo,-23.594104,-46.785969,7,21.543
05568,sao paulo,-23.590148,-46.785775,5,9.222
05569,sao paulo,-23.600654,-46.793172,1,4.475
05570,sao paulo,-23.603828,-46.797005,9,21.788
05571,sao paulo,-23.599515,-46.797483,5,11.65
05572,sao paulo,-23.596886,-46.795233,7,14.863
05573,sao paulo,-23.585264,-46.740592,1,0.85
05574,sao paulo,-23.588024,-46.80236,8,13.513
05576,sao paulo,-23.587341,-46.792036,2,4.275
05577,sao paulo,-23.585064,-46.76573,15,36.414
05579,sao paulo,-23.57085,-46.713079,2,20.0
05580,sao paulo,-23.57318,-46.717677,2,10.9
05581,sao paulo,-23.571853,-46.720301,1,3.4
05582,sao paulo,-23.574084,-46.730306,1,1.35
05583,sao paulo,-23.583731,-46.790704,4,4.923
05584,sao paulo,-23.580478,-46.791002,1,0.19
05585,sao paulo,-23.571139,-46.724957,1,0.45
05586,sao paulo,-23.570292,-46.728372,11,23.883
05587,sao paulo,-23.572414,-46.733115,3,14.6
05588,sao paulo,-23.575018,-46.739825,9,12.123
05589,sao paulo,-23.575948,-46.737892,1,1.2
05590,sao paulo,-23.575502,-46.732825,11,17.036
05591,sao paulo,-23.578475,-46.732135,1,0.15
05592,sao paulo,-23.57976,-46.736574,6,2.6
05593,sao paulo,-23.581917,-46.736213,2,15.85
05594,sao paulo,-23.58276,-46.739506,9,14.876
05595,sao paulo,-23.580856,-46.742705,3,3.553
05596,sao paulo,-23.581043,-46.745977,8,13.414
05601,sao paulo,-23.582929,-46.699861,2,2.05
05606,sao paulo,-23.580137,-46.705851,1,0.6
05609,sao paulo,-23.581062,-46.708916,1,18.3
05611,sao paulo,-23.585228,-46.712786,1,0.275
05612,sao paulo,-23.591339,-46.708666,3,5.25
05613,sao paulo,-23.589533,-46.711621,3,7.2
05614,sao paulo,-23.594886,-46.710664,1,0.15
05615,sao paulo,-23.586839,-46.717595,3,4.85
05616,sao paulo,-23.587428,-46.719357,12,58.605
05617,sao paulo,-23.591482,-46.720587,9,21.73
05618,sao paulo,-23.5901,-46.723929,5,13.117
05619,sao paulo,-23.590641,-46.727373,1,0.85
05621,sao paulo,-23.597982,-46.723401,1,0.25
05622,sao paulo,-23.598505,-46.724531,2,1.85
05623,sao paulo,-23.599621,-46.72695,4,4.388
05624,sao paulo,-23.595995,-46.728489,7,5.1
05625,sao paulo,-23.596146,-46.730158,14,20.652
05626,sao paulo,-23.594317,-46.733542,2,1.2
05627,sao paulo,-23.594741,-46.732673,1,0.233
05628,sao paulo,-23.599611,-46.73076,3,9.4
05629,sao paulo,-23.603384,-46.729701,3,3.462
05630,sao paulo,-23.611509,-46.737061,11,16.734
05632,sao paulo,-23.598964,-46.735974,6,11.975
05633,sao paulo,-23.59958,-46.740466,7,31.988
05634,sao paulo,-23.608349,-46.735364,13,24.602
05635,sao paulo,-23.602813,-46.735875,1,0.15
05638,sao paulo,-23.607871,-46.739656,3,9.725
05639,sao paulo,-23.609492,-46.740547,9,6.2
05640,sao paulo,-23.614283,-46.740868,11,25.431
05641,sao paulo,-23.618001,-46.737217,15,31.936
05642,sao paulo,-23.621268,-46.735721,9,28.357
05650,sao paulo,-23.618813,-46.697767,2,5.381
05652,sao paulo,-23.598334,-46.717015,1,19.45
05653,sao paulo,-23.601301,-46.717304,6,21.058
05655,sao paulo,-23.608538,-46.716597,1,25.5
05656,sao paulo,-23.611892,-46.719861,2,1.9
05657,sao paulo,-23.620676,-46.717023,3,1.15
05658,sao paulo,-23.603442,-46.722373,3,1.7
05659,sao paulo,-23.607993,-46.723903,4,14.9
05661,sao paulo,-23.608931,-46.726922,5,17.963
05662,sao paulo,-23.612497,-46.725576,2,1.9
05663,sao paulo,-23.614084,-46.72695,8,18.69
05664,sao paulo,-23.618033,-46.723358,1,0.6
05665,sao paulo,-23.620018,-46.730946,10,19.542
05673,sao paulo,-23.590762,-46.701847,1,0.15
05675,sao paulo,-23.595188,-46.701949,1,0.3
05676,sao paulo,-23.601384,-46.697738,1,0.2
05678,sao paulo,-23.598593,-46.704769,1,0.275
05679,sao paulo,-23.601389,-46.701612,6,22.467
05683,sao paulo,-23.606095,-46.708311,1,0.5
05684,sao paulo,-23.605825,-46.7047,10,46.158
05685,sao paulo,-23.606965,-46.704941,1,0.443
05686,sao paulo,-23.610324,-46.702553,5,7.556
05687,sao paulo,-23.610819,-46.70754,6,3.85
05688,sao paulo,-23.611427,-46.707133,5,3.7
05690,sao paulo,-23.615743,-46.704371,1,0.2
05692,sao paulo,-23.618869,-46.705275,1,0.95
05704,sao paulo,-23.628699,-46.719857,3,4.771
05705,sao paulo,-23.625389,-46.720093,10,32.947
05706,sao paulo,-23.627798,-46.724271,2,0.7
05707,sao paulo,-23.64356,-46.732085,6,4.867
05709,sao paulo,-23.617928,-46.74202,5,18.138
05710,sao paulo,-23.608965,-46.744966,1,1.65
05711,sao paulo,-23.611957,-46.743571,8,5.014
05712,sao paulo,-23.621161,-46.730657,4,2.617
05713,sao paulo,-23.626508,-46.729985,15,43.783
05715,sao paulo,-23.629413,-46.732029,5,15.713
05716,sao paulo,-23.630627,-46.733684,10,17.553
05717,sao paulo,-23.634475,-46.732189,10,21.584
05723,sao paulo,-23.641809,-46.73266,5,8.006
05724,sao paulo,-23.637621,-46.736682,13,61.551
05725,sao paulo,-23.624654,-46.736152,1,1.15
05726,sao paulo,-23.625338,-46.741417,19,44.998
05727,sao paulo,-23.627407,-46.739261,19,37.597
05728,sao paulo,-23.632803,-46.739238,5,9.17
05729,sao paulo,-23.635749,-46.737842,8,5.194
05730,sao paulo,-23.633422,-46.740432,3,3.899
05731,sao paulo,-23.640658,-46.742449,3,1.6
05734,sao paulo,-23.626093,-46.744111,21,43.639
05735,sao paulo,-23.629845,-46.74832,6,4.742
05736,sao paulo,-23.634374,-46.745952,3,1.2
05741,sao paulo,-23.610628,-46.747721,3,4.491
05745,sao paulo,-23.614496,-46.752062,1,0.3
05749,sao paulo,-23.620158,-46.746031,1,0.15
05750,sao paulo,-23.615879,-46.746678,7,28.55
05752,sao paulo,-23.618042,-46.752289,7,8.693
05754,sao paulo,-23.620233,-46.753748,15,15.901
05755,sao paulo,-23.621372,-46.756787,1,2.9
05756,sao paulo,-23.624298,-46.755255,19,59.775
05757,sao paulo,-23.623961,-46.760733,5,11.75
05758,sao paulo,-23.628839,-46.763699,5,7.2
05759,sao paulo,-23.630306,-46.7661,1,0.425
05760,sao paulo,-23.63259,-46.766798,1,0.2
05761,sao paulo,-23.635209,-46.766784,9,17.106
05762,sao paulo,-23.640381,-46.763718,2,1.75
05763,sao paulo,-23.643745,-46.759758,10,12.218
05765,sao paulo,-23.628945,-46.757158,1,0.3
05766,sao paulo,-23.631055,-46.754122,2,2.45
05767,sao paulo,-23.632604,-46.7602,11,7.559
05772,sao paulo,-23.639497,-46.755236,2,2.693
05773,sao paulo,-23.634012,-46.75488,9,14.436
05774,sao paulo,-23.633534,-46.75019,4,4.633
05775,sao paulo,-23.635472,-46.753547,3,7.767
05776,sao paulo,-23.63642,-46.746759,2,9.867
05777,sao paulo,-23.648487,-46.75476,10,28.081
05778,sao paulo,-23.642034,-46.752175,12,31.547
05780,sao paulo,-23.647312,-46.751909,2,1.1
05781,sao paulo,-23.652378,-46.760397,2,3.05
05782,sao paulo,-23.651403,-46.767704,31,64.405
05783,sao paulo,-23.645376,-46.76869,12,39.5
05784,sao paulo,-23.620254,-46.761643,6,27.491
05785,sao paulo,-23.624668,-46.766457,1,0.35
05786,sao paulo,-23.635454,-46.77257,5,180.85
05787,sao paulo,-23.618625,-46.758451,12,23.034
05788,sao paulo,-23.632161,-46.773531,2,1.4
05789,sao paulo,-23.648534,-46.778267,2,0.65
05790,sao paulo,-23.641551,-46.78503,8,11.783
05791,sao paulo,-23.646787,-46.782839,12,31.78
05792,sao paulo,-23.641896,-46.77604,6,3.663
05793,sao paulo,-23.638578,-46.775527,1,1.6
05794,sao paulo,-23.64106,-46.770797,5,7.583
05795,sao paulo,-23.646375,-46.7758,1,1.45
05796,sao paulo,-23.65084,-46.773795,4,16.35
05797,sao paulo,-23.654941,-46.772215,8,8.175
05798,sao paulo,-23.657405,-46.768455,4,3.2
05801,sao paulo,-23.647272,-46.734993,3,6.138
05802,sao paulo,-23.660799,-46.725524,4,4.028
05804,sao paulo,-23.648317,-46.731746,1,1.2
05805,sao paulo,-23.654005,-46.735246,4,2.055
05812,sao paulo,-23.655932,-46.734237,2,1.793
05813,sao paulo,-23.65467,-46.731592,6,6.1
05814,sao paulo,-23.659849,-46.732002,4,4.025
05815,sao paulo,-23.661568,-46.735951,7,2.614
05816,sao paulo,-23.667261,-46.739069,5,5.5
05818,sao paulo,-23.665308,-46.731582,8,43.825
05819,sao paulo,-23.6653,-46.736365,6,2.651
05820,sao paulo,-23.667225,-46.742467,5,4.8
05821,sao paulo,-23.667392,-46.751271,5,26.437
05822,sao paulo,-23.662545,-46.752268,3,1.779
05830,sao paulo,-23.669767,-46.744889,3,0.852
05831,sao paulo,-23.672145,-46.74725,6,2.192
05832,sao paulo,-23.673315,-46.751528,4,4.87
05833,sao paulo,-23.670893,-46.759255,5,9.7
05834,sao paulo,-23.670061,-46.754766,1,7.4
05835,sao paulo,-23.64928,-46.753954,17,28.544
05836,sao paulo,-23.646005,-46.737674,2,1.325
05841,sao paulo,-23.645718,-46.743161,3,10.9
05842,sao paulo,-23.65048,-46.744252,10,17.463
05843,sao paulo,-23.651331,-46.736616,4,29.31
05844,sao paulo,-23.657097,-46.74111,10,8.382
05845,sao paulo,-23.65424,-46.742812,1,0.273
05846,sao paulo,-23.657384,-46.745859,4,2.538
05847,sao paulo,-23.654135,-46.748714,12,7.397
05848,sao paulo,-23.658153,-46.759698,4,4.25
05849,sao paulo,-23.652443,-46.755492,10,30.28
05850,sao paulo,-23.658082,-46.754379,5,5.6
05851,sao paulo,-23.663617,-46.755761,2,1.789
05852,sao paulo,-23.666016,-46.757745,4,10.5
05853,sao paulo,-23.659533,-46.752037,8,25.07
05854,sao paulo,-23.660697,-46.762094,5,10.775
05855,sao paulo,-23.662245,-46.763857,1,0.75
05856,sao paulo,-23.652195,-46.784174,7,26.45
05857,sao paulo,-23.656914,-46.780272,11,9.2
05858,sao paulo,-23.666803,-46.783383,9,10.95
05859,sao paulo,-23.667005,-46.769979,3,2.314
05860,sao paulo,-23.664614,-46.76682,4,9.31
05861,sao paulo,-23.671802,-46.763088,12,12.535
05863,sao paulo,-23.678012,-46.765741,4,5.35
05864,sao paulo,-23.674944,-46.761347,3,1.075
05866,sao paulo,-23.679127,-46.769322,3,2.725
05867,sao paulo,-23.672821,-46.769828,4,18.35
05868,sao paulo,-23.664957,-46.778272,10,14.481
05869,sao paulo,-23.67734,-46.772012,2,2.6
05870,sao paulo,-23.680692,-46.772589,3,3.166
05871,sao paulo,-23.68436,-46.772727,4,9.85
05872,sao paulo,-23.685968,-46.775932,3,7.75
05873,sao paulo,-23.690264,-46.77885,5,17.675
05874,sao paulo,-23.698318,-46.783315,3,1.26
05875,sao paulo,-23.693528,-46.781959,3,1.525
05876,sao paulo,-23.697351,-46.793856,2,1.4
05877,sao paulo,-23.691995,-46.790776,8,44.083
05878,sao paulo,-23.689796,-46.784951,3,13.78
05879,sao paulo,-23.688077,-46.795458,6,12.4
05880,sao paulo,-23.68663,-46.788765,1,0.513
05881,sao paulo,-23.682707,-46.779778,11,24.245
05882,sao paulo,-23.680171,-46.78383,10,26.955
05883,sao paulo,-23.676253,-46.779419,4,2.4
05884,sao paulo,-23.671512,-46.775828,6,10.8
05885,sao paulo,-23.674949,-46.786391,9,30.023
05886,sao paulo,-23.680028,-46.79208,6,2.751
05887,sao paulo,-23.677723,-46.797782,8,4.8
05888,sao paulo,-23.673533,-46.792445,2,1.875
05889,sao paulo,-23.669976,-46.791961,5,3.696
05890,sao paulo,-23.666152,-46.787463,10,25.832
05891,sao paulo,-23.66328,-46.791927,1,2.152
05892,sao paulo,-23.661452,-46.786022,4,13.425
05893,sao paulo,-23.658097,-46.790539,3,1.7
05894,sao paulo,-23.651715,-46.788652,8,7.572
06010,osasco,-23.535843,-46.764066,7,11.344
06013,osasco,-23.531877,-46.777164,3,17.475
06016,osasco,-23.531974,-46.778584,4,3.8
06018,osasco,-23.541426,-46.775561,13,23.288
06020,osasco,-23.535839,-46.760974,33,66.1
06023,osasco,-23.544089,-46.769624,5,16.55
06026,osasco,-23.55164,-46.764859,6,3.6
06028,osasco,-23.547809,-46.765247,8,12.348
06030,osasco,-23.557801,-46.769991,12,31.029
06033,osasco,-23.561143,-46.777786,7,10.724
06036,osasco,-23.559575,-46.775759,16,25.41
06038,osasco,-23.565277,-46.778077,5,3.263
06040,osasco,-23.568853,-46.78225,7,10.6
06045,osasco,-23.572972,-46.793012,12,13.65
06050,osasco,-23.561059,-46.786731,9,4.6
06053,osasco,-23.557876,-46.788754,9,17.308
06056,osasco,-23.566019,-46.787016,11,25.58
06060,osasco,-23.55286,-46.78239,4,2.853
06065,osasco,-23.555423,-46.79026,8,37.325
06070,osasco,-23.548094,-46.780655,10,7.43
06075,osasco,-23.549406,-46.787647,5,12.605
06080,osasco,-23.544048,-46.784297,11,15.777
06083,osasco,-23.542757,-46.778011,14,24.175
06086,osasco,-23.53494,-46.785833,8,3.243
06090,osasco,-23.533138,-46.782622,2,2.913
06093,osasco,-23.530234,-46.78498,4,5.0
06097,osasco,-23.528282,-46.779831,2,2.55
06110,osasco,-23.531626,-46.791783,5,11.05
06112,osasco,-23.536161,-46.796021,9,11.868
06114,osasco,-23.532632,-46.79889,7,44.0
06120,osasco,-23.541535,-46.791926,3,1.0
06122,osasco,-23.541953,-46.79887,6,2.85
06124,osasco,-23.547509,-46.797922,6,20.401
06126,osasco,-23.552403,-46.794455,11,25.275
06130,osasco,-23.557488,-46.796933,4,1.3
06132,osasco,-23.55508,-46.79905,7,27.825
06140,osasco,-23.575649,-46.801554,12,68.917
06142,osasco,-23.570371,-46.798126,6,19.191
06144,osasco,-23.567144,-46.801242,4,11.983
06145,osasco,-23.575813,-46.804252,5,6.417
06147,osasco,-23.578719,-46.808394,3,0.607
06149,osasco,-23.580737,-46.813989,8,22.071
06150,osasco,-23.566989,-46.811626,18,52.166
06152,osasco,-23.563945,-46.803521,5,2.85
06154,osasco,-23.560347,-46.804553,5,16.168
06160,osasco,-23.557895,-46.813187,22,51.362
06162,osasco,-23.553451,-46.808689,14,27.652
06170,osasco,-23.54479,-46.805056,13,24.081
06172,osasco,-23.542231,-46.813462,19,96.099
06180,osasco,-23.53615,-46.803058,6,12.828
06182,osasco,-23.528271,-46.812773,15,19.875
06184,osasco,-23.53806,-46.808425,10,45.655
06186,osasco,-23.534221,-46.813311,11,10.712
06190,osasco,-23.530227,-46.798892,10,26.25
06192,osasco,-23.527749,-46.80207,7,18.655
06194,osasco,-23.525174,-46.803354,5,2.669
06210,osasco,-23.528691,-46.765642,10,8.837
06213,osasco,-23.530284,-46.767733,11,26.966
06216,osasco,-23.52545,-46.771011,8,12.6
06220,osasco,-23.516434,-46.782941,2,1.15
06223,osasco,-23.516094,-46.777733,2,13.483
06226,osasco,-23.508697,-46.777735,8,9.174
06230,osasco,-23.515726,-46.800615,13,20.322
06233,osasco,-23.516546,-46.786432,16,31.103
06236,osasco,-23.509648,-46.788505,22,21.113
06240,osasco,-23.504143,-46.805752,3,1.968
06243,osasco,-23.503488,-46.798771,8,32.783
06246,osasco,-23.499215,-46.807127,7,4.5
06250,osasco,-23.500698,-46.795747,5,13.625
06253,osasco,-23.496522,-46.79686,12,14.906
06260,osasco,-23.499169,-46.791184,6,6.813
06263,osasco,-23.493129,-46.797223,7,32.035
06266,osasco,-23.492952,-46.787442,9,26.538
06268,osasco,-23.500308,-46.776681,11,37.308
06270,osasco,-23.495266,-46.771217,5,5.2
06273,osasco,-23.499314,-46.76755,13,13.485
06276,osasco,-23.48721,-46.775859,4,4.65
06278,osasco,-23.479677,-46.779438,2,2.1
06280,osasco,-23.510273,-46.766667,6,6.197
06283,osasco,-23.514079,-46.769156,12,10.167
06286,osasco,-23.506426,-46.772234,10,22.358
06288,osasco,-23.501968,-46.766081,3,10.9
06290,osasco,-23.517658,-46.770342,4,1.173
06293,osasco,-23.516361,-46.762631,8,9.609
06296,osasco,-23.51851,-46.757254,3,1.0
06298,osasco,-23.52119,-46.752405,3,2.19
06310,carapicuiba,-23.51473,-46.837387,9,21.263
06311,carapicuiba,-23.520954,-46.84706,9,28.08
06315,carapicuiba,-23.523749,-46.840428,6,7.749
06317,carapicuiba,-23.52645,-46.845975,10,16.925
06320,carapicuiba,-23.523635,-46.83657,2,1.3
06321,carapicuiba,-23.538072,-46.830657,9,31.606
06322,carapicuiba,-23.530443,-46.833249,9,22.463
06325,carapicuiba,-23.533474,-46.829425,8,54.315
06326,carapicuiba,-23.528732,-46.828399,6,10.835
06327,carapicuiba,-23.534435,-46.823667,2,0.309
06328,carapicuiba,-23.526617,-46.823017,9,12.107
06329,carapicuiba,-23.537982,-46.821564,6,24.175
06330,carapicuiba,-23.559711,-46.830355,22,30.878
06331,carapicuiba,-23.543506,-46.829393,3,1.661
06332,carapicuiba,-23.548818,-46.830811,5,7.985
06333,carapicuiba,-23.560221,-46.831038,12,23.555
06334,carapicuiba,-23.544479,-46.832086,1,0.45
06335,carapicuiba,-23.554677,-46.834155,5,2.98
06340,carapicuiba,-23.567185,-46.824687,5,13.339
06341,carapicuiba,-23.572419,-46.818894,16,20.669
06342,carapicuiba,-23.581064,-46.824797,3,13.5
06343,carapicuiba,-23.57168,-46.833342,4,9.948
06350,carapicuiba,-23.574912,-46.855717,3,5.95
06351,carapicuiba,-23.568137,-46.864753,2,1.28
06355,carapicuiba,-23.558899,-46.861634,3,2.55
06360,carapicuiba,-23.55953,-46.839019,1,0.1
06361,carapicuiba,-23.559509,-46.84518,9,8.15
06362,carapicuiba,-23.554022,-46.841283,9,28.303
06363,carapicuiba,-23.568077,-46.840252,3,2.955
06364,carapicuiba,-23.565484,-46.842545,3,7.3
06365,carapicuiba,-23.553427,-46.849729,24,33.011
06380,carapicuiba,-23.539144,-46.837803,4,6.933
06381,carapicuiba,-23.545781,-46.838478,11,16.213
06382,carapicuiba,-23.549983,-46.839522,8,14.413
06385,carapicuiba,-23.542925,-46.843413,11,30.857
06386,carapicuiba,-23.532829,-46.843559,18,41.106
06387,carapicuiba,-23.55135,-46.835142,1,2.7
06390,carapicuiba,-23.539769,-46.853176,16,20.806
06394,carapicuiba,-23.524943,-46.857983,2,0.85
06395,carapicuiba,-23.533816,-46.850791,17,25.65
06396,carapicuiba,-23.529986,-46.85408,6,4.233
06397,carapicuiba,-23.531114,-46.858464,4,4.2
06401,barueri,-23.509243,-46.885217,15,25.831
06402,barueri,-23.508699,-46.878825,3,2.713
06404,barueri,-23.505967,-46.867622,13,39.1
06406,barueri,-23.50186,-46.886678,2,0.95
06407,barueri,-23.500308,-46.890531,5,14.992
06408,barueri,-23.494941,-46.885872,3,3.73
06409,barueri,-23.493443,-46.895619,5,2.755
06410,barueri,-23.501646,-46.867771,7,17.62
06411,barueri,-23.501327,-46.874146,8,34.495
06412,barueri,-23.496674,-46.881357,9,23.345
06413,barueri,-23.489025,-46.878892,8,19.896
06414,barueri,-23.494285,-46.870456,37,87.38
06415,barueri,-23.48998,-46.889271,4,1.0
06416,barueri,-23.486589,-46.893069,14,26.796
06417,barueri,-23.486097,-46.883783,3,20.2
06418,barueri,-23.482917,-46.885457,1,0.35
06419,barueri,-23.47633,-46.885699,2,2.7
06420,barueri,-23.510969,-46.895436,12,15.632
06421,barueri,-23.50817,-46.899641,3,3.65
06422,barueri,-23.517513,-46.900797,13,48.589
06423,barueri,-23.49641,-46.903769,2,0.883
06428,barueri,-23.496217,-46.957081,3,3.7
06429,barueri,-23.489821,-46.953152,4,3.24
06433,barueri,-23.52569,-46.88786,7,14.81
06434,barueri,-23.52961,-46.890231,8,20.838
06435,barueri,-23.532058,-46.884208,10,19.277
06436,barueri,-23.538024,-46.889481,23,59.193
06437,barueri,-23.544371,-46.888944,6,6.725
06440,barueri,-23.51057,-46.860616,14,26.526
06443,barueri,-23.536964,-46.864416,2,1.2
06445,barueri,-23.528468,-46.864483,3,23.05
06447,barueri,-23.541685,-46.880384,16,62.394
06448,barueri,-23.547887,-46.875201,1,1.225
06449,barueri,-23.542228,-46.868356,10,19.305
06453,barueri,-23.496968,-46.851044,10,16.417
06454,barueri,-23.495492,-46.847186,44,57.94
06455,barueri,-23.500492,-46.850654,13,30.339
06458,barueri,-23.489733,-46.824284,6,25.66
06460,barueri,-23.499373,-46.832186,18,41.043
06462,barueri,-23.485734,-46.807568,13,25.733
06463,barueri,-23.501562,-46.812795,9,7.55
06465,barueri,-23.506356,-46.851517,4,10.35
06470,barueri,-23.493536,-46.859349,3,14.55
06471,barueri,-23.486645,-46.853355,1,0.15
06472,barueri,-23.485131,-46.854031,9,45.899
06473,barueri,-23.484229,-46.861533,10,5.725
06474,barueri,-23.488229,-46.847491,3,1.875
06501,santana de parnaiba,-23.444958,-46.916024,1,1.05
06502,santana de parnaiba,-23.445202,-46.925458,4,8.51
06503,santana de parnaiba,-23.456121,-46.939926,1,1.0
06504,santana de parnaiba,-23.439641,-46.933922,1,0.3
06505,santana de parnaiba,-23.409369,-46.942165,1,0.4
06506,santana de parnaiba,-23.418892,-46.959151,1,15.742
06509,santana de parnaiba,-23.453151,-46.93914,3,0.425
06513,santana de parnaiba,-23.459411,-46.916515,1,0.717
06515,santana de parnaiba,-23.474839,-46.898211,16,29.7
06516,santana de parnaiba,-23.4808,-46.893467,6,16.353
06519,santana de parnaiba,-23.491573,-46.965724,5,8.725
06523,santana de parnaiba,-23.492647,-47.002842,3,9.487
06526,santana de parnaiba,-23.430141,-46.927339,4,16.125
06528,santana de parnaiba,-23.407023,-46.899552,11,35.117
06529,santana de parnaiba,-23.404599,-46.883533,6,7.15
06530,santana de parnaiba,-23.410717,-46.886547,9,9.275
06531,santana de parnaiba,-23.418206,-46.883992,2,1.95
06532,santana de parnaiba,-23.441744,-46.88556,1,0.42
06533,santana de parnaiba,-23.421131,-46.874798,3,2.619
06535,santana de parnaiba,-23.42521,-46.856843,10,15.8
06537,santana de parnaiba,-23.428554,-46.82673,11,20.37
06539,santana de parnaiba,-23.464964,-46.880753,5,25.25
06540,santana de parnaiba,-23.453687,-46.882189,16,44.183
06541,santana de parnaiba,-23.462226,-46.871894,5,2.333
06542,santana de parnaiba,-23.47472,-46.868884,12,43.412
06543,santana de parnaiba,-23.472454,-46.849368,30,25.288
06544,santana de parnaiba,-23.462498,-46.852874,10,29.668
06550,pirapora do bom jesus,-23.399894,-47.002958,16,85.611
06600,jandira,-23.531603,-46.901761,4,24.65
06602,jandira,-23.534509,-46.897036,7,23.301
06604,jandira,-23.539748,-46.904221,8,3.75
06606,jandira,-23.533397,-46.907324,8,8.467
06608,jandira,-23.533924,-46.914774,4,35.017
06612,jandira,-23.520915,-46.922923,5,4.125
06616,jandira,-23.527219,-46.910309,1,0.4
06618,jandira,-23.525646,-46.900509,2,3.95
06620,jandira,-23.546362,-46.891732,2,0.334
06622,jandira,-23.546379,-46.89968,10,32.325
06624,jandira,-23.548375,-46.910451,13,14.65
06626,jandira,-23.542013,-46.911619,5,3.5
06630,jandira,-23.555161,-46.890036,1,11.0
06631,jandira,-23.544998,-46.904303,1,0.55
06634,jandira,-23.559462,-46.904781,7,16.675
06636,jandira,-23.556758,-46.898997,2,1.65
06642,jandira,-23.557155,-46.876432,4,10.145
06653,itapevi,-23.546865,-46.930005,11,16.575
06654,itapevi,-23.538921,-46.925618,20,42.358
06655,itapevi,-23.551066,-46.914736,10,48.113
06656,itapevi,-23.553534,-46.922035,15,21.003
06657,itapevi,-23.557438,-46.929352,7,68.251
06660,itapevi,-23.548421,-46.957577,9,37.235
06663,itapevi,-23.556878,-46.939935,32,52.829
06665,itapevi,-23.556149,-46.949435,12,41.179
06670,itapevi,-23.58603,-46.966009,6,7.16
06675,itapevi,-23.545878,-46.970587,2,0.65
06680,itapevi,-23.534269,-46.979229,7,7.142
06683,itapevi,-23.5392,-46.977047,5,5.471
06690,itapevi,-23.526748,-46.950895,1,0.175
06693,itapevi,-23.534577,-46.929877,14,43.85
06694,itapevi,-23.541448,-46.938015,13,15.75
06695,itapevi,-23.54165,-46.961097,5,10.791
06696,itapevi,-23.525114,-46.942009,1,0.225
06700,cotia,-23.609187,-46.93377,38,71.043
06702,cotia,-23.579816,-46.931141,7,96.05
06703,cotia,-23.596745,-46.91078,12,14.308
06704,cotia,-23.580135,-46.918077,9,22.83
06705,cotia,-23.587528,-46.894395,15,17.976
06706,cotia,-23.578781,-46.87428,3,7.485
06707,cotia,-23.591754,-46.868103,3,14.783
06708,cotia,-23.594021,-46.846837,6,25.675
06709,cotia,-23.587505,-46.82589,12,34.955
06710,cotia,-23.598895,-46.826547,17,28.901
06711,cotia,-23.605499,-46.839104,16,76.075
06712,cotia,-23.606216,-46.846753,3,1.785
06713,cotia,-23.607371,-46.859116,6,5.236
06714,cotia,-23.599187,-46.872834,4,2.9
06715,cotia,-23.609466,-46.876198,13,12.654
06716,cotia,-23.605706,-46.898514,16,24.096
06717,cotia,-23.606858,-46.916543,6,6.5
06719,cotia,-23.622927,-46.936871,17,29.758
06720,cotia,-23.618748,-46.955576,7,16.075
06721,cotia,-23.647202,-46.984752,2,0.493
06722,cotia,-23.635333,-46.950142,4,7.517
06725,cotia,-23.687301,-47.024137,8,13.975
06726,cotia,-23.662603,-47.052941,6,38.8
06727,cotia,-23.673653,-47.021395,8,3.163
06728,cotia,-23.683054,-47.008032,2,2.7
06729,cotia,-23.722383,-47.024973,2,0.833
06730,vargem grande paulista,-23.621281,-47.010556,43,150.176
06753,taboao da serra,-23.602693,-46.756121,16,41.566
06754,taboao da serra,-23.606329,-46.756923,4,7.896
06755,taboao da serra,-23.601294,-46.766631,7,26.525
06756,taboao da serra,-23.606387,-46.773863,12,18.65
06757,taboao da serra,-23.608437,-46.779443,2,2.45
06760,taboao da serra,-23.613739,-46.773547,4,5.803
06763,taboao da serra,-23.611045,-46.761138,20,22.515
06764,taboao da serra,-23.615085,-46.766986,33,46.479
06765,taboao da serra,-23.61877,-46.772917,41,71.274
06766,taboao da serra,-23.627594,-46.779437,15,59.796
06767,taboao da serra,-23.621036,-46.784752,17,53.303
06768,taboao da serra,-23.607693,-46.752658,9,35.275
06770,taboao da serra,-23.636606,-46.785677,3,0.7
06773,taboao da serra,-23.642282,-46.791865,8,14.0
06774,taboao da serra,-23.642197,-46.80033,8,95.319
06775,taboao da serra,-23.636855,-46.794072,15,65.85
06780,taboao da serra,-23.623099,-46.791323,11,17.792
06783,taboao da serra,-23.630985,-46.788962,13,15.933
06784,taboao da serra,-23.632555,-46.797631,7,2.25
06785,taboao da serra,-23.636811,-46.806102,10,11.025
06786,taboao da serra,-23.626588,-46.807793,8,3.42
06787,taboao da serra,-23.62323,-46.801044,11,23.07
06790,taboao da serra,-23.611146,-46.785821,6,10.691
06793,taboao da serra,-23.607693,-46.752658,2,0.5
06794,taboao da serra,-23.617656,-46.806295,1,0.273
06795,taboao da serra,-23.613222,-46.797134,1,3.7
06803,embu das artes,-23.648623,-46.849882,6,4.733
06804,embu das artes,-23.644263,-46.850697,4,7.301
06805,embu das artes,-23.638189,-46.853598,1,0.25
06806,embu,-23.636461,-46.838377,3,5.9
06807,embu das artes,-23.626376,-46.823201,11,28.325
06810,embu das artes,-23.646761,-46.801171,14,15.501
06813,embu das artes,-23.651136,-46.804561,12,28.493
06814,embu das artes,-23.660417,-46.814342,13,23.875
06815,embu das artes,-23.6533,-46.815572,8,7.043
06816,embu das artes,-23.644817,-46.818652,16,27.031
06817,embu das artes,-23.633805,-46.814417,1,0.85
06820,embu das artes,-23.660102,-46.796552,11,40.775
06823,embu das artes,-23.669919,-46.802392,19,56.147
06824,embu das artes,-23.676819,-46.804476,10,40.858
06825,embu das artes,-23.666311,-46.810192,1,1.6
06826,embu das artes,-23.659432,-46.80205,15,44.1
06833,embu das artes,-23.655317,-46.844741,1,0.25
06835,embu das artes,-23.678514,-46.852289,4,2.258
06840,embu das artes,-23.650317,-46.861563,5,11.875
06843,embu das artes,-23.662919,-46.862359,7,30.29
06844,embu,-23.662567,-46.879112,1,2.1
06845,embu das artes,-23.644282,-46.897109,4,1.917
06846,embu,-23.635291,-46.872385,1,0.5
06850,itapecerica da serra,-23.710979,-46.851032,13,15.238
06851,itapecerica da serra,-23.718225,-46.857135,7,22.225
06852,itapecerica da serra,-23.706531,-46.858577,13,9.752
06853,itapecerica da serra,-23.69011,-46.855693,5,21.875
06855,itapecerica da serra,-23.693309,-46.82536,6,5.784
06856,itapecerica da serra,-23.693151,-46.800962,5,1.958
06857,itapecerica da serra,-23.704247,-46.798418,2,1.867
06858,itapecerica da serra,-23.704759,-46.825454,2,1.882
06859,itapecerica da serra,-23.708014,-46.834231,2,0.5
06863,itapecerica da serra,-23.720901,-46.798748,2,1.5
06864,itapecerica da serra,-23.745245,-46.79939,3,3.292
06865,itapecerica da serra,-23.749408,-46.791076,9,39.515
06866,itapecerica da serra,-23.757045,-46.797996,4,8.2
06867,itapecerica da serra,-23.756361,-46.809738,3,3.68
06868,itapecerica da serra,-23.760705,-46.838392,2,11.15
06870,itapecerica da serra,-23.736324,-46.884058,1,1.9
06871,itapecerica da serra,-23.722885,-46.856599,4,4.4
06872,itapecerica da serra,-23.733158,-46.849426,4,1.35
06874,itapecerica da serra,-23.759588,-46.843884,1,0.35
06882,itapecerica da serra,-23.740324,-46.897875,1,1.7
06885,itapecerica da serra,-23.702653,-46.877187,1,0.31
06887,itapecerica da serra,-23.688098,-46.895888,1,2.2
06888,itapecerica da serra,-23.687024,-46.860838,2,22.75
06890,sao lourenco da serra,-23.854036,-46.946903,12,24.145
06900,embu-guacu,-23.833944,-46.815239,46,115.992
06950,juquitiba,-23.93215,-47.069107,21,49.562
07010,guarulhos,-23.46753,-46.529594,2,1.65
07011,guarulhos,-23.468955,-46.531352,4,1.9
07012,guarulhos,-23.472001,-46.530853,5,4.907
07013,guarulhos,-23.471775,-46.525105,2,6.1
07020,guarulhos,-23.470041,-46.537702,17,29.423
07021,guarulhos,-23.472728,-46.538989,5,6.851
07022,guarulhos,-23.475764,-46.539629,8,22.96
07023,guarulhos,-23.47744,-46.54168,13,36.1
07024,guarulhos,-23.480072,-46.538318,9,22.544
07025,guarulhos,-23.482611,-46.543572,12,23.712
07030,guarulhos,-23.494655,-46.550446,6,24.5
07031,guarulhos,-23.491895,-46.546294,12,21.704
07032,guarulhos,-23.503853,-46.554911,12,7.464
07033,guarulhos,-23.499903,-46.555141,11,49.6
07034,guarulhos,-23.477081,-46.525234,1,0.25
07040,guarulhos,-23.476674,-46.545044,8,9.888
07041,guarulhos,-23.484565,-46.548287,4,21.339
07042,guarulhos,-23.48441,-46.55088,3,6.7
07043,guarulhos,-23.484588,-46.552004,5,40.447
07044,guarulhos,-23.481427,-46.553329,5,26.41
07050,guarulhos,-23.462268,-46.552303,6,5.017
07051,guarulhos,-23.468514,-46.550793,8,19.727
07052,guarulhos,-23.4735,-46.553991,5,24.85
07053,guarulhos,-23.476131,-46.556452,5,5.365
07054,guarulhos,-23.465673,-46.557402,9,8.028
07055,guarulhos,-23.467811,-46.561592,6,12.8
07056,guarulhos,-23.460252,-46.565686,5,3.732
07060,guarulhos,-23.455614,-46.546995,8,17.556
07061,guarulhos,-23.454317,-46.550613,6,6.83
07062,guarulhos,-23.460074,-46.551627,5,4.109
07063,guarulhos,-23.456907,-46.558249,6,2.23
07064,guarulhos,-23.450188,-46.552517,6,5.117
07070,guarulhos,-23.451475,-46.557386,8,35.808
07071,guarulhos,-23.45351,-46.566617,5,3.902
07072,guarulhos,-23.44717,-46.557965,13,46.985
07073,guarulhos,-23.446242,-46.563735,5,15.15
07074,guarulhos,-23.449687,-46.565627,7,15.369
07075,guarulhos,-23.431703,-46.559847,4,1.275
07076,guarulhos,-23.431631,-46.563088,1,0.15
07077,guarulhos,-23.436519,-46.555789,3,5.45
07080,guarulhos,-23.444956,-46.547494,16,49.142
07081,guarulhos,-23.443674,-46.552222,13,47.339
07082,guarulhos,-23.435772,-46.544689,18,29.733
07083,guarulhos,-23.437421,-46.549913,5,61.275
07084,guarulhos,-23.42921,-46.549912,9,6.42
07085,guarulhos,-23.424701,-46.55273,8,9.86
07090,guarulhos,-23.468349,-46.535317,5,7.625
07091,guarulhos,-23.464392,-46.540897,14,21.922
07092,guarulhos,-23.462738,-46.545502,7,18.696
07093,guarulhos,-23.458496,-46.540538,8,29.525
07094,guarulhos,-23.451715,-46.543805,4,4.846
07095,guarulhos,-23.4608,-46.534699,11,52.011
07096,guarulhos,-23.451425,-46.53916,6,6.807
07097,guarulhos,-23.445403,-46.541435,10,4.701
07110,guarulhos,-23.467197,-46.526499,3,2.201
07111,guarulhos,-23.465159,-46.521625,6,23.438
07112,guarulhos,-23.468737,-46.518062,1,0.15
07113,guarulhos,-23.463998,-46.517418,9,9.881
07114,guarulhos,-23.453135,-46.529968,9,15.67
07115,guarulhos,-23.449561,-46.534242,12,56.196
07120,guarulhos,-23.454133,-46.525598,9,3.392
07121,guarulhos,-23.451351,-46.522668,8,15.0
07122,guarulhos,-23.447719,-46.517611,6,5.05
07123,guarulhos,-23.44502,-46.528136,5,6.906
07124,guarulhos,-23.43128,-46.534845,28,49.586
07130,guarulhos,-23.442386,-46.521343,22,49.984
07131,guarulhos,-23.434501,-46.525203,12,38.172
07132,guarulhos,-23.435128,-46.517259,14,32.081
07133,guarulhos,-23.437197,-46.511367,7,41.534
07134,guarulhos,-23.427857,-46.515137,12,34.115
07135,guarulhos,-23.424399,-46.527668,16,15.194
07140,guarulhos,-23.429414,-46.497349,7,30.63
07141,guarulhos,-23.429116,-46.506837,10,46.387
07142,guarulhos,-23.413511,-46.496332,18,32.362
07143,guarulhos,-23.420528,-46.502558,9,42.21
07144,guarulhos,-23.403855,-46.513241,19,49.545
07145,guarulhos,-23.40595,-46.49171,12,10.934
07150,guarulhos,-23.417538,-46.462886,8,17.088
07151,guarulhos,-23.408354,-46.455429,16,30.637
07152,guarulhos,-23.404523,-46.469859,15,38.174
07153,guarulhos,-23.378763,-46.448385,4,21.158
07154,guarulhos,-23.373351,-46.449198,1,15.467
07155,guarulhos,-23.416152,-46.467835,1,0.175
07159,guarulhos,-23.385273,-46.402969,3,8.625
07160,guarulhos,-23.410629,-46.448633,11,31.126
07161,guarulhos,-23.398125,-46.43799,19,58.26
07162,guarulhos,-23.402649,-46.445396,6,14.585
07170,guarulhos,-23.432679,-46.435978,23,22.966
07171,guarulhos,-23.42197,-46.436784,8,3.277
07172,guarulhos,-23.421802,-46.430806,8,14.661
07173,guarulhos,-23.430957,-46.429338,6,2.141
07174,guarulhos,-23.425152,-46.421026,11,16.982
07175,guarulhos,-23.408533,-46.403392,13,17.653
07176,guarulhos,-23.409686,-46.388689,22,53.218
07177,guarulhos,-23.42139,-46.399309,2,6.2
07178,guarulhos,-23.399421,-46.39418,10,25.368
07179,guarulhos,-23.403799,-46.418469,10,50.601
07180,guarulhos,-23.452497,-46.475662,7,13.3
07181,guarulhos,-23.445409,-46.467954,5,2.433
07182,guarulhos,-23.443602,-46.463956,7,12.145
07183,guarulhos,-23.44176,-46.460074,6,4.263
07184,guarulhos,-23.411457,-46.393207,1,0.173
07190,guarulhos,-23.458648,-46.497026,29,48.29
07191,guarulhos,-23.457578,-46.508052,11,22.013
07192,guarulhos,-23.452833,-46.507153,5,19.063
07193,guarulhos,-23.447309,-46.502257,11,17.3
07194,guarulhos,-23.442574,-46.506552,9,35.285
07195,guarulhos,-23.448457,-46.511249,4,6.7
07196,guarulhos,-23.454135,-46.513258,12,12.526
07197,guarulhos,-23.460538,-46.515536,17,75.22
07210,guarulhos,-23.453148,-46.43369,8,16.208
07215,guarulhos,-23.472594,-46.440157,2,5.2
07220,guarulhos,-23.471461,-46.466209,3,9.727
07221,guarulhos,-23.471865,-46.471898,1,2.4
07222,guarulhos,-23.463491,-46.472185,4,1.545
07223,guarulhos,-23.460929,-46.478476,1,0.155
07230,guarulhos,-23.454828,-46.456769,12,48.563
07231,guarulhos,-23.456144,-46.4646,7,13.46
07232,guarulhos,-23.467132,-46.464013,2,17.45
07240,guarulhos,-23.448156,-46.438687,16,23.424
07241,guarulhos,-23.447221,-46.427517,21,75.928
07242,guarulhos,-23.437574,-46.422867,6,15.45
07243,guarulhos,-23.438739,-46.413766,12,18.971
07244,guarulhos,-23.446486,-46.412994,6,35.334
07250,guarulhos,-23.420875,-46.37204,3,5.3
07251,guarulhos,-23.435049,-46.400104,14,28.0
07252,guarulhos,-23.442874,-46.404721,9,17.176
07260,guarulhos,-23.454893,-46.411726,7,18.93
07261,guarulhos,-23.452405,-46.402296,3,4.933
07263,guarulhos,-23.464476,-46.405749,3,13.709
07270,guarulhos,-23.462343,-46.429657,11,12.605
07272,guarulhos,-23.466012,-46.424697,11,23.3
07273,guarulhos,-23.458179,-46.422006,8,13.05
07400,aruja,-23.397375,-46.323669,7,2.943
07401,aruja,-23.388697,-46.324453,6,12.55
07402,aruja,-23.396139,-46.315214,8,9.183
07403,aruja,-23.39213,-46.310845,2,0.8
07404,aruja,-23.389655,-46.300369,4,18.7
07411,aruja,-23.404889,-46.341204,6,4.074
07414,aruja,-23.406074,-46.364767,1,1.032
07417,aruja,-23.379551,-46.322128,12,28.55
07428,aruja,-23.406197,-46.322333,5,9.263
07432,aruja,-23.418488,-46.365598,2,3.067
07434,aruja,-23.416114,-46.321494,3,3.863
07435,aruja,-23.420361,-46.31532,4,16.18
07436,aruja,-23.415444,-46.302894,1,0.24
07438,aruja,-23.407205,-46.29073,5,23.227
07500,santa isabel,-23.31771,-46.227062,28,54.175
07600,mairipora,-23.322352,-46.589731,75,205.659
07700,caieiras,-23.362637,-46.740975,19,67.763
07704,caieiras,-23.376187,-46.751965,4,8.488
07713,caieiras,-23.351783,-46.749086,14,9.967
07714,caieiras,-23.347036,-46.7593,5,3.986
07715,caieiras,-23.346344,-46.751822,3,3.01
07716,caieiras,-23.342605,-46.745511,9,12.71
07717,caieiras,-23.332859,-46.752942,3,0.5
07718,caieiras,-23.337215,-46.756337,4,17.633
07724,caieiras,-23.357672,-46.734768,6,22.834
07726,caieiras,-23.374781,-46.70016,1,17.6
07727,caieiras,-23.373075,-46.677473,2,1.36
07739,caieiras,-23.395006,-46.714425,1,4.7
07740,caieiras,-23.391181,-46.71272,1,2.25
07743,caieiras,-23.375745,-46.712233,1,1.05
07744,caieiras,-23.394957,-46.717875,4,8.57
07745,caieiras,-23.380466,-46.718881,13,45.638
07747,caieiras,-23.390883,-46.71626,1,5.55
07748,caieiras,-23.391215,-46.73057,4,5.65
07749,caieiras,-23.385591,-46.738527,1,0.25
07750,cajamar,-23.358539,-46.87028,4,1.678
07752,cajamar,-23.362873,-46.847089,6,16.517
07756,cajamar,-23.391328,-46.863964,2,4.497
07776,cajamar,-23.338742,-46.840297,8,11.022
07781,cajamar,-23.284288,-46.873949,1,0.122
07786,cajamar,-23.335411,-46.830437,5,26.725
07787,cajamar,-23.337679,-46.826739,6,19.5
07788,cajamar,-23.352307,-46.825572,2,2.65
07789,cajamar,-23.362007,-46.847667,1,0.8
07790,cajamar,-23.406902,-46.842542,14,43.651
07791,cajamar,-23.409335,-46.863933,20,66.356
07792,cajamar,-23.412979,-46.845598,7,5.56
07793,cajamar,-23.41413,-46.830642,16,86.033
07794,cajamar,-23.41737,-46.824759,4,2.15
07801,franco da rocha,-23.32219,-46.725547,1,1.75
07802,franco da rocha,-23.32625,-46.728592,2,2.25
07803,franco da rocha,-23.331397,-46.732528,6,22.149
07804,franco da rocha,-23.325375,-46.733683,4,2.827
07807,franco da rocha,-23.320778,-46.732577,8,8.608
07808,franco da rocha,-23.320165,-46.738715,1,0.05
07809,franco da rocha,-23.324977,-46.748305,1,2.5
07810,franco da rocha,-23.321792,-46.764566,3,8.734
07812,franco da rocha,-22.906828,-47.012232,1,0.2
07813,franco da rocha,-23.320839,-46.751737,2,1.35
07830,franco da rocha,-23.298781,-46.758266,3,2.7
07832,franco da rocha,-23.306591,-46.756446,2,2.55
07835,franco da rocha,-23.305468,-46.744443,2,1.033
07836,franco da rocha,-23.303936,-46.741359,2,7.9
07840,franco da rocha,-23.314092,-46.733186,1,1.45
07841,franco da rocha,-23.315376,-46.737396,2,9.95
07844,franco da rocha,-23.304312,-46.733976,2,2.55
07845,franco da rocha,-23.307361,-46.730199,4,2.2
07847,franco da rocha,-23.313229,-46.725009,3,15.708
07849,franco da rocha,-23.318056,-46.725613,1,0.2
07850,franco da rocha,-23.331637,-46.724674,5,4.089
07851,franco da rocha,-23.328725,-46.721998,3,6.853
07852,franco da rocha,-23.325839,-46.718546,3,30.9
07853,franco da rocha,-23.322585,-46.714428,5,5.584
07854,franco da rocha,-23.323349,-46.707427,2,1.925
07855,franco da rocha,-23.325607,-46.703941,4,1.37
07856,franco da rocha,-23.323609,-46.700929,2,15.1
07857,franco da rocha,-23.330726,-46.707439,4,13.0
07858,franco da rocha,-23.328087,-46.70957,7,7.175
07859,franco da rocha,-23.328586,-46.715082,5,16.45
07860,franco da rocha,-23.319602,-46.719582,1,0.8
07861,franco da rocha,-23.316136,-46.714344,2,4.733
07862,franco da rocha,-23.318309,-46.709361,4,14.2
07865,franco da rocha,-23.304689,-46.722257,3,6.35
07866,franco da rocha,-23.300313,-46.709152,6,36.733
07867,franco da rocha,-23.314739,-46.776559,1,0.1
07901,francisco morato,-23.283666,-46.745643,2,2.52
07902,francisco morato,-23.291202,-46.742798,1,0.46
07903,francisco morato,-23.29562,-46.740662,7,9.675
07904,francisco morato,-23.300535,-46.735592,1,2.5
07905,francisco morato,-23.289555,-46.762894,1,1.05
07906,francisco morato,-23.298857,-46.744632,2,4.8
07907,francisco morato,-23.29801,-46.747331,1,0.25
07909,francisco morato,-23.288705,-46.746443,4,15.9
07910,francisco morato,-23.278294,-46.745935,3,7.05
07911,francisco morato,-23.28374,-46.751671,4,2.525
07912,francisco morato,-23.290396,-46.755232,4,5.338
07913,francisco morato,-23.288939,-46.7622,1,0.694
07914,francisco morato,-23.280699,-46.753895,3,7.284
07916,francisco morato,-23.277594,-46.758327,3,3.375
07920,francisco morato,-23.273252,-46.753166,1,0.2
07929,francisco morato,-23.263045,-46.755376,1,2.75
07936,francisco morato,-23.262074,-46.742878,2,2.0
07940,francisco morato,-23.265547,-46.747775,1,3.35
07941,francisco morato,-23.26991,-46.744631,2,1.85
07942,francisco morato,-23.27237,-46.740036,4,11.763
07944,francisco morato,-23.265301,-46.732569,2,0.717
07945,francisco morato,-23.259911,-46.731774,1,0.3
07950,francisco morato,-23.277975,-46.743865,7,6.308
07951,francisco morato,-23.274964,-46.732481,2,0.823
07952,francisco morato,-23.273115,-46.726107,4,4.481
07953,francisco morato,-23.267029,-46.724414,3,3.05
07955,francisco morato,-23.260563,-46.71826,1,3.65
07957,francisco morato,-23.27673,-46.730954,2,2.6
07980,francisco morato,-23.277891,-46.749797,2,0.35
07985,francisco morato,-23.285283,-46.704443,5,1.35
07990,francisco morato,-23.279839,-46.740512,2,1.9
07991,francisco morato,-23.283476,-46.73779,6,1.295
07995,francisco morato,-23.296168,-46.729384,2,13.214
07997,francisco morato,-23.26567,-46.73851,2,0.419
07998,francisco morato,-23.294366,-46.733913,5,22.45
08010,sao paulo,-23.494089,-46.438695,10,11.827
08011,sao paulo,-23.495786,-46.446583,7,18.0
08020,sao paulo,-23.505253,-46.441519,3,2.7
08021,sao paulo,-23.500115,-46.435075,19,24.78
08022,sao paulo,-23.493807,-46.425881,3,2.8
08030,sao paulo,-23.502729,-46.421996,14,16.917
08031,sao paulo,-23.511711,-46.424427,12,29.6
08032,sao paulo,-23.517932,-46.427218,16,30.575
08040,sao paulo,-23.509136,-46.446222,15,14.367
08041,sao paulo,-23.515035,-46.440602,13,21.422
08042,sao paulo,-23.50771,-46.43433,6,16.993
08050,sao paulo,-23.510953,-46.458776,17,39.95
08051,sao paulo,-23.513771,-46.468532,10,32.975
08060,sao paulo,-23.502567,-46.45245,14,25.35
08061,sao paulo,-23.502688,-46.464318,17,67.31
08062,sao paulo,-23.509864,-46.473791,7,4.934
08070,sao paulo,-23.495576,-46.46183,7,18.363
08071,sao paulo,-23.490009,-46.448915,2,1.6
08072,sao paulo,-23.488595,-46.459206,9,29.715
08080,sao paulo,-23.487785,-46.428,14,34.333
08081,sao paulo,-23.485672,-46.418741,16,32.38
08090,sao paulo,-23.47878,-46.426536,14,24.836
08110,sao paulo,-23.497188,-46.401278,12,14.509
08111,sao paulo,-23.49086,-46.378335,10,12.265
08115,sao paulo,-23.491599,-46.387232,2,0.875
08120,sao paulo,-23.502354,-46.393115,14,25.851
08121,sao paulo,-23.501868,-46.38418,15,14.408
08122,sao paulo,-23.495642,-46.378772,6,27.726
08130,sao paulo,-23.505951,-46.369277,7,18.0
08131,sao paulo,-23.503032,-46.37651,3,9.05
08132,sao paulo,-23.509526,-46.376086,3,1.1
08140,sao paulo,-23.510127,-46.397652,14,26.25
08141,sao paulo,-23.513785,-46.39148,9,10.872
08142,sao paulo,-23.51593,-46.384427,15,37.535
08143,sao paulo,-23.518335,-46.398076,4,1.4
08150,sao paulo,-23.51812,-46.411662,21,53.483
08151,sao paulo,-23.519844,-46.403743,8,5.383
08152,sao paulo,-23.512563,-46.407166,1,2.05
08160,sao paulo,-23.504739,-46.409718,15,49.718
08161,sao paulo,-23.502455,-46.413584,11,67.032
08180,sao paulo,-23.488867,-46.411561,12,25.331
08190,sao paulo,-23.488208,-46.394586,8,6.075
08191,sao paulo,-23.480307,-46.38368,8,9.725
08210,sao paulo,-23.537608,-46.449006,22,46.831
08215,sao paulo,-23.539676,-46.444371,18,30.396
08220,sao paulo,-23.537648,-46.465322,11,10.223
08223,sao paulo,-23.526548,-46.470251,21,51.767
08225,sao paulo,-23.530205,-46.46133,13,15.758
08226,sao paulo,-23.523957,-46.461879,2,1.526
08230,sao paulo,-23.521612,-46.451734,14,29.125
08235,sao paulo,-23.517631,-46.459731,9,26.905
08240,sao paulo,-23.523154,-46.445408,20,20.852
08245,sao paulo,-23.521799,-46.432573,3,11.832
08246,sao paulo,-23.531412,-46.439111,5,17.1
08247,sao paulo,-23.535711,-46.433175,5,16.95
08250,sao paulo,-23.53972,-46.436336,7,7.844
08253,sao paulo,-23.548755,-46.439211,23,56.565
08255,sao paulo,-23.551236,-46.434955,11,17.382
08257,sao paulo,-23.553852,-46.428214,4,1.4
08260,sao paulo,-23.563814,-46.432709,20,68.648
08265,sao paulo,-23.582225,-46.453173,7,10.775
08270,sao paulo,-23.561275,-46.461969,21,21.368
08275,sao paulo,-23.571302,-46.479303,16,38.095
08280,sao paulo,-23.561779,-46.475817,28,71.775
08285,sao paulo,-23.553233,-46.472839,7,4.25
08290,sao paulo,-23.553662,-46.4507,32,84.002
08295,sao paulo,-23.547288,-46.454077,13,16.275
08310,sao paulo,-23.626458,-46.463922,5,2.55
08311,sao paulo,-23.631843,-46.467107,7,6.603
08320,sao paulo,-23.628034,-46.473574,14,16.183
08321,sao paulo,-23.61038,-46.480791,1,0.65
08330,sao paulo,-23.613932,-46.464946,22,85.391
08331,sao paulo,-23.609759,-46.470064,7,18.0
08340,sao paulo,-23.612151,-46.460615,14,11.674
08341,sao paulo,-23.601164,-46.45335,3,0.3
08343,sao paulo,-23.606234,-46.446521,4,14.15
08344,sao paulo,-23.609615,-46.448807,8,16.43
08345,sao paulo,-23.610298,-46.443942,4,6.0
08370,sao paulo,-23.594507,-46.442662,7,17.629
08371,sao paulo,-23.597059,-46.423937,6,20.075
08372,sao paulo,-23.601733,-46.436159,2,0.594
08373,sao paulo,-23.500935,-46.664106,2,0.95
08375,sao paulo,-23.598658,-46.466461,6,4.005
08380,sao paulo,-23.598877,-46.440504,4,9.788
08381,sao paulo,-23.61178,-46.42944,4,21.844
08382,sao paulo,-23.618117,-46.417424,4,2.982
08383,sao paulo,-23.616819,-46.431316,1,0.25
08390,sao paulo,-23.631444,-46.44434,11,10.025
08391,sao paulo,-23.604004,-46.573352,4,2.503
08410,sao paulo,-23.547627,-46.41823,12,50.016
08411,sao paulo,-23.553813,-46.411911,5,23.867
08412,sao paulo,-23.551576,-46.407898,6,22.688
08420,sao paulo,-23.543611,-46.426992,22,69.13
08421,sao paulo,-23.562613,-46.422155,17,23.368
08430,sao paulo,-23.525928,-46.423318,13,22.325
08431,sao paulo,-23.534514,-46.417456,16,25.253
08440,sao paulo,-23.53429,-46.408969,22,21.919
08441,sao paulo,-23.533195,-46.405269,5,3.5
08450,sao paulo,-23.543589,-46.401736,16,19.655
08451,sao paulo,-23.540554,-46.398373,11,19.105
08452,sao paulo,-23.529504,-46.396026,15,24.931
08460,sao paulo,-23.551894,-46.399271,10,18.3
08461,sao paulo,-23.560295,-46.404194,13,18.099
08465,sao paulo,-23.566335,-46.398145,3,7.128
08470,sao paulo,-23.590133,-46.399077,8,8.2
08471,sao paulo,-23.602209,-46.399757,5,12.173
08472,sao paulo,-23.571042,-46.402469,5,30.53
08473,sao paulo,-23.579539,-46.394314,6,12.75
08474,sao paulo,-23.582174,-46.403328,4,1.813
08475,sao paulo,-23.588425,-46.400318,8,39.9
08485,sao paulo,-23.591158,-46.411672,8,8.108
08490,sao paulo,-23.577364,-46.407737,24,43.533
08500,ferraz de vasconcelos,-23.545186,-46.365562,4,4.393
08501,ferraz de vasconcelos,-23.54171,-46.360756,3,5.413
08502,ferraz de vasconcelos,-23.53884,-46.356869,2,2.55
08503,ferraz de vasconcelos,-23.548036,-46.360319,2,13.75
08504,ferraz de vasconcelos,-23.555928,-46.361668,4,20.9
08505,ferraz de vasconcelos,-23.552821,-46.366521,4,2.3
08506,ferraz de vasconcelos,-23.558795,-46.370551,2,9.66
08507,ferraz de vasconcelos,-23.560657,-46.367777,2,0.643
08508,ferraz de vasconcelos,-23.564348,-46.371407,2,0.85
08510,ferraz de vasconcelos,-23.560029,-46.359833,1,0.75
08525,ferraz de vasconcelos,-23.558258,-46.389759,3,3.4
08526,ferraz de vasconcelos,-23.556273,-46.382394,8,55.033
08527,ferraz de vasconcelos,-23.553359,-46.378715,4,2.127
08528,ferraz de vasconcelos,-23.553994,-46.375097,5,7.985
08529,ferraz de vasconcelos,-23.546806,-46.372943,3,6.174
08530,ferraz de vasconcelos,-23.536728,-46.369634,4,6.676
08531,ferraz de vasconcelos,-23.540315,-46.37301,3,12.1
08532,ferraz de vasconcelos,-23.539104,-46.377649,1,1.8
08533,ferraz de vasconcelos,-23.545918,-46.380012,3,18.463
08534,ferraz de vasconcelos,-23.55066,-46.385377,2,1.8
08535,ferraz de vasconcelos,-23.553227,-46.390068,1,0.117
08536,ferraz de vasconcelos,-23.542374,-46.385438,8,5.35
08537,ferraz de vasconcelos,-23.532853,-46.39143,4,1.4
08538,ferraz de vasconcelos,-23.531737,-46.392345,5,10.525
08539,ferraz de vasconcelos,-23.533046,-46.376267,2,2.05
08540,ferraz de vasconcelos,-23.52102,-46.382085,3,23.05
08542,ferraz de vasconcelos,-23.514924,-46.370296,10,34.55
08543,ferraz de vasconcelos,-23.525038,-46.370649,7,9.383
08544,ferraz de vasconcelos,-23.531807,-46.363401,3,0.749
08545,ferraz de vasconcelos,-23.531741,-46.370903,4,2.4
08550,poa,-23.521809,-46.341002,6,33.396
08551,poa,-23.522125,-46.349028,3,3.25
08552,poa,-23.528211,-46.353863,8,7.604
08553,poa,-23.522031,-46.362955,5,2.692
08554,poa,-23.51449,-46.361101,6,14.961
08555,poa,-23.510481,-46.352456,1,0.4
08556,poa,-23.514846,-46.347777,2,0.65
08557,poa,-23.511022,-46.341723,8,10.796
08558,poa,-23.508769,-46.335174,1,0.1
08559,poa,-23.516775,-46.336434,6,24.385
08560,poa,-23.531783,-46.335327,8,61.275
08561,poa,-23.528074,-46.339986,6,5.507
08562,poa,-23.53098,-46.346238,7,14.137
08563,poa,-23.532921,-46.34951,6,6.913
08564,poa,-23.537686,-46.352183,2,2.75
08565,poa,-23.540686,-46.341216,2,0.678
08566,poa,-23.545378,-46.345559,3,18.016
08567,poa,-23.54892,-46.351958,4,2.811
08568,poa,-23.555247,-46.347062,1,7.85
08570,itaquaquecetuba,-23.476569,-46.35422,2,0.6
08571,itaquaquecetuba,-23.486103,-46.344043,3,3.372
08572,itaquaquecetuba,-23.49952,-46.341728,12,74.241
08573,itaquaquecetuba,-23.492164,-46.350319,18,42.828
08574,itaquaquecetuba,-23.505528,-46.351337,7,17.808
08575,itaquaquecetuba,-23.499194,-46.358124,3,0.9
08576,itaquaquecetuba,-23.488074,-46.357516,12,20.139
08577,itaquaquecetuba,-23.48488,-46.36655,13,28.098
08578,itaquaquecetuba,-23.469877,-46.382907,1,0.2
08579,itaquaquecetuba,-23.461444,-46.375515,5,7.275
08580,itaquaquecetuba,-23.451957,-46.343651,8,4.513
08581,itaquaquecetuba,-23.45764,-46.353653,2,31.6
08582,itaquaquecetuba,-23.449886,-46.358553,3,1.3
08583,itaquaquecetuba,-23.438944,-46.381469,8,10.907
08584,itaquaquecetuba,-23.424719,-46.348214,8,4.879
08587,itaquaquecetuba,-23.429056,-46.316056,9,16.988
08588,itaquaquecetuba,-23.43948,-46.319638,13,46.733
08589,itaquaquecetuba,-23.438993,-46.300996,3,4.05
08590,itaquaquecetuba,-23.438825,-46.276515,2,0.45
08591,itaquaquecetuba,-23.449657,-46.303122,2,0.9
08593,itaquaquecetuba,-23.481824,-46.293828,2,3.6
08594,itaquaquecetuba,-23.487796,-46.30089,6,2.945
08595,itaquaquecetuba,-23.468884,-46.3044,2,6.3
08596,itaquaquecetuba,-23.486638,-46.314697,2,0.6
08597,itaquaquecetuba,-23.46088,-46.317081,2,5.042
08598,itaquaquecetuba,-23.466819,-46.324579,5,7.683
08599,itaquaquecetuba,-23.464926,-46.339534,15,13.625
08610,suzano,-23.541758,-46.300166,10,42.788
08613,suzano,-23.540284,-46.287059,4,6.672
08615,suzano,-23.54775,-46.293749,27,32.831
08616,suzano,-23.556896,-46.292495,7,8.184
08621,suzano,-23.53339,-46.298193,1,0.2
08625,suzano,-23.64356,-46.312578,3,42.55
08630,suzano,-23.655299,-46.328981,8,18.9
08633,suzano,-23.653538,-46.314006,1,3.167
08635,suzano,-23.663928,-46.336623,5,34.175
08640,suzano,-23.63124,-46.32746,3,1.75
08655,suzano,-23.592082,-46.304622,6,5.05
08656,suzano,-23.592972,-46.305705,1,1.5
08660,suzano,-23.559806,-46.33624,1,16.55
08663,suzano,-23.568884,-46.333086,7,19.222
08664,suzano,-23.555719,-46.325878,10,47.945
08665,suzano,-23.559132,-46.313993,12,9.891
08670,suzano,-23.539249,-46.330695,4,1.75
08671,suzano,-23.543479,-46.326723,5,16.833
08673,suzano,-23.53982,-46.317804,21,26.059
08674,suzano,-23.543312,-46.31335,13,25.925
08675,suzano,-23.547895,-46.31045,10,5.536
08676,suzano,-23.553129,-46.305947,11,31.28
08680,suzano,-23.527778,-46.322383,3,24.317
08683,suzano,-23.528548,-46.310632,7,12.624
08685,suzano,-23.522724,-46.305666,6,22.4
08686,suzano,-23.534756,-46.287867,2,2.633
08690,suzano,-23.49777,-46.315902,7,25.15
08693,suzano,-23.502526,-46.305101,5,5.1
08694,suzano,-23.510099,-46.29739,9,4.63
08695,suzano,-23.494634,-46.278603,7,48.725
08696,suzano,-23.508485,-46.290606,14,10.45
08710,mogi das cruzes,-23.523266,-46.194662,23,63.626
08715,mogi das cruzes,-23.528317,-46.186192,6,12.249
08717,mogi das cruzes,-23.538745,-46.191408,22,40.833
08720,mogi das cruzes,-23.540672,-46.179806,6,7.535
08725,mogi das cruzes,-23.55419,-46.184727,11,48.05
08726,mogi das cruzes,-23.559783,-46.179592,1,0.584
08730,mogi das cruzes,-23.536294,-46.200954,18,56.463
08735,mogi das cruzes,-23.534351,-46.211963,10,14.118
08737,mogi das cruzes,-23.541662,-46.204898,11,36.78
08738,mogi das cruzes,-23.552718,-46.200321,7,3.8
08740,mogi das cruzes,-23.543847,-46.215028,7,12.525
08742,mogi das cruzes,-23.55,-46.213671,1,5.9
08743,mogi das cruzes,-23.554536,-46.216686,12,40.211
08744,mogi das cruzes,-23.548288,-46.227118,7,30.643
08745,mogi das cruzes,-23.54732,-46.235163,11,7.794
08747,mogi das cruzes,-23.557855,-46.209772,1,0.1
08750,mogi das cruzes,-23.54875,-46.254487,14,41.401
08752,mogi das cruzes,-23.545033,-46.261847,5,5.5
08753,mogi das cruzes,-23.60496,-46.25021,2,2.4
08760,mogi das cruzes,-23.560954,-46.221171,2,0.55
08761,mogi das cruzes,-23.560667,-46.220811,5,17.725
08762,mogi das cruzes,-23.573777,-46.222627,1,0.25
08763,mogi das cruzes,-23.583289,-46.231354,5,10.726
08765,mogi das cruzes,-23.671756,-46.184128,1,1.2
08766,mogi das cruzes,-23.540348,-46.191203,2,27.65
08767,mogi das cruzes,-23.6411,-46.126473,1,1.3
08770,mogi das cruzes,-23.519554,-46.205798,6,5.4
08771,mogi das cruzes,-23.454557,-46.082898,12,32.367
08772,mogi das cruzes,-23.486161,-46.283916,3,2.6
08773,mogi das cruzes,-23.514004,-46.190545,31,98.03
08774,mogi das cruzes,-23.465664,-46.282403,1,0.7
08775,mogi das cruzes,-23.49739,-46.182342,13,33.642
08780,mogi das cruzes,-23.51993,-46.177134,23,40.828
08790,mogi das cruzes,-23.528219,-46.170068,22,74.483
08793,mogi das cruzes,-23.541149,-46.164247,4,4.074
08795,mogi das cruzes,-23.532549,-46.180005,6,8.473
08810,mogi das cruzes,-23.500584,-46.148428,14,19.913
08820,mogi das cruzes,-23.508848,-46.151605,10,19.95
08830,mogi das cruzes,-23.514854,-46.14079,24,23.062
08840,mogi das cruzes,-23.482467,-46.131706,6,15.13
08850,mogi das cruzes,-23.480695,-46.084497,4,5.833
08880,mogi das cruzes,-23.519976,-46.187566,3,7.2
08900,guararema,-23.413674,-46.035309,11,19.343
08940,biritiba-mirim,-23.572158,-46.04083,10,27.817
08970,salesopolis,-23.530782,-45.849559,10,19.224
09010,santo andre,-23.659182,-46.525142,2,10.65
09015,santo andre,-23.65869,-46.522495,14,26.93
09020,santo andre,-23.662567,-46.527411,11,42.638
09030,santo andre,-23.668751,-46.527123,21,64.051
09040,santo andre,-23.662176,-46.534646,18,51.877
09041,santo andre,-23.663992,-46.538404,17,34.075
09050,santo andre,-23.673327,-46.545288,11,31.935
09051,santo andre,-23.679751,-46.550843,5,3.75
09060,santo andre,-23.666666,-46.549537,32,55.166
09061,santo andre,-23.651046,-46.559673,15,11.75
09070,santo andre,-23.643885,-46.547049,30,73.116
09071,santo andre,-23.651642,-46.547978,10,15.388
09080,santo andre,-23.641517,-46.542105,25,44.308
09090,santo andre,-23.652189,-46.53875,37,55.572
09110,santo andre,-23.669717,-46.505817,12,31.734
09111,santo andre,-23.670474,-46.491082,30,109.604
09112,santo andre,-23.667585,-46.49216,6,22.547
09120,santo andre,-23.679694,-46.495798,15,35.475
09121,santo andre,-23.678744,-46.502815,17,95.755
09130,santo andre,-23.691027,-46.504558,22,17.183
09131,santo andre,-23.694416,-46.496123,1,0.45
09132,santo andre,-23.706622,-46.500337,11,19.449
09133,santo andre,-23.739405,-46.494355,6,13.426
09134,santo andre,-23.730534,-46.479756,5,12.05
09139,santo andre,-23.702515,-46.521858,2,1.75
09160,santo andre,-23.766984,-46.46304,1,0.166
09170,santo andre,-23.709585,-46.509239,12,34.941
09171,santo andre,-23.701715,-46.512672,13,38.717
09172,santo andre,-23.694704,-46.511497,15,34.075
09175,santo andre,-23.687095,-46.517696,7,7.492
09176,santo andre,-23.679574,-46.518634,5,13.625
09180,santo andre,-23.69436,-46.523334,23,24.337
09181,santo andre,-23.682683,-46.525334,13,11.944
09182,santo andre,-23.697697,-46.530049,7,27.167
09185,santo andre,-23.683179,-46.536114,22,51.201
09190,santo andre,-23.673746,-46.53831,26,78.899
09195,santo andre,-23.675316,-46.515116,25,59.272
09210,santo andre,-23.637416,-46.528319,17,47.034
09220,santo andre,-23.622995,-46.537668,21,38.251
09230,santo andre,-23.619856,-46.528458,28,63.429
09240,santo andre,-23.629082,-46.524254,23,36.138
09241,santo andre,-23.632602,-46.51874,4,5.896
09250,santo andre,-23.624258,-46.515042,11,18.025
09251,santo andre,-23.63038,-46.506802,5,4.076
09260,santo andre,-23.631232,-46.495905,30,43.734
09270,santo andre,-23.638749,-46.492312,17,25.325
09271,santo andre,-23.641877,-46.501961,25,79.063
09274,santo andre,-23.656604,-46.497594,1,0.277
09280,santo andre,-23.640079,-46.515448,27,57.883
09290,santo andre,-23.64866,-46.508844,18,32.277
09291,santo andre,-23.645438,-46.520229,6,3.965
09310,maua,-23.669812,-46.450817,26,50.843
09311,maua,-23.678197,-46.450358,1,0.2
09320,maua,-23.659899,-46.442171,23,65.39
09321,maua,-23.648068,-46.435699,22,81.812
09330,maua,-23.66131,-46.42193,25,76.931
09331,maua,-23.673131,-46.419905,2,6.75
09332,maua,-23.657647,-46.417757,5,7.85
09333,maua,-23.648646,-46.415789,1,1.35
09334,maua,-23.667086,-46.408624,1,1.7
09335,maua,-23.665706,-46.416953,4,1.6
09336,maua,-23.660546,-46.411148,1,2.65
09340,maua,-23.671743,-46.43022,7,14.666
09341,maua,-23.677645,-46.418716,14,47.134
09350,maua,-23.68118,-46.444127,17,43.042
09351,maua,-23.684855,-46.438063,28,44.733
09360,maua,-23.685912,-46.45659,17,27.333
09361,maua,-23.698287,-46.457226,14,19.577
09370,maua,-23.675383,-46.464092,18,18.419
09371,maua,-23.670394,-46.475157,56,69.483
09372,maua,-23.692129,-46.465142,1,0.1
09380,maua,-23.636089,-46.478335,11,11.772
09381,maua,-23.658487,-46.464819,2,10.025
09390,maua,-23.655257,-46.453895,20,61.421
09391,maua,-23.650625,-46.44676,1,0.65
09400,ribeirao pires,-23.711546,-46.412638,9,3.041
09401,ribeirao pires,-23.704715,-46.410208,3,6.7
09402,ribeirao pires,-23.704247,-46.414902,6,3.193
09403,ribeirao pires,-23.693594,-46.43795,10,13.289
09404,ribeirao pires,-23.68294,-46.41666,3,2.184
09405,ribeirao pires,-23.701083,-46.402815,6,10.732
09406,ribeirao pires,-23.710244,-46.400874,7,5.967
09407,ribeirao pires,-23.703194,-46.38796,3,1.0
09410,ribeirao pires,-23.711462,-46.38903,1,11.15
09411,ribeirao pires,-23.718602,-46.395361,4,7.95
09412,ribeirao pires,-23.732498,-46.417723,4,6.655
09415,ribeirao pires,-23.755614,-46.441416,4,3.55
09416,ribeirao pires,-23.737995,-46.442775,3,1.125
09420,ribeirao pires,-23.719177,-46.413111,6,19.466
09421,ribeirao pires,-23.722609,-46.420202,3,0.413
09422,ribeirao pires,-23.723082,-46.429198,2,0.85
09423,ribeirao pires,-23.720697,-46.425851,3,2.05
09424,ribeirao pires,-23.714136,-46.417583,1,0.283
09425,ribeirao pires,-23.709007,-46.427645,4,4.816
09426,ribeirao pires,-23.704906,-46.435185,1,1.9
09430,ribeirao pires,-23.696486,-46.393133,4,20.25
09431,ribeirao pires,-23.692015,-46.382029,4,1.35
09432,ribeirao pires,-23.6884,-46.391915,1,0.2
09434,ribeirao pires,-23.659093,-46.371227,5,10.25
09435,ribeirao pires,-23.654027,-46.364226,3,13.9
09440,ribeirao pires,-23.684978,-46.365951,1,1.15
09441,ribeirao pires,-23.685267,-46.376632,3,3.744
09443,ribeirao pires,-23.680029,-46.350012,2,12.204
09445,ribeirao pires,-23.704828,-46.364083,1,0.438
09450,rio grande da serra,-23.745568,-46.396087,25,79.313
09510,sao caetano do sul,-23.615042,-46.571639,10,14.683
09520,sao caetano do sul,-23.60753,-46.570925,14,27.0
09521,sao caetano do sul,-23.613894,-46.57446,6,8.187
09530,sao caetano do sul,-23.62199,-46.574353,25,46.425
09531,sao caetano do sul,-23.618209,-46.570545,11,38.616
09540,sao caetano do sul,-23.623991,-46.566781,38,90.022
09541,sao caetano do sul,-23.620032,-46.564027,25,43.776
09550,sao caetano do sul,-23.618397,-46.55132,21,30.472
09551,sao caetano do sul,-23.62352,-46.552516,11,39.146
09560,sao caetano do sul,-23.632771,-46.554293,25,33.032
09561,sao caetano do sul,-23.639211,-46.556991,3,0.9
09570,sao caetano do sul,-23.634063,-46.562866,11,59.576
09571,sao caetano do sul,-23.63644,-46.564722,18,46.203
09572,sao caetano do sul,-23.642501,-46.561404,18,51.196
09580,sao caetano do sul,-23.642799,-46.571837,24,52.067
09581,sao caetano do sul,-23.635235,-46.578063,12,10.068
09600,sao bernardo do campo,-23.672225,-46.555776,1,0.15
09601,sao bernardo do campo,-23.671956,-46.559181,8,10.558
09603,sao bernardo do campo,-23.662472,-46.564177,1,0.4
09606,sao bernardo do campo,-23.676101,-46.561733,1,0.317
09607,sao bernardo do campo,-23.673458,-46.560797,2,0.6
09613,sao bernardo do campo,-23.670967,-46.564802,2,0.65
09614,sao bernardo do campo,-23.669501,-46.555866,1,0.282
09615,sao bernardo do campo,-23.665232,-46.556198,3,4.1
09616,sao bernardo do campo,-23.662683,-46.559028,5,3.05
09617,sao bernardo do campo,-23.668123,-46.558818,3,5.588
09618,sao bernardo do campo,-23.668262,-46.565392,4,10.388
09619,sao bernardo do campo,-23.665948,-46.564601,7,29.717
09620,sao bernardo do campo,-23.66751,-46.570779,2,0.75
09621,sao bernardo do campo,-23.66428,-46.571697,1,0.127
09623,sao bernardo do campo,-23.661033,-46.57292,2,9.15
09624,sao bernardo do campo,-23.656262,-46.574037,3,2.45
09625,sao bernardo do campo,-23.661003,-46.566641,5,21.464
09626,sao bernardo do campo,-23.657882,-46.570165,4,2.931
09627,sao bernardo do campo,-23.658239,-46.566403,3,6.798
09628,sao bernardo do campo,-23.661487,-46.564162,1,0.17
09629,sao bernardo do campo,-23.656597,-46.566733,2,1.25
09631,sao bernardo do campo,-23.659004,-46.561595,3,0.7
09633,sao bernardo do campo,-23.654216,-46.566873,1,0.35
09634,sao bernardo do campo,-23.652483,-46.569004,2,0.75
09635,sao bernardo do campo,-23.652,-46.570995,17,24.313
09636,sao bernardo do campo,-23.652455,-46.574131,2,5.7
09640,sao bernardo do campo,-23.655731,-46.574973,3,1.16
09641,sao bernardo do campo,-23.651542,-46.576708,4,3.35
09651,sao bernardo do campo,-23.658379,-46.58046,1,1.0
09655,sao bernardo do campo,-23.654056,-46.592719,4,7.65
09656,sao bernardo do campo,-23.658558,-46.60333,1,1.5
09657,sao bernardo do campo,-23.667176,-46.609577,1,0.75
09660,sao bernardo do campo,-23.654115,-46.594801,5,3.93
09661,sao bernardo do campo,-23.660937,-46.596233,5,18.885
09662,sao bernardo do campo,-23.661298,-46.599164,1,1.25
09663,sao bernardo do campo,-23.655277,-46.598542,6,7.334
09664,sao bernardo do campo,-23.65728,-46.601671,2,1.1
09666,sao bernardo do campo,-23.659262,-46.60628,2,1.425
09667,sao bernardo do campo,-23.661857,-46.609213,4,5.025
09668,sao bernardo do campo,-23.66351,-46.611642,10,9.533
09669,sao bernardo do campo,-23.661976,-46.607149,1,0.4
09670,sao bernardo do campo,-23.66141,-46.604056,1,5.347
09671,sao bernardo do campo,-23.664405,-46.605956,3,12.6
09672,sao bernardo do campo,-23.660645,-46.602328,1,0.375
09682,sao bernardo do campo,-23.668263,-46.597941,4,15.483
09683,sao bernardo do campo,-23.667704,-46.596029,4,8.517
09684,sao bernardo do campo,-23.666852,-46.594159,1,0.3
09685,sao bernardo do campo,-23.665247,-46.59173,2,4.183
09686,sao bernardo do campo,-23.668431,-46.592918,2,0.903
09687,sao bernardo do campo,-23.673738,-46.594798,4,2.383
09688,sao bernardo do campo,-23.673002,-46.592751,4,3.042
09689,sao bernardo do campo,-23.667535,-46.591375,4,8.225
09690,sao bernardo do campo,-23.674107,-46.59123,6,5.325
09691,sao bernardo do campo,-23.669874,-46.588837,5,7.5
09692,sao bernardo do campo,-23.669209,-46.585826,2,0.95
09693,sao bernardo do campo,-23.664897,-46.589436,1,0.55
09696,sao bernardo do campo,-23.67487,-46.55762,1,1.7
09710,sao bernardo do campo,-23.710735,-46.549281,26,43.785
09715,sao bernardo do campo,-23.71555,-46.545667,13,22.077
09720,sao bernardo do campo,-23.717189,-46.553588,20,21.537
09721,sao bernardo do campo,-23.72055,-46.5476,8,5.175
09725,sao bernardo do campo,-23.707854,-46.55618,37,54.347
09726,sao bernardo do campo,-23.685734,-46.561585,19,29.535
09732,sao bernardo do campo,-23.682513,-46.560786,6,5.074
09750,sao bernardo do campo,-23.686985,-46.552552,31,69.094
09751,sao bernardo do campo,-23.691772,-46.54455,26,61.137
09760,sao bernardo do campo,-23.698845,-46.543053,20,60.397
09761,sao bernardo do campo,-23.70816,-46.526714,14,11.116
09762,sao bernardo do campo,-23.706393,-46.521092,1,0.667
09765,sao bernardo do campo,-23.709692,-46.526107,1,0.85
09770,sao bernardo do campo,-23.708509,-46.542855,19,26.763
09771,sao bernardo do campo,-23.702878,-46.544336,18,24.985
09772,sao bernardo do campo,-23.709003,-46.530536,1,0.3
09780,sao bernardo do campo,-23.71627,-46.537252,19,54.536
09781,sao bernardo do campo,-23.727267,-46.533108,22,28.061
09782,sao bernardo do campo,-23.728397,-46.532959,3,6.74
09783,sao bernardo do campo,-23.725703,-46.526775,3,6.669
09784,sao bernardo do campo,-23.71893,-46.524643,7,27.35
09785,sao bernardo do campo,-23.711178,-46.529053,2,0.35
09790,sao bernardo do campo,-23.727299,-46.542631,19,51.931
09791,sao bernardo do campo,-23.740626,-46.53052,17,37.702
09792,sao bernardo do campo,-23.757162,-46.530522,3,15.333
09810,sao bernardo do campo,-23.719823,-46.564918,14,28.755
09811,sao bernardo do campo,-23.727205,-46.559851,23,59.83
09812,sao bernardo do campo,-23.724049,-46.569638,15,22.66
09820,sao bernardo do campo,-23.740965,-46.554997,41,62.435
09821,sao bernardo do campo,-23.751842,-46.555288,3,3.538
09822,sao bernardo do campo,-23.761336,-46.53863,1,0.2
09830,sao bernardo do campo,-23.780708,-46.531407,2,7.175
09831,sao bernardo do campo,-23.793075,-46.538863,7,6.794
09832,sao bernardo do campo,-23.775323,-46.51838,1,1.45
09837,sao bernardo do campo,-23.825459,-46.567763,1,6.4
09840,sao bernardo do campo,-23.737873,-46.574517,20,54.176
09841,sao bernardo do campo,-23.74247,-46.577834,7,5.369
09842,sao bernardo do campo,-23.753179,-46.594323,9,4.3
09843,sao bernardo do campo,-23.773182,-46.596898,5,1.95
09844,sao bernardo do campo,-23.755204,-46.579434,3,2.8
09845,sao bernardo do campo,-23.744391,-46.570698,2,3.183
09846,sao bernardo do campo,-23.734006,-46.575351,4,1.377
09847,sao bernardo do campo,-23.770979,-46.58796,4,2.283
09850,sao bernardo do campo,-23.726508,-46.579966,28,82.809
09851,sao bernardo do campo,-23.715461,-46.591243,12,11.258
09852,sao bernardo do campo,-23.733129,-46.596981,15,10.633
09853,sao bernardo do campo,-23.73653,-46.594076,11,18.822
09854,sao bernardo do campo,-23.758929,-46.600124,15,27.234
09855,sao bernardo do campo,-23.732644,-46.588925,10,23.979
09856,sao bernardo do campo,-23.735051,-46.607932,2,0.3
09857,sao bernardo do campo,-23.749528,-46.620334,2,4.025
09860,sao bernardo do campo,-23.704274,-46.577708,6,73.182
09861,sao bernardo do campo,-23.710015,-46.581744,26,53.801
09862,sao bernardo do campo,-23.701554,-46.582891,8,43.75
09890,sao bernardo do campo,-23.69467,-46.568027,17,54.78
09891,sao bernardo do campo,-23.685106,-46.570798,7,26.4
09892,sao bernardo do campo,-23.682701,-46.575832,11,17.542
09894,sao bernardo do campo,-23.677321,-46.576192,1,0.95
09895,sao bernardo do campo,-23.705405,-46.569924,34,108.78
09896,sao bernardo do campo,-23.703917,-46.566332,8,8.7
09910,diadema,-23.690298,-46.629656,40,53.034
09911,diadema,-23.68828,-46.619752,19,26.196
09912,diadema,-23.689033,-46.616067,10,37.317
09913,diadema,-23.68049,-46.629577,7,7.8
09920,diadema,-23.682408,-46.623604,21,37.496
09921,diadema,-23.681297,-46.612605,7,15.8
09930,diadema,-23.670207,-46.616682,13,26.789
09931,diadema,-23.666086,-46.622877,11,7.788
09932,diadema,-23.665151,-46.616633,5,11.491
09940,diadema,-23.669094,-46.604,6,9.625
09941,diadema,-23.678105,-46.602306,17,47.879
09942,diadema,-23.683983,-46.598044,1,0.15
09950,diadema,-23.684371,-46.585463,25,57.271
09951,diadema,-23.689009,-46.588955,16,33.593
09952,diadema,-23.692211,-46.598478,2,6.878
09960,diadema,-23.694789,-46.598128,13,54.292
09961,diadema,-23.700678,-46.595455,10,23.915
09962,diadema,-23.700697,-46.598132,2,1.845
09971,diadema,-23.725446,-46.620168,5,19.35
09972,diadema,-23.721364,-46.618038,3,15.517
09973,diadema,-23.718476,-46.616815,4,4.333
09974,diadema,-23.723369,-46.611786,2,0.85
09980,diadema,-23.705882,-46.612134,6,7.467
09981,diadema,-23.710301,-46.607814,2,0.9
09990,diadema,-23.697404,-46.619808,16,27.155
09991,diadema,-23.694382,-46.611004,5,6.985
09992,diadema,-23.700131,-46.623449,1,0.2
09993,diadema,-23.703486,-46.620906,7,17.241
11010,santos,-23.933241,-46.329427,8,36.332
11013,santos,-23.937018,-46.32475,17,28.244
11015,santos,-23.952467,-46.31985,43,152.222
11020,santos,-23.968042,-46.305237,22,165.21
11025,santos,-23.970844,-46.307559,46,98.209
11030,santos,-23.984798,-46.300849,81,211.779
11035,santos,-23.980398,-46.304571,36,52.898
11040,santos,-23.972212,-46.314587,40,98.31
11045,santos,-23.97039,-46.322346,51,180.326
11050,santos,-23.956884,-46.32677,21,46.118
11055,santos,-23.966112,-46.328976,42,112.52
11060,santos,-23.964029,-46.333342,40,119.983
11065,santos,-23.966109,-46.342984,78,188.634
11070,santos,-23.956915,-46.346235,51,189.168
11075,santos,-23.955266,-46.338259,69,173.608
11080,santos,-23.943189,-46.352104,4,1.95
11081,santos,-23.933036,-46.343074,2,0.35
11082,santos,-23.937933,-46.339833,1,0.6
11085,santos,-23.934048,-46.356381,15,24.361
11086,santos,-23.945074,-46.374578,5,6.85
11088,santos,-23.940777,-46.384211,8,16.508
11089,santos,-23.939803,-46.369556,6,22.925
11090,santos,-23.937349,-46.376399,4,5.7
11095,santos,-23.927223,-46.382788,10,19.137
11250,bertioga,-23.826969,-46.118667,47,138.812
11310,sao vicente,-23.967894,-46.385963,31,34.312
11320,sao vicente,-23.969545,-46.371917,37,66.972
11325,sao vicente,-23.988053,-46.393038,5,9.293
11330,sao vicente,-23.96834,-46.399847,3,7.95
11335,sao vicente,-23.965224,-46.409745,4,0.693
11340,sao vicente,-23.95763,-46.407332,8,14.864
11345,sao vicente,-23.991127,-46.488078,2,0.35
11346,sao vicente,-23.984376,-46.488223,5,2.066
11347,sao vicente,-23.981414,-46.469617,7,34.367
11348,sao vicente,-23.954472,-46.460432,2,2.167
11350,sao vicente,-23.944091,-46.415274,5,27.158
11355,sao vicente,-23.951546,-46.406249,10,38.163
11360,sao vicente,-23.944789,-46.397738,4,12.7
11365,sao vicente,-23.954557,-46.394917,4,16.967
11370,sao vicente,-23.955989,-46.381134,8,19.01
11380,sao vicente,-23.960035,-46.37233,12,40.084
11390,sao vicente,-23.962378,-46.381082,10,27.45
11410,guaruja,-23.996428,-46.259358,23,53.761
11420,guaruja,-24.008543,-46.272942,26,81.658
11421,guaruja,-24.014652,-46.282335,2,0.65
11425,guaruja,-23.997523,-46.303119,4,0.782
11430,guaruja,-23.994072,-46.286318,8,14.109
11431,guaruja,-23.995671,-46.278623,10,27.354
11432,guaruja,-23.988411,-46.271511,18,21.378
11435,guaruja,-23.976493,-46.260472,2,1.45
11436,guaruja,-23.973237,-46.249403,5,12.625
11440,guaruja,-23.984515,-46.241799,19,65.047
11441,guaruja,-23.97911,-46.227707,9,27.817
11442,guaruja,-23.978653,-46.221005,8,7.458
11443,guaruja,-23.980729,-46.204419,14,35.218
11444,guaruja,-23.972677,-46.189565,5,3.4
11446,guaruja,-23.939633,-46.182821,9,14.385
11450,guaruja,-23.941439,-46.302795,5,14.25
11451,guaruja,-23.943484,-46.291702,10,11.903
11453,guaruja,-23.936324,-46.287044,3,2.95
11454,guaruja,-23.946649,-46.281153,5,42.05
11460,guaruja,-23.948815,-46.288365,7,7.716
11461,guaruja,-23.950665,-46.285519,3,8.3
11462,guaruja,-23.954385,-46.28585,2,1.15
11463,guaruja,-23.95158,-46.298002,1,0.342
11470,guaruja,-23.959561,-46.281544,4,22.4
11471,guaruja,-23.964723,-46.279521,5,9.594
11472,guaruja,-23.973678,-46.273833,2,12.25
11473,guaruja,-23.95312,-46.291039,1,0.1
11495,guaruja,-23.96327,-46.252772,6,8.125
11497,guaruja,-23.963519,-46.244825,1,7.0
11500,cubatao,-23.880712,-46.416442,16,30.431
11510,cubatao,-23.886712,-46.422752,2,10.938
11515,cubatao,-23.889519,-46.429371,2,8.575
11520,cubatao,-23.894746,-46.423611,11,10.075
11523,cubatao,-23.904758,-46.424166,4,13.55
11525,cubatao,-23.894178,-46.427793,5,3.6
11530,cubatao,-23.930661,-46.399883,5,4.45
11531,cubatao,-23.924514,-46.405925,3,5.161
11533,cubatao,-23.928434,-46.410112,15,17.925
11534,cubatao,-23.920069,-46.427403,6,36.95
11535,cubatao,-23.933601,-46.430508,3,2.21
11538,cubatao,-23.89957,-46.434031,1,0.85
11540,cubatao,-23.874425,-46.446703,1,0.35
11542,cubatao,-23.912224,-46.463736,2,0.75
11543,cubatao,-23.882323,-46.452097,2,1.374
11600,sao sebastiao,-23.773845,-45.439882,1,0.417
11601,sao sebastiao,-23.717954,-45.432823,1,1.65
11602,sao sebastiao,-23.727634,-45.424519,2,6.45
11605,sao sebastiao,-23.772803,-45.404723,1,2.5
11606,sao sebastiao,-23.780823,-45.40205,2,11.05
11608,sao sebastiao,-23.801913,-45.401024,6,2.666
11609,sao sebastiao,-23.801168,-45.405005,4,7.55
11610,sao sebastiao,-23.809004,-45.414031,4,3.175
11611,sao sebastiao,-23.813739,-45.418104,3,18.3
11612,sao sebastiao,-23.823783,-45.434388,3,3.718
11617,sao sebastiao,-23.79954,-45.547785,1,1.8
11618,sao sebastiao,-23.782945,-45.621964,3,6.988
11619,sao sebastiao,-23.775463,-45.647132,3,3.0
11621,sao sebastiao,-23.773578,-45.675421,1,4.825
11622,sao sebastiao,-23.771255,-45.691734,4,27.05
11623,sao sebastiao,-23.765753,-45.730009,5,5.08
11624,sao sebastiao,-23.760293,-45.763862,4,6.75
11628,sao sebastiao,-23.789683,-45.560348,7,18.15
11629,sao sebastiao,-23.7581,-45.414045,1,3.305
11630,ilhabela,-23.819716,-45.364853,44,77.015
11660,caraguatatuba,-23.622445,-45.414173,14,37.723
11661,caraguatatuba,-23.619845,-45.400766,8,8.219
11662,caraguatatuba,-23.622714,-45.385727,4,27.823
11664,caraguatatuba,-23.613962,-45.392572,1,1.7
11665,caraguatatuba,-23.633373,-45.42508,9,15.353
11666,caraguatatuba,-23.668786,-45.437287,5,4.75
11667,caraguatatuba,-23.68463,-45.436004,6,6.2
11668,caraguatatuba,-23.713568,-45.440212,4,17.692
11669,caraguatatuba,-23.699274,-45.445154,4,6.65
11670,caraguatatuba,-23.688636,-45.447092,4,11.375
11671,caraguatatuba,-23.677412,-45.45002,2,4.65
11672,caraguatatuba,-23.662778,-45.438921,1,6.05
11673,caraguatatuba,-23.637591,-45.436222,4,1.282
11674,caraguatatuba,-23.629106,-45.433348,5,17.2
11675,caraguatatuba,-23.614218,-45.427307,3,2.475
11676,caraguatatuba,-23.602574,-45.353618,2,1.5
11677,caraguatatuba,-23.579326,-45.334357,6,30.688
11679,caraguatatuba,-23.575942,-45.295512,1,0.9
11680,ubatuba,-23.441645,-45.077753,72,151.871
11700,praia grande,-24.010703,-46.406196,46,127.817
11701,praia grande,-24.00921,-46.419371,36,92.669
11702,praia grande,-24.01454,-46.438407,50,146.666
11703,praia grande,-24.020615,-46.459866,17,20.302
11704,praia grande,-24.026457,-46.477847,38,55.889
11705,praia grande,-24.036558,-46.504606,21,44.245
11706,praia grande,-24.047534,-46.526274,12,41.46
11707,praia grande,-24.054855,-46.540958,4,1.803
11708,praia grande,-24.067457,-46.568807,2,0.5
11709,praia grande,-24.078249,-46.588685,6,8.633
11710,praia grande,-24.076505,-46.593405,1,1.25
11711,praia grande,-24.058894,-46.560427,3,2.65
11712,praia grande,-24.03596,-46.530192,10,19.115
11713,praia grande,-24.030356,-46.522751,12,43.719
11714,praia grande,-24.025818,-46.510929,3,3.35
11717,praia grande,-24.022405,-46.49709,5,15.35
11718,praia grande,-24.016492,-46.48182,3,5.527
11719,praia grande,-24.014803,-46.465577,2,1.9
11721,praia grande,-24.010654,-46.453014,3,2.544
11722,praia grande,-24.001611,-46.449189,8,46.096
11723,praia grande,-24.003277,-46.444065,2,44.85
11724,praia grande,-24.00204,-46.430704,3,3.9
11725,praia grande,-23.997416,-46.422261,9,9.781
11730,mongagua,-24.112863,-46.667482,41,184.728
11740,itanhaem,-24.179856,-46.790496,74,181.966
11750,peruibe,-24.306218,-46.991714,43,220.067
11760,itariri,-24.289992,-47.174499,6,17.2
11790,pedro de toledo,-24.276876,-47.234097,8,26.996
11800,juquia,-24.316572,-47.635112,9,16.398
11850,miracatu,-24.28441,-47.454631,5,13.855
11900,registro,-24.498159,-47.844494,45,139.563
11910,sete barras,-24.3853,-47.927558,4,1.995
11920,iguape,-24.706446,-47.560697,14,37.668
11925,ilha comprida,-24.739537,-47.546999,3,0.75
11930,pariquera-acu,-24.714546,-47.882223,15,46.65
11940,jacupiranga,-24.70182,-48.00579,5,24.418
11950,cajati,-24.726901,-48.109872,16,35.563
11955,barra do turvo,-24.758294,-48.50547,3,17.45
11960,eldorado,-24.522633,-48.10818,5,13.05
11990,cananeia,-25.010198,-47.930824,8,18.5
12010,taubate,-23.032385,-45.558749,13,16.139
12020,taubate,-23.024999,-45.557221,12,18.356
12030,taubate,-23.032122,-45.569423,26,96.13
12031,taubate,-23.039113,-45.581122,16,17.26
12032,taubate,-23.045795,-45.595306,2,0.6
12040,taubate,-23.030237,-45.59166,15,40.273
12041,taubate,-23.026685,-45.576396,6,44.0
12042,taubate,-23.038945,-45.610224,7,19.871
12043,taubate,-23.02668,-45.621819,8,25.996
12050,taubate,-23.020355,-45.571413,9,14.325
12051,taubate,-23.011362,-45.585644,4,18.913
12052,taubate,-23.010602,-45.56848,8,19.413
12053,taubate,-23.003432,-45.576672,8,6.701
12060,taubate,-23.015681,-45.558376,12,26.027
12061,taubate,-23.003187,-45.558866,16,29.766
12062,taubate,-23.002893,-45.549201,10,57.053
12070,taubate,-23.01692,-45.5417,13,21.96
12071,taubate,-23.005376,-45.530115,12,37.825
12072,taubate,-23.007571,-45.521718,5,7.4
12080,taubate,-23.023814,-45.549993,15,67.584
12081,taubate,-23.027535,-45.533574,5,5.4
12082,taubate,-23.036145,-45.545761,5,11.55
12086,taubate,-23.047083,-45.516382,4,7.2
12090,taubate,-23.046173,-45.555102,12,8.328
12091,taubate,-23.045278,-45.567288,7,5.325
12092,taubate,-23.056408,-45.585252,7,2.647
12093,taubate,-23.067933,-45.569297,2,1.175
12095,taubate,-23.075432,-45.538304,1,2.15
12120,tremembe,-22.972499,-45.545758,38,66.906
12130,lagoinha,-23.090595,-45.191155,3,12.288
12140,sao luis do paraitinga,-23.222434,-45.30908,3,11.985
12170,redencao da serra,-23.27991,-45.534518,1,0.325
12180,natividade da serra,-23.377336,-45.444302,1,1.4
12209,sao jose dos campos,-23.17744,-45.885721,9,23.931
12210,sao jose dos campos,-23.183391,-45.884815,7,13.188
12211,sao jose dos campos,-23.163531,-45.892706,13,42.583
12212,sao jose dos campos,-23.158665,-45.90329,8,11.89
12213,sao jose dos campos,-23.145544,-45.910975,5,6.988
12214,sao jose dos campos,-23.164426,-45.915617,7,34.895
12215,sao jose dos campos,-23.184481,-45.87242,16,24.204
12216,sao jose dos campos,-23.196039,-45.8805,15,47.708
12220,sao jose dos campos,-23.179392,-45.855547,20,74.453
12221,sao jose dos campos,-23.171736,-45.840391,14,21.154
12223,sao jose dos campos,-23.179279,-45.829068,12,10.139
12224,sao jose dos campos,-23.17274,-45.815156,13,18.533
12225,sao jose dos campos,-23.193021,-45.789542,20,41.561
12226,sao jose dos campos,-23.208464,-45.802049,13,12.25
12227,sao jose dos campos,-23.210871,-45.853797,16,36.174
12228,sao jose dos campos,-23.25512,-45.828536,10,13.842
12229,sao jose dos campos,-23.271259,-45.866151,9,8.067
12230,sao jose dos campos,-23.222304,-45.887972,39,45.516
12231,sao jose dos campos,-23.225916,-45.880032,9,18.23
12232,sao jose dos campos,-23.265431,-45.884693,18,32.5
12233,sao jose dos campos,-23.243924,-45.887502,45,76.747
12234,sao jose dos campos,-23.282158,-45.895638,7,16.7
12235,sao jose dos campos,-23.232655,-45.902218,27,82.756
12236,sao jose dos campos,-23.25086,-45.898584,34,74.939
12237,sao jose dos campos,-23.241955,-45.913521,24,75.193
12238,sao jose dos campos,-23.256033,-45.916743,7,84.742
12239,sao jose dos campos,-23.267595,-45.902683,15,72.325
12240,sao jose dos campos,-23.22536,-45.913976,14,43.354
12241,sao jose dos campos,-23.232384,-45.925335,18,23.375
12242,sao jose dos campos,-23.200778,-45.908388,32,55.192
12243,sao jose dos campos,-23.20415,-45.898105,50,110.883
12244,sao jose dos campos,-23.200073,-45.948491,23,60.478
12245,sao jose dos campos,-23.197405,-45.888924,23,43.276
12246,sao jose dos campos,-23.218175,-45.908194,46,109.881
12247,sao jose dos campos,-23.140895,-45.777471,13,15.757
12248,sao jose dos campos,-23.171412,-45.795145,16,32.623
12260,paraibuna,-23.388935,-45.663568,10,45.622
12270,jambeiro,-23.25455,-45.694162,4,4.55
12280,cacapava,-23.093509,-45.70354,15,58.722
12281,cacapava,-23.104086,-45.706198,8,11.435
12282,cacapava,-23.102423,-45.699283,5,3.95
12283,cacapava,-23.102304,-45.683003,4,11.6
12284,cacapava,-23.114978,-45.700836,1,1.2
12285,cacapava,-23.12219,-45.711459,8,8.43
12286,cacapava,-23.110131,-45.719861,10,13.685
12287,cacapava,-23.106353,-45.713306,9,5.55
12288,cacapava,-23.0925,-45.711509,5,2.191
12289,cacapava,-23.070513,-45.71698,4,8.5
12294,cacapava,-23.136282,-45.721676,2,3.926
12297,cacapava,-23.08787,-45.690071,1,0.25
12301,jacarei,-23.266962,-45.93985,14,21.263
12302,jacarei,-23.270172,-45.929678,1,0.55
12305,jacarei,-23.274682,-45.948002,7,39.613
12306,jacarei,-23.288409,-45.948275,7,14.95
12307,jacarei,-23.297219,-45.956178,9,14.159
12308,jacarei,-23.303953,-45.962589,13,10.634
12309,jacarei,-23.310005,-45.958036,9,10.863
12310,jacarei,-23.298042,-45.946964,7,18.393
12311,jacarei,-23.281344,-45.9415,4,24.425
12312,jacarei,-23.301767,-45.931033,14,32.424
12315,jacarei,-23.317924,-45.926052,7,12.1
12316,jacarei,-23.316711,-45.941078,5,18.625
12318,jacarei,-23.314541,-45.953243,1,4.8
12319,jacarei,-23.324047,-45.970463,3,8.5
12320,jacarei,-23.313943,-45.974806,13,30.463
12321,jacarei,-23.297248,-45.984968,5,13.25
12322,jacarei,-23.310846,-45.98342,4,2.4
12323,jacarei,-23.326012,-45.99524,6,10.536
12324,jacarei,-23.312669,-46.004917,14,23.608
12325,jacarei,-23.305413,-46.015498,1,0.48
12327,jacarei,-23.302661,-45.97284,19,26.175
12328,jacarei,-23.289054,-45.96374,16,15.73
12329,jacarei,-23.285435,-45.937807,1,0.1
12330,jacarei,-23.297639,-46.034958,1,0.7
12333,jacarei,-23.224256,-46.069908,1,22.35
12334,jacarei,-23.280962,-46.006091,1,3.55
12335,jacarei,-23.262081,-45.964975,4,2.73
12341,jacarei,-23.293576,-45.985105,1,1.025
12350,igarata,-23.206384,-46.154475,5,3.905
12380,santa branca,-23.398577,-45.884859,9,26.678
12400,pindamonhangaba,-22.926252,-45.462642,8,38.675
12401,pindamonhangaba,-22.922009,-45.464476,3,2.03
12402,pindamonhangaba,-22.918016,-45.448278,7,19.7
12403,pindamonhangaba,-22.922009,-45.448194,5,8.91
12405,pindamonhangaba,-22.924139,-45.438295,3,1.85
12410,pindamonhangaba,-22.934479,-45.456688,9,6.225
12411,pindamonhangaba,-22.932407,-45.43573,5,7.35
12412,pindamonhangaba,-22.953699,-45.459079,12,15.963
12413,pindamonhangaba,-22.947107,-45.418474,2,2.55
12414,pindamonhangaba,-22.944551,-45.407853,6,17.575
12420,pindamonhangaba,-22.943925,-45.464444,4,6.1
12421,pindamonhangaba,-22.952472,-45.481367,3,8.65
12422,pindamonhangaba,-22.936669,-45.473705,10,18.25
12423,pindamonhangaba,-22.946378,-45.502772,2,2.85
12424,pindamonhangaba,-22.95766,-45.48932,3,9.875
12425,pindamonhangaba,-22.931416,-45.476299,3,4.55
12440,pindamonhangaba,-22.913469,-45.369963,3,0.9
12441,pindamonhangaba,-22.921905,-45.362186,1,0.5
12442,pindamonhangaba,-22.942618,-45.377135,1,1.475
12443,pindamonhangaba,-22.896895,-45.371151,3,4.142
12444,pindamonhangaba,-22.897079,-45.378981,2,0.3
12445,pindamonhangaba,-22.888804,-45.374064,2,0.45
12446,pindamonhangaba,-22.88617,-45.368174,1,2.7
12450,santo antonio do pinhal,-22.825118,-45.667313,2,17.475
12460,campos do jordao,-22.738017,-45.587062,25,64.588
12490,sao bento do sapucai,-22.688145,-45.732725,7,14.225
12500,guaratingueta,-22.814893,-45.192779,4,11.8
12501,guaratingueta,-22.818294,-45.194658,3,25.009
12502,guaratingueta,-22.815012,-45.183611,7,21.107
12503,guaratingueta,-22.826828,-45.189777,6,12.541
12505,guaratingueta,-22.814007,-45.19883,4,10.983
12506,guaratingueta,-22.803776,-45.210164,3,1.883
12507,guaratingueta,-22.806467,-45.238945,3,17.857
12509,guaratingueta,-22.796665,-45.22485,3,2.33
12510,guaratingueta,-22.787125,-45.22849,2,10.625
12511,guaratingueta,-22.801212,-45.206218,2,0.4
12512,guaratingueta,-22.773042,-45.209772,6,46.9
12513,guaratingueta,-22.7809,-45.198668,5,19.238
12514,guaratingueta,-22.796399,-45.197155,5,37.733
12515,guaratingueta,-22.806655,-45.192827,15,18.107
12516,guaratingueta,-22.801791,-45.187568,4,9.594
12517,guaratingueta,-22.795761,-45.183995,6,6.13
12518,guaratingueta,-22.787156,-45.183135,5,6.183
12519,guaratingueta,-22.776952,-45.18486,1,1.65
12520,guaratingueta,-22.803971,-45.178076,2,1.595
12522,guaratingueta,-22.778847,-45.150047,5,16.7
12523,guaratingueta,-22.786151,-45.148692,4,2.25
12524,guaratingueta,-22.818685,-45.177531,1,2.7
12525,potim,-22.838225,-45.257488,2,2.8
12530,cunha,-23.074335,-44.958663,14,53.049
12570,aparecida,-22.84628,-45.231034,25,59.378
12580,roseira,-22.899129,-45.307935,5,10.05
12600,lorena,-22.730445,-45.123764,10,12.728
12601,lorena,-22.737437,-45.131267,1,0.675
12602,lorena,-22.724584,-45.1203,5,17.769
12603,lorena,-22.724508,-45.109579,5,13.68
12604,lorena,-22.73157,-45.108333,8,9.132
12605,lorena,-22.736725,-45.09612,8,11.45
12606,lorena,-22.741045,-45.110032,19,39.414
12607,lorena,-22.742563,-45.115411,3,2.65
12608,lorena,-22.741537,-45.126533,10,32.828
12609,lorena,-22.750014,-45.121777,11,14.19
12610,lorena,-22.751483,-45.131785,2,2.2
12620,piquete,-22.608838,-45.18375,9,18.637
12630,cachoeira paulista,-22.668128,-45.008073,25,83.442
12690,silveiras,-22.665329,-44.852766,3,4.25
12701,cruzeiro,-22.577451,-44.961443,7,46.825
12702,cruzeiro,-22.586414,-44.96835,4,2.831
12703,cruzeiro,-22.58345,-44.975701,6,17.25
12704,cruzeiro,-22.579231,-44.982523,2,16.25
12705,cruzeiro,-22.5742,-44.970535,6,5.74
12710,cruzeiro,-22.568053,-44.96025,6,5.292
12711,cruzeiro,-22.562694,-44.967524,3,11.825
12712,cruzeiro,-22.559653,-44.959621,8,11.431
12720,cruzeiro,-22.565311,-44.945953,3,6.3
12721,cruzeiro,-22.558674,-44.94476,7,22.038
12722,cruzeiro,-22.561532,-44.937201,2,2.725
12730,cruzeiro,-22.579626,-44.952387,1,0.459
12760,lavrinhas,-22.562989,-44.923696,1,1.575
12800,queluz,-22.536875,-44.772665,2,6.45
12820,areias,-22.581241,-44.696184,3,37.988
12830,sao jose do barreiro,-22.644689,-44.578005,3,5.8
12850,bananal,-22.681899,-44.319953,5,16.15
12870,arapei,-22.673544,-44.448341,2,6.2
12900,braganca paulista,-22.955759,-46.541619,12,12.174
12902,braganca paulista,-22.958366,-46.548,1,0.35
12903,braganca paulista,-22.947708,-46.55237,12,29.731
12904,braganca paulista,-22.944737,-46.549097,3,4.017
12906,braganca paulista,-22.938985,-46.549162,8,10.733
12908,braganca paulista,-22.93541,-46.545072,9,29.5
12910,braganca paulista,-22.940507,-46.530917,8,69.343
12912,braganca paulista,-22.951869,-46.534978,9,23.196
12914,braganca paulista,-22.964436,-46.53509,7,19.85
12916,braganca paulista,-22.979994,-46.532766,12,21.373
12917,braganca paulista,-22.981605,-46.546569,9,8.915
12918,braganca paulista,-22.969107,-46.575468,1,0.3
12919,braganca paulista,-22.97107,-46.549029,11,19.837
12922,braganca paulista,-22.914404,-46.554777,18,26.121
12924,braganca paulista,-22.863497,-46.530677,2,7.117
12926,braganca paulista,-22.920636,-46.540612,9,87.545
12927,braganca paulista,-22.912863,-46.53215,1,0.416
12929,braganca paulista,-22.937297,-46.522041,12,43.733
12930,tuiuti,-22.813234,-46.695212,1,0.25
12935,vargem,-22.894356,-46.413914,2,1.1
12940,atibaia,-23.114775,-46.553325,20,68.641
12941,atibaia,-23.120839,-46.539693,11,100.666
12942,atibaia,-23.121934,-46.560366,22,40.354
12943,atibaia,-23.128137,-46.569353,9,12.713
12944,atibaia,-23.109471,-46.554715,7,47.325
12945,atibaia,-23.112281,-46.527719,12,19.068
12946,atibaia,-23.143151,-46.550977,11,21.851
12947,atibaia,-23.137666,-46.557358,11,15.788
12948,atibaia,-23.219316,-46.594682,3,2.1
12949,atibaia,-23.152389,-46.590236,6,9.533
12950,atibaia,-23.143587,-46.583555,8,30.5
12951,atibaia,-23.124496,-46.583594,15,28.642
12952,atibaia,-23.104346,-46.595589,6,3.131
12953,atibaia,-23.095373,-46.600293,1,1.4
12954,atibaia,-23.048193,-46.563853,12,52.834
12955,bom jesus dos perdoes,-23.136485,-46.468072,17,42.648
12960,nazare paulista,-23.17916,-46.39658,7,29.14
12970,piracaia,-23.055127,-46.356024,21,69.093
12980,joanopolis,-22.93015,-46.275753,6,6.723
12990,pedra bela,-22.795402,-46.443256,2,2.3
12995,pinhalzinho,-22.7815,-46.590253,12,37.62
13010,campinas,-22.904625,-47.057366,28,49.06
13012,campinas,-22.904709,-47.059769,3,0.6
13013,campinas,-22.905998,-47.061989,10,10.732
13015,campinas,-22.904798,-47.056939,29,49.827
13020,campinas,-22.899227,-47.066488,16,32.648
13023,campinas,-22.894561,-47.06238,16,10.356
13024,campinas,-22.892215,-47.055381,23,54.078
13025,campinas,-22.898272,-47.051715,25,35.799
13026,campinas,-22.911677,-47.04765,22,56.538
13030,campinas,-22.92493,-47.074294,18,23.604
13031,campinas,-22.919479,-47.087034,14,10.45
13032,campinas,-22.907668,-47.084814,7,15.1
13033,campinas,-22.905135,-47.096973,26,72.691
13034,campinas,-22.910717,-47.091768,9,13.975
13035,campinas,-22.911542,-47.075478,29,125.152
13036,campinas,-22.918818,-47.067848,14,50.237
13040,campinas,-22.939418,-47.059056,56,122.564
13041,campinas,-22.918822,-47.057364,26,51.057
13042,campinas,-22.951672,-47.049834,26,34.072
13043,campinas,-22.934621,-47.041053,8,18.976
13044,campinas,-22.941112,-47.043161,37,71.919
13045,campinas,-22.930453,-47.03593,27,35.629
13046,campinas,-22.93429,-47.01927,4,7.667
13049,campinas,-22.943344,-47.078917,25,172.313
13050,campinas,-22.939046,-47.094881,61,151.158
13051,campinas,-22.961499,-47.090716,8,13.375
13052,campinas,-22.982145,-47.10194,20,76.447
13053,campinas,-23.030978,-47.111208,6,9.8
13054,campinas,-22.975744,-47.127383,39,199.693
13056,campinas,-22.973309,-47.14153,40,109.844
13057,campinas,-22.974205,-47.172892,10,51.885
13058,campinas,-22.952602,-47.190177,22,60.656
13059,campinas,-22.942701,-47.160729,20,53.393
13060,campinas,-22.931061,-47.111614,65,136.771
13061,campinas,-22.911573,-47.115211,22,35.651
13063,campinas,-22.889293,-47.108721,9,14.142
13064,campinas,-22.895956,-47.148743,19,55.608
13065,campinas,-22.881494,-47.126666,8,22.763
13067,campinas,-22.873582,-47.143315,9,28.333
13068,campinas,-22.861961,-47.15246,19,31.223
13069,campinas,-22.842688,-47.151005,10,27.055
13070,campinas,-22.893511,-47.080024,63,97.104
13073,campinas,-22.884255,-47.068133,29,63.761
13075,campinas,-22.880528,-47.061391,4,6.725
13076,campinas,-22.881152,-47.050607,23,29.275
13077,campinas,-22.876884,-47.042247,4,9.067
13080,campinas,-22.850431,-47.071669,28,35.824
13081,campinas,-22.857994,-47.067342,9,19.747
13082,campinas,-22.833285,-47.102957,15,50.85
13083,campinas,-22.814451,-47.070713,31,119.525
13084,campinas,-22.823368,-47.08801,39,101.004
13085,campinas,-22.790868,-47.082572,31,92.706
13086,campinas,-22.833264,-47.054541,4,13.2
13087,campinas,-22.854677,-47.051972,76,188.67
13088,campinas,-22.859379,-47.037999,20,79.21
13090,campinas,-22.887957,-47.037515,16,27.224
13091,campinas,-22.87877,-47.02999,25,91.666
13092,campinas,-22.895308,-47.038617,36,44.266
13097,campinas,-22.846412,-47.024517,9,17.205
13098,campinas,-22.816833,-47.025226,23,37.916
13099,campinas,-22.751113,-47.013016,1,1.383
13100,campinas,-22.914275,-47.039571,8,3.0
13101,campinas,-22.917592,-47.015055,5,2.163
13104,campinas,-22.860664,-46.975328,7,22.763
13105,campinas,-22.88691,-46.979062,9,21.756
13106,campinas,-22.88423,-46.963362,5,2.367
13107,campinas,-22.871279,-46.959876,1,0.9
13140,paulinia,-22.7704,-47.150923,43,88.031
13141,paulinia,-22.794117,-47.168237,7,15.617
13142,paulinia,-22.78109,-47.176759,27,50.434
13144,paulinia,-22.754658,-47.200969,2,2.3
13145,paulinia,-22.734276,-47.175994,33,76.638
13146,paulinia,-22.729417,-47.16974,6,3.167
13147,paulinia,-22.733134,-47.140265,1,0.7
13148,paulinia,-22.776505,-47.102499,8,5.287
13150,cosmopolis,-22.642632,-47.189867,33,81.194
13152,cosmopolis,-22.639433,-47.178509,6,30.017
13155,cosmopolis,-22.630761,-47.189043,4,2.78
13157,cosmopolis,-22.635328,-47.198029,7,30.813
13160,artur nogueira,-22.574182,-47.166458,40,121.6
13165,engenheiro coelho,-22.489421,-47.208702,12,18.65
13170,sumare,-22.822193,-47.270629,14,21.824
13171,sumare,-22.832438,-47.271238,11,21.321
13172,sumare,-22.815552,-47.285328,16,31.35
13173,sumare,-22.798766,-47.276615,13,51.855
13174,sumare,-22.814955,-47.262477,11,43.875
13175,sumare,-22.81794,-47.240044,31,128.209
13177,sumare,-22.809433,-47.227061,7,33.1
13178,sumare,-22.802321,-47.204038,36,127.126
13179,sumare,-22.820814,-47.170967,8,23.757
13180,sumare,-22.835363,-47.163291,6,25.375
13181,sumare,-22.84402,-47.188336,25,89.644
13183,hortolandia,-22.854723,-47.2142,27,69.865
13184,hortolandia,-22.869434,-47.216317,24,53.591
13185,hortolandia,-22.89439,-47.173213,29,84.724
13186,hortolandia,-22.887224,-47.200937,26,80.261
13187,hortolandia,-22.895561,-47.215649,9,9.727
13188,hortolandia,-22.898903,-47.236659,22,54.446
13189,hortolandia,-22.875755,-47.233305,5,1.753
13190,monte mor,-22.94796,-47.306532,37,70.704
13201,jundiai,-23.18638,-46.886519,37,110.885
13202,jundiai,-23.203642,-46.872215,28,69.257
13203,jundiai,-23.216667,-46.860297,14,25.241
13205,jundiai,-23.248883,-46.853373,8,24.637
13206,jundiai,-23.211307,-46.88045,33,58.079
13207,jundiai,-23.201927,-46.887439,23,25.455
13208,jundiai,-23.19453,-46.896837,27,62.28
13209,jundiai,-23.179651,-46.905764,22,45.657
13210,jundiai,-23.223653,-46.884763,17,55.156
13211,jundiai,-23.189527,-46.917276,40,56.112
13212,jundiai,-23.183004,-46.969228,92,228.248
13213,jundiai,-23.153628,-47.004866,21,57.219
13214,jundiai,-23.160985,-46.917868,80,193.125
13215,jundiai,-23.172525,-46.887192,21,116.125
13216,jundiai,-23.173915,-46.87451,12,51.144
13218,jundiai,-23.18023,-46.857737,36,78.102
13219,jundiai,-23.188848,-46.851952,38,104.48
13220,varzea paulista,-23.210733,-46.845975,15,76.818
13221,varzea paulista,-23.194663,-46.830283,10,18.297
13222,varzea paulista,-23.195236,-46.821052,7,15.605
13223,varzea paulista,-23.214642,-46.812262,5,10.091
13224,varzea paulista,-23.219135,-46.832632,12,35.075
13225,varzea paulista,-23.227542,-46.844322,24,50.88
13226,varzea paulista,-23.245512,-46.825182,2,14.55
13230,campo limpo paulista,-23.207636,-46.786394,4,11.925
13231,campo limpo paulista,-23.200263,-46.781865,8,6.03
13232,campo limpo paulista,-23.211062,-46.763766,18,47.625
13233,campo limpo paulista,-23.180311,-46.764734,1,5.65
13234,campo limpo paulista,-23.21921,-46.724115,1,0.342
13236,campo limpo paulista,-23.213173,-46.797514,9,17.692
13238,campo limpo paulista,-23.23444,-46.771165,6,8.1
13240,jarinu,-23.097845,-46.71726,18,21.671
13250,itatiba,-23.004782,-46.840758,9,11.197
13251,itatiba,-22.996957,-46.836135,5,9.35
13252,itatiba,-22.96505,-46.812398,9,8.128
13253,itatiba,-23.002985,-46.823609,19,31.336
13254,itatiba,-23.010767,-46.812499,10,34.017
13255,itatiba,-23.024502,-46.844566,19,46.52
13256,itatiba,-23.009618,-46.853418,19,52.826
13257,itatiba,-22.986269,-46.85229,7,16.314
13260,morungaba,-22.876654,-46.793259,7,18.95
13270,valinhos,-22.975946,-47.001586,13,9.804
13271,valinhos,-22.971981,-47.012472,13,67.261
13272,valinhos,-22.952966,-47.000752,39,98.939
13273,valinhos,-22.948779,-46.977973,28,53.991
13274,valinhos,-22.965519,-46.982334,15,16.412
13275,valinhos,-22.982529,-46.985174,22,36.909
13276,valinhos,-22.979302,-46.995195,19,40.204
13277,valinhos,-22.989591,-46.997789,12,32.895
13278,valinhos,-23.002017,-47.013985,17,37.801
13279,valinhos,-23.008944,-47.025607,3,2.6
13280,vinhedo,-23.029951,-46.978104,35,74.179
13282,vinhedo,-23.033649,-46.920106,3,7.917
13283,vinhedo,-23.014228,-46.974055,11,10.175
13284,vinhedo,-23.019669,-46.987777,8,18.396
13285,vinhedo,-23.037082,-47.009568,16,27.225
13286,vinhedo,-23.050485,-47.020767,1,0.05
13287,vinhedo,-23.051147,-46.989487,5,8.7
13288,vinhedo,-23.070673,-47.000074,1,0.15
13289,vinhedo,-23.037764,-46.97886,10,23.843
13290,louveira,-23.086037,-46.954172,44,118.57
13295,itupeva,-23.156299,-47.049234,42,142.29
13300,itu,-23.26504,-47.300063,9,14.822
13301,itu,-23.255854,-47.297268,18,37.546
13304,itu,-23.27597,-47.275926,13,11.693
13305,itu,-23.28504,-47.253551,2,5.2
13306,itu,-23.286771,-47.279198,7,27.73
13308,itu,-23.388042,-47.339791,20,35.575
13309,itu,-23.28165,-47.293252,18,35.472
13310,itu,-23.274282,-47.306615,16,15.055
13311,itu,-23.261143,-47.31532,12,22.58
13312,itu,-23.258682,-47.349724,4,5.392
13313,itu,-23.251019,-47.315539,10,35.85
13315,cabreuva,-23.268092,-47.061597,6,14.382
13318,jacare,-23.293804,-45.964003,8,10.137
13320,salto,-23.202614,-47.294569,12,14.825
13321,salto,-23.192034,-47.290761,11,23.951
13322,salto,-23.193264,-47.275173,14,45.133
13323,salto,-23.213974,-47.269608,19,23.107
13324,salto,-23.207126,-47.309277,4,5.725
13326,salto,-23.193071,-47.310113,3,0.9
13327,salto,-23.179212,-47.312784,18,70.625
13329,salto,-23.163838,-47.308435,8,13.679
13330,indaiatuba,-23.086496,-47.216808,36,87.428
13331,indaiatuba,-23.073053,-47.226078,19,68.776
13332,indaiatuba,-23.060576,-47.216661,10,26.864
13333,indaiatuba,-23.073279,-47.20995,10,31.098
13334,indaiatuba,-23.082742,-47.203484,16,78.662
13335,indaiatuba,-23.075589,-47.197165,9,17.083
13336,indaiatuba,-23.067516,-47.190859,3,2.2
13337,indaiatuba,-23.063197,-47.171892,5,3.25
13338,indaiatuba,-23.089012,-47.192415,7,7.623
13339,indaiatuba,-23.09232,-47.201175,17,47.607
13340,indaiatuba,-23.10029,-47.18166,18,70.451
13341,indaiatuba,-23.123603,-47.166494,4,16.0
13342,indaiatuba,-23.131472,-47.182686,2,9.6
13343,indaiatuba,-23.100388,-47.20684,13,35.849
13344,indaiatuba,-23.107706,-47.21566,8,8.002
13345,indaiatuba,-23.102086,-47.2211,18,22.684
13346,indaiatuba,-23.117528,-47.227721,11,16.65
13347,indaiatuba,-23.13388,-47.226758,13,15.184
13348,indaiatuba,-23.119809,-47.238401,54,113.316
13349,indaiatuba,-23.122053,-47.249701,1,0.45
13350,elias fausto,-23.042604,-47.371785,5,7.75
13360,capivari,-22.997187,-47.506154,32,51.463
13370,rafard,-23.020016,-47.528518,5,6.925
13375,mombuca,-22.929449,-47.563287,3,0.9
13380,nova odessa,-22.780029,-47.301546,10,8.759
13382,nova odessa,-22.801815,-47.309578,2,9.55
13385,nova odessa,-22.789009,-47.293007,6,11.733
13386,nova odessa,-22.802068,-47.30344,2,1.775
13387,nova odessa,-22.776377,-47.281776,6,6.222
13389,nova odessa,-22.76429,-47.226613,1,0.55
13390,rio das pedras,-22.841557,-47.607472,10,14.798
13400,piracicaba,-22.725692,-47.650906,27,70.341
13401,piracicaba,-22.748253,-47.65865,26,74.337
13402,piracicaba,-22.748081,-47.671908,6,11.6
13403,piracicaba,-22.727576,-47.673733,19,94.25
13405,piracicaba,-22.709287,-47.665206,34,77.501
13406,piracicaba,-22.680952,-47.70187,2,65.225
13408,piracicaba,-22.671266,-47.695586,9,39.15
13409,piracicaba,-22.677106,-47.708696,4,5.684
13411,piracicaba,-22.673753,-47.68266,10,23.938
13412,piracicaba,-22.682026,-47.660854,21,38.276
13413,piracicaba,-22.666861,-47.603306,2,1.4
13414,piracicaba,-22.69169,-47.63653,5,3.721
13415,piracicaba,-22.706971,-47.594753,1,1.3
13416,piracicaba,-22.716466,-47.640219,29,77.541
13417,piracicaba,-22.739121,-47.636362,23,68.547
13418,piracicaba,-22.724878,-47.63064,27,55.999
13419,piracicaba,-22.728508,-47.640815,30,38.508
13420,piracicaba,-22.738226,-47.619943,28,66.119
13421,piracicaba,-22.771372,-47.596353,6,3.533
13422,piracicaba,-22.756983,-47.601097,3,2.5
13423,piracicaba,-22.766673,-47.591091,7,10.926
13424,piracicaba,-22.748775,-47.645852,9,9.261
13425,piracicaba,-22.754407,-47.618841,13,34.93
13426,piracicaba,-22.762075,-47.627905,12,35.816
13427,piracicaba,-22.743014,-47.574269,1,1.95
13428,piracicaba,-22.73581,-47.53812,1,0.65
13432,piracicaba,-22.678347,-47.771615,1,0.4
13440,saltinho,-22.844392,-47.676477,5,30.6
13450,santa barbara d'oeste,-22.757567,-47.416028,29,37.543
13451,santa barbara d'oeste,-22.745522,-47.419836,12,13.426
13452,santa barbara d'oeste,-22.730989,-47.409346,1,7.0
13453,santa barbara d'oeste,-22.736033,-47.397183,12,54.217
13454,santa barbara d'oeste,-22.740738,-47.376816,20,143.631
13455,santa barbara d'oeste,-22.726239,-47.368535,13,46.382
13456,santa barbara d'oeste,-22.757427,-47.369112,15,36.292
13457,santa barbara d'oeste,-22.766918,-47.388586,11,16.383
13458,santa barbara d'oeste,-22.774182,-47.403983,8,14.56
13459,santa barbara d'oeste,-22.73602,-47.487779,1,0.7
13460,nova odessa,-22.781609,-47.294476,10,71.736
13465,americana,-22.744054,-47.335987,20,76.338
13466,americana,-22.754068,-47.32651,18,21.875
13467,americana,-22.768842,-47.340611,28,40.074
13468,americana,-22.754163,-47.347509,27,37.722
13469,americana,-22.730441,-47.354886,11,30.27
13470,americana,-22.717948,-47.351525,15,39.328
13471,americana,-22.726313,-47.33702,9,14.545
13472,americana,-22.725539,-47.3153,15,38.258
13473,americana,-22.720473,-47.30691,17,35.968
13474,americana,-22.703957,-47.294426,10,8.206
13475,americana,-22.720652,-47.281116,5,15.554
13476,americana,-22.743065,-47.240477,4,2.522
13477,americana,-22.737894,-47.302518,4,7.65
13478,americana,-22.743238,-47.315535,28,88.354
13479,americana,-22.760357,-47.268033,5,6.557
13480,limeira,-22.568377,-47.40402,41,82.768
13481,limeira,-22.599254,-47.408799,24,45.389
13482,limeira,-22.577945,-47.424674,25,52.881
13483,limeira,-22.561171,-47.447471,16,46.178
13484,limeira,-22.556826,-47.423072,30,88.211
13485,limeira,-22.546892,-47.388916,16,54.467
13486,limeira,-22.566678,-47.386663,24,66.9
13487,limeira,-22.582045,-47.37625,10,31.403
13490,cordeiropolis,-22.481399,-47.458772,15,25.858
13495,iracemapolis,-22.586427,-47.51274,18,33.669
13500,rio claro,-22.409923,-47.563215,33,86.428
13501,rio claro,-22.425641,-47.55864,12,40.916
13502,rio claro,-22.432523,-47.580345,12,40.154
13503,rio claro,-22.412162,-47.579266,20,120.825
13504,rio claro,-22.392665,-47.576029,27,54.873
13505,rio claro,-22.380127,-47.564302,17,53.905
13506,rio claro,-22.390211,-47.549992,30,47.987
13508,ajapi,-22.41149,-47.570963,1,1.0
13510,santa gertrudes,-22.45535,-47.537477,11,38.426
13515,charqueada,-22.510912,-47.776091,10,35.489
13520,sao pedro,-22.550667,-47.905761,12,44.095
13525,aguas de sao pedro,-22.602259,-47.872225,2,1.3
13530,itirapina,-22.253123,-47.819602,2,1.55
13540,corumbatai,-22.222038,-47.623908,2,0.742
13550,analandia,-22.126527,-47.663687,4,11.283
13560,sao carlos,-22.015108,-47.890699,40,68.866
13561,sao carlos,-22.014427,-47.90768,17,33.697
13562,sao carlos,-22.005435,-47.915118,11,24.951
13563,sao carlos,-21.989247,-47.927703,14,26.016
13564,sao carlos,-21.99672,-47.900756,14,27.515
13565,sao carlos,-21.969376,-47.890868,16,47.127
13566,sao carlos,-21.999924,-47.887141,23,44.945
13567,sao carlos,-22.006771,-47.871631,13,9.44
13568,sao carlos,-22.003519,-47.856117,14,55.189
13569,sao carlos,-22.016744,-47.875141,16,64.085
13570,sao carlos,-22.03016,-47.878504,7,2.213
13571,sao carlos,-22.031194,-47.868306,6,12.638
13572,sao carlos,-22.042234,-47.892171,4,5.25
13573,sao carlos,-22.059516,-47.90239,3,24.492
13574,sao carlos,-22.027394,-47.900813,13,36.808
13575,sao carlos,-22.033626,-47.909277,20,26.263
13580,ribeirao bonito,-22.065295,-48.179138,7,19.783
13590,dourado,-22.111172,-48.314061,8,12.37
13600,araras,-22.355312,-47.385242,16,33.813
13601,araras,-22.368743,-47.389661,11,31.025
13602,araras,-22.365705,-47.398912,5,15.214
13603,araras,-22.350428,-47.400425,12,40.313
13604,araras,-22.335066,-47.382066,13,51.367
13605,araras,-22.345229,-47.369975,5,6.2
13606,araras,-22.354017,-47.334821,3,7.293
13607,araras,-22.369896,-47.362653,21,59.6
13608,araras,-22.356055,-47.32475,1,9.85
13609,araras,-22.380433,-47.380216,6,3.805
13610,leme,-22.186744,-47.388137,14,61.387
13611,leme,-22.193397,-47.377777,12,45.147
13612,leme,-22.192284,-47.403496,3,13.307
13613,leme,-22.181937,-47.403982,5,19.85
13614,leme,-22.175391,-47.393984,3,2.646
13615,leme,-22.169468,-47.381182,1,0.1
13616,leme,-22.173916,-47.373196,7,11.15
13617,leme,-22.186717,-47.37205,5,4.175
13625,santa cruz da conceicao,-22.139309,-47.451854,4,11.05
13630,pirassununga,-21.993979,-47.428524,16,36.148
13631,pirassununga,-22.014703,-47.423968,12,72.033
13632,pirassununga,-22.012941,-47.415659,16,13.704
13633,pirassununga,-22.01426,-47.42988,5,3.2
13635,pirassununga,-21.97339,-47.427532,10,19.3
13636,pirassununga,-21.990431,-47.41427,5,7.85
13640,pirassununga,-21.945401,-47.365792,1,0.25
13641,pirassununga,-21.923477,-47.362926,3,6.238
13643,pirassununga,-21.934433,-47.362231,1,0.7
13650,santa cruz das palmeiras,-21.826361,-47.248711,9,34.35
13660,porto ferreira,-21.857735,-47.479547,26,23.322
13670,santa rita do passa quatro,-21.704858,-47.48053,18,33.033
13690,descalvado,-21.907473,-47.621439,13,6.498
13700,casa branca,-21.775767,-47.082541,13,16.55
13707,venda branca,-21.948547,-47.117803,1,4.105
13710,tambau,-21.706673,-47.273078,19,36.398
13715,itobi,-21.733148,-46.971325,7,10.854
13720,sao jose do rio pardo,-21.600754,-46.893793,44,105.062
13730,mococa,-21.46659,-47.005316,8,12.508
13731,mococa,-21.464867,-47.018246,2,0.4
13732,mococa,-21.456025,-47.01401,5,23.52
13733,mococa,-21.456577,-47.006248,6,21.558
13735,mococa,-21.471558,-46.996599,4,6.34
13736,mococa,-21.480805,-47.005297,7,4.68
13737,mococa,-21.494251,-47.010161,1,0.525
13760,tapiratiba,-21.47273,-46.749207,12,45.834
13770,caconde,-21.528502,-46.645279,10,35.979
13780,divinolandia,-21.661229,-46.736562,7,20.802
13790,sao sebastiao da grama,-21.710091,-46.82199,4,9.196
13800,mogi mirim,-22.43676,-46.964421,18,16.324
13801,mogi mirim,-22.441767,-46.952615,8,8.1
13802,mogi mirim,-22.436972,-46.93772,11,11.604
13803,mogi mirim,-22.456995,-46.977876,6,9.5
13806,mogi mirim,-22.41871,-46.968521,24,38.427
13807,mogi mirim,-22.404391,-46.956542,9,33.516
13808,mogi mirim,-22.449251,-46.934384,1,30.0
13820,jaguariuna,-22.695158,-46.987014,58,259.633
13825,holambra,-22.633464,-47.051582,23,57.46
13830,santo antonio de posse,-22.605298,-46.918872,20,52.567
13835,conchal,-22.337336,-47.169038,19,28.114
13840,mogi-guacu,-22.365664,-46.938463,12,19.485
13841,mogi-guacu,-22.363029,-46.924394,4,23.355
13842,mogi-guacu,-22.385679,-46.926177,2,25.1
13843,mogi-guacu,-22.384022,-46.936236,17,46.435
13844,mogi-guacu,-22.38244,-46.947605,9,12.068
13845,mogi-guacu,-22.355235,-46.949956,9,26.975
13846,mogi-guacu,-22.335267,-46.949705,13,27.998
13847,mogi-guacu,-22.349678,-46.940659,7,13.731
13848,mogi-guacu,-22.338809,-46.924368,15,29.467
13855,mogi-guacu,-22.287524,-47.132816,1,0.8
13857,estiva gerbi,-22.274873,-46.953144,7,15.601
13860,aguai,-22.0578,-46.977218,9,48.812
13870,sao joao da boa vista,-21.97256,-46.795694,26,121.874
13871,sao joao da boa vista,-21.979694,-46.800387,11,39.46
13872,sao joao da boa vista,-21.96954,-46.811127,7,35.175
13873,sao joao da boa vista,-21.955879,-46.797963,4,1.85
13874,sao joao da boa vista,-21.969618,-46.776831,17,26.866
13875,sao joao da boa vista,-21.983929,-46.77951,3,7.95
13876,sao joao da boa vista,-21.993002,-46.782617,7,26.925
13877,sao joao da boa vista,-22.001594,-46.808062,5,6.3
13880,vargem grande do sul,-21.834676,-46.898576,12,25.75
13890,aguas da prata,-21.944082,-46.717133,10,13.325
13900,amparo,-22.702485,-46.766706,9,34.99
13901,amparo,-22.700395,-46.772985,7,8.375
13902,amparo,-22.705583,-46.752994,4,3.643
13903,amparo,-22.713309,-46.765687,5,42.45
13904,amparo,-22.715187,-46.776274,9,20.767
13905,amparo,-22.710919,-46.803841,27,30.748
13908,amparo,-22.722793,-46.846086,1,6.9
13909,amparo,-22.697822,-46.721312,1,0.7
13910,monte alegre do sul,-22.702406,-46.962082,4,11.35
13911,jaguariuna,-22.700851,-46.989856,2,0.8
13912,jaguariuna,-22.686687,-46.983153,1,0.25
13915,jaguariuna,-22.696927,-46.987862,1,3.1
13920,pedreira,-22.740517,-46.895859,36,36.779
13930,serra negra,-22.611036,-46.703348,13,61.995
13940,aguas de lindoia,-22.475835,-46.621927,22,93.542
13950,lindoia,-22.522864,-46.647567,9,12.5
13960,socorro,-22.591102,-46.526296,19,18.564
13970,itapira,-22.437679,-46.822219,8,11.3
13971,itapira,-22.420748,-46.821569,4,11.858
13972,itapira,-22.433349,-46.81457,8,26.35
13973,itapira,-22.450353,-46.805702,8,8.2
13974,itapira,-22.437672,-46.829788,13,21.561
13976,itapira,-22.425845,-46.83112,9,24.558
13977,itapira,-22.446987,-46.836611,2,3.125
13986,barao ataliba nogueira,-22.390766,-46.745889,1,2.6
13990,espirito santo do pinhal,-22.194194,-46.750894,18,35.081
13995,santo antonio do jardim,-22.116239,-46.683724,4,1.872
14010,ribeirao preto,-21.179578,-47.809173,9,18.213
14015,ribeirao preto,-21.180756,-47.807225,14,40.198
14020,ribeirao preto,-21.203036,-47.801879,43,128.326
14021,ribeirao preto,-21.212829,-47.795167,32,105.796
14022,ribeirao preto,-21.226396,-47.785018,9,36.671
14024,ribeirao preto,-21.214484,-47.806874,4,1.594
14025,ribeirao preto,-21.191808,-47.814695,21,32.479
14026,ribeirao preto,-21.216127,-47.820806,11,21.568
14027,ribeirao preto,-21.224511,-47.833558,13,10.758
14030,ribeirao preto,-21.18877,-47.828687,25,34.683
14031,ribeirao preto,-21.200317,-47.845608,7,20.409
14040,ribeirao preto,-21.176093,-47.863367,7,11.838
14050,ribeirao preto,-21.172213,-47.824137,18,38.72
14051,ribeirao preto,-21.164541,-47.836642,15,23.312
14055,ribeirao preto,-21.156126,-47.824942,27,95.965
14056,ribeirao preto,-21.142618,-47.844186,6,20.383
14057,ribeirao preto,-21.132518,-47.846466,9,3.09
14060,ribeirao preto,-21.140006,-47.81447,21,21.245
14061,ribeirao preto,-21.125052,-47.810561,1,1.7
14062,ribeirao preto,-21.120255,-47.82125,6,25.2
14065,ribeirao preto,-21.135025,-47.832994,7,9.798
14066,ribeirao preto,-21.125696,-47.82628,1,1.75
14070,ribeirao preto,-21.112636,-47.791056,7,9.516
14071,ribeirao preto,-21.111022,-47.799043,6,4.525
14075,ribeirao preto,-21.140467,-47.792174,5,17.875
14076,ribeirao preto,-21.156058,-47.785997,3,31.05
14077,ribeirao preto,-21.121598,-47.781245,6,8.617
14079,ribeirao preto,-21.131237,-47.745165,8,10.767
14080,ribeirao preto,-21.155089,-47.803509,13,19.949
14085,ribeirao preto,-21.16537,-47.797144,17,19.433
14090,ribeirao preto,-21.181012,-47.78952,33,69.532
14091,ribeirao preto,-21.189678,-47.78833,19,46.731
14092,ribeirao preto,-21.177173,-47.767232,8,4.108
14093,ribeirao preto,-21.182287,-47.745152,12,24.541
14094,ribeirao preto,-21.196728,-47.741028,18,40.852
14095,ribeirao preto,-21.190178,-47.769871,18,73.351
14096,ribeirao preto,-21.200584,-47.775879,11,21.743
14097,ribeirao preto,-21.210346,-47.75549,1,4.381
14098,ribeirao preto,-21.221826,-47.766449,8,17.987
14110,bonfim paulista,-21.258652,-47.813946,18,45.367
14115,guatapara,-21.495791,-48.036377,1,0.575
14120,dumont,-21.238975,-47.977025,3,3.275
14140,cravinhos,-21.338943,-47.734316,24,65.101
14150,serrana,-21.207519,-47.600735,13,21.398
14160,sertaozinho,-21.137604,-47.989236,16,68.191
14161,sertaozinho,-21.125342,-47.998957,5,6.55
14165,sertaozinho,-21.113223,-47.987653,2,1.633
14166,sertaozinho,-21.131264,-47.982177,6,2.362
14169,sertaozinho,-21.141247,-47.974666,4,20.5
14170,sertaozinho,-21.142857,-47.996732,7,8.823
14171,sertaozinho,-21.153155,-47.987749,2,0.875
14175,sertaozinho,-21.15752,-47.996122,1,7.65
14177,sertaozinho,-21.129671,-48.013893,13,8.88
14178,sertaozinho,-21.11614,-48.024579,2,4.1
14179,sertaozinho,-21.074955,-47.90099,3,4.1
14180,pontal,-21.025501,-48.037047,12,18.83
14200,sao simao,-21.478326,-47.556593,10,6.804
14210,luis antonio,-21.554311,-47.700501,7,9.889
14230,serra azul,-21.312373,-47.56368,1,20.0
14240,cajuru,-21.274507,-47.30545,9,14.488
14260,cassia dos coqueiros,-21.281963,-47.169767,1,0.1
14270,santa rosa de viterbo,-21.484069,-47.36725,13,70.495
14300,batatais,-20.891319,-47.585033,27,69.539
14340,brodowski,-20.987068,-47.655574,8,14.966
14350,altinopolis,-21.021228,-47.375026,4,7.75
14390,santo antonio da alegria,-21.090106,-47.153842,3,2.1
14400,franca,-20.538286,-47.401317,19,50.274
14401,franca,-20.528048,-47.388279,20,91.759
14402,franca,-20.523532,-47.36506,7,6.275
14403,franca,-20.554951,-47.387691,42,148.694
14404,franca,-20.579667,-47.375497,5,7.85
14405,franca,-20.530007,-47.411024,14,104.889
14406,franca,-20.537687,-47.432177,12,41.209
14407,franca,-20.495872,-47.418306,10,16.45
14408,franca,-20.514299,-47.437574,3,3.75
14409,franca,-20.50207,-47.396822,16,43.728
14412,franca,-20.55106,-47.357873,6,14.625
14415,patrocinio paulista,-20.643655,-47.281591,2,31.575
14440,sao jose da bela vista,-20.593597,-47.640527,3,15.267
14450,jeriquara,-20.308152,-47.591472,1,0.4
14460,cristais paulista,-20.406733,-47.418547,4,18.329
14470,pedregulho,-20.252961,-47.478757,2,3.776
14490,rifaina,-20.07989,-47.424775,2,12.467
14500,ituverava,-20.334777,-47.786517,28,85.198
14530,miguelopolis,-20.182699,-48.025859,14,84.165
14540,igarapava,-20.041723,-47.749707,7,3.648
14550,aramina,-20.088916,-47.790589,1,1.25
14570,buritizal,-20.192538,-47.708581,2,1.125
14580,guara,-20.430348,-47.825746,7,25.476
14600,sao joaquim da barra,-20.585396,-47.863156,34,142.368
14610,ipua,-20.444279,-48.015324,4,31.367
14620,orlandia,-20.717063,-47.878333,28,110.086
14640,morro agudo,-20.729439,-48.051398,9,16.82
14660,sales oliveira,-20.766758,-47.840885,6,3.475
14670,nuporanga,-20.729601,-47.752303,3,13.45
14680,jardinopolis,-21.024153,-47.77109,13,47.592
14700,bebedouro,-20.94349,-48.482148,13,29.235
14701,bebedouro,-20.95097,-48.486737,10,18.363
14702,bebedouro,-20.963387,-48.470741,4,8.953
14706,bebedouro,-20.93997,-48.500114,12,63.933
14708,bebedouro,-20.921267,-48.496955,6,40.7
14709,bebedouro,-20.927843,-48.492336,3,2.625
14711,bebedouro,-20.945556,-48.46481,3,1.95
14720,taiuva,-21.123864,-48.44977,5,6.054
14725,taiacu,-21.143409,-48.510175,1,1.05
14730,monte azul paulista,-20.905361,-48.64111,19,44.799
14735,severinia,-20.809636,-48.807109,5,2.367
14740,viradouro,-20.86812,-48.294305,18,73.614
14745,terra roxa,-20.788677,-48.33246,2,0.325
14750,pitangueiras,-21.009699,-48.219084,16,24.267
14760,ibitiuva,-21.001448,-48.326022,1,0.167
14770,colina,-20.715135,-48.534945,9,15.318
14775,jaborandi,-20.688222,-48.415013,3,1.5
14780,barretos,-20.557403,-48.570697,22,54.073
14781,barretos,-20.540519,-48.55877,9,10.185
14783,barretos,-20.5718,-48.572705,15,23.388
14784,barretos,-20.577771,-48.556917,15,30.154
14785,barretos,-20.573912,-48.586849,1,5.95
14786,barretos,-20.545689,-48.600616,1,0.343
14787,barretos,-20.540505,-48.573686,6,2.299
14790,guaira,-20.322552,-48.316796,36,77.173
14795,colombia,-20.178277,-48.687882,5,15.47
14800,araraquara,-21.804961,-48.181582,17,15.781
14801,araraquara,-21.791334,-48.182742,32,49.103
14802,araraquara,-21.774081,-48.180626,20,48.321
14803,araraquara,-21.804786,-48.203018,1,0.5
14804,araraquara,-21.768191,-48.200307,6,4.35
14805,araraquara,-21.748397,-48.186126,7,18.783
14806,araraquara,-21.755614,-48.158799,13,22.895
14807,araraquara,-21.804834,-48.161434,10,6.154
14808,araraquara,-21.821826,-48.144111,8,11.49
14810,araraquara,-21.779664,-48.159892,23,57.629
14811,araraquara,-21.781639,-48.145109,13,24.989
14813,gaviao peixoto,-21.837185,-48.493083,2,0.3
14815,ibate,-21.95334,-48.003189,12,50.002
14820,americo brasiliense,-21.732524,-48.108535,17,45.847
14825,santa lucia,-21.685141,-48.084352,3,13.65
14830,rincao,-21.58611,-48.076032,1,7.225
14835,motuca,-21.50923,-48.150009,2,0.696
14840,guariba,-21.36402,-48.228831,14,14.135
14850,pradopolis,-21.360062,-48.072413,10,17.071
14860,barrinha,-21.191092,-48.1567,18,60.131
14870,jaboticabal,-21.256798,-48.320851,14,63.66
14871,jaboticabal,-21.26638,-48.329906,8,28.273
14875,jaboticabal,-21.251036,-48.338189,3,1.6
14882,jaboticabal,-21.24638,-48.318008,5,17.188
14883,jaboticabal,-21.246559,-48.308982,4,32.633
14887,jaboticabal,-21.261618,-48.307409,10,28.475
14890,jaboticabal,-21.27289,-48.317652,6,9.036
14900,itapolis,-21.59505,-48.811064,28,49.147
14907,tapinas,-21.447384,-48.78723,1,5.95
14910,tabatinga,-21.736513,-48.687918,5,19.775
14920,nova europa,-21.781184,-48.56614,8,9.125
14930,boa esperanca do sul,-21.995781,-48.388709,11,29.03
14935,trabiju,-22.040097,-48.334611,1,0.343
14940,ibitinga,-21.75769,-48.829768,22,18.513
14955,borborema,-21.620134,-49.074104,8,8.042
14960,novo horizonte,-21.46902,-49.222712,16,79.129
14980,sales,-21.342303,-49.500292,5,11.398
14990,irapua,-21.279438,-49.409416,4,12.575
15010,sao jose do rio preto,-20.812945,-49.382039,9,43.584
15013,sao jose do rio preto,-20.816181,-49.36852,5,2.921
15014,sao jose do rio preto,-20.819625,-49.376771,4,3.505
15015,sao jose do rio preto,-20.816648,-49.386547,28,47.41
15020,sao jose do rio preto,-20.820266,-49.402465,2,4.85
15025,sao jose do rio preto,-20.80683,-49.389602,17,49.575
15030,sao jose do rio preto,-20.795263,-49.383557,9,16.808
15035,sao jose do rio preto,-20.810863,-49.411695,9,19.481
15038,sao jose do rio preto,-20.801216,-49.341973,1,0.541
15040,sao jose do rio preto,-20.799695,-49.41307,12,44.094
15041,sao jose do rio preto,-20.789,-49.419563,8,8.795
15042,sao jose do rio preto,-20.792257,-49.433072,4,2.082
15043,sao jose do rio preto,-20.787258,-49.398627,6,17.9
15044,sao jose do rio preto,-20.778214,-49.414691,3,8.1
15045,sao jose do rio preto,-20.779396,-49.393314,7,17.75
15046,sao jose do rio preto,-20.770384,-49.387471,14,33.845
15047,sao jose do rio preto,-20.764372,-49.403373,2,2.75
15050,sao jose do rio preto,-20.790091,-49.372623,7,13.974
15051,sao jose do rio preto,-20.775971,-49.369095,6,4.869
15052,sao jose do rio preto,-20.762044,-49.361257,3,7.83
15053,sao jose do rio preto,-20.776008,-49.360346,6,10.498
15054,sao jose do rio preto,-20.784127,-49.357266,10,21.835
15055,sao jose do rio preto,-20.79438,-49.365019,11,44.193
15056,sao jose do rio preto,-20.773647,-49.344545,13,22.239
15057,sao jose do rio preto,-20.792547,-49.344542,5,14.742
15060,sao jose do rio preto,-20.802609,-49.367525,5,20.5
15061,sao jose do rio preto,-20.808642,-49.347107,19,38.897
15062,sao jose do rio preto,-20.834151,-49.335764,2,2.557
15063,sao jose do rio preto,-20.814446,-49.339213,5,52.6
15070,sao jose do rio preto,-20.817764,-49.362536,9,22.446
15075,sao jose do rio preto,-20.821361,-49.352111,5,12.75
15076,sao jose do rio preto,-20.833288,-49.352074,5,10.933
15077,sao jose do rio preto,-20.849991,-49.339114,3,3.9
15080,sao jose do rio preto,-20.830717,-49.369844,4,15.267
15081,sao jose do rio preto,-20.844227,-49.364096,2,6.811
15084,sao jose do rio preto,-20.829359,-49.37927,17,96.693
15085,sao jose do rio preto,-20.836239,-49.388448,20,33.71
15086,sao jose do rio preto,-20.84461,-49.37994,3,2.173
15090,sao jose do rio preto,-20.835626,-49.3946,7,32.34
15091,sao jose do rio preto,-20.832276,-49.402568,12,47.318
15092,sao jose do rio preto,-20.835905,-49.412404,5,10.336
15093,sao jose do rio preto,-20.855576,-49.413142,4,9.7
15102,sao jose do rio preto,-20.707248,-49.294048,1,11.6
15105,potirendaba,-21.0456,-49.376403,8,13.658
15108,ipigua,-20.658404,-49.388535,2,6.92
15110,guapiacu,-20.794248,-49.224331,6,6.055
15115,bady bassitt,-20.917668,-49.449963,6,9.65
15120,neves paulista,-20.843938,-49.632008,3,1.33
15130,mirassol,-20.815284,-49.507466,29,69.3
15140,balsamo,-20.737141,-49.581777,6,27.45
15150,monte aprazivel,-20.771488,-49.711937,10,36.611
15154,engenheiro balduino,-20.682837,-49.689645,1,0.85
15155,jaci,-20.88607,-49.571657,2,0.865
15160,poloni,-20.784733,-49.81536,3,3.014
15170,tanabi,-20.624274,-49.651979,11,42.475
15190,nhandeara,-20.693886,-50.042371,7,4.789
15200,jose bonifacio,-21.055563,-49.685858,12,15.033
15220,mendonca,-21.184498,-49.579237,4,7.3
15230,adolfo,-21.234802,-49.642554,5,2.475
15240,nipoa,-20.913223,-49.777691,2,2.0
15260,planalto,-21.032233,-49.927731,1,1.0
15265,zacarias,-21.051735,-50.052917,2,7.2
15270,macaubal,-20.804494,-49.963473,1,0.595
15275,moncoes,-20.852931,-50.090003,2,3.958
15285,lourdes,-20.965762,-50.225531,2,3.65
15290,buritama,-21.067137,-50.144653,9,25.183
15300,general salgado,-20.646454,-50.362001,6,6.675
15310,magda,-20.645563,-50.223297,2,6.64
15315,sao joao de iracema,-20.513841,-50.352638,3,8.55
15320,floreal,-20.676455,-50.150822,2,1.05
15330,gastao vidigal,-20.797495,-50.191823,3,7.16
15340,nova luzitania,-20.857015,-50.263244,1,0.607
15350,auriflama,-20.686041,-50.553231,10,13.7
15355,guzolandia,-20.650094,-50.660292,1,11.65
15360,sud mennucci,-20.688798,-50.923084,5,5.775
15367,bandeirantes d'oeste,-23.106241,-50.377957,1,0.6
15370,pereira barreto,-20.642091,-51.107688,18,62.271
15380,suzanapolis,-20.500758,-51.026583,1,0.138
15385,ilha solteira,-20.429439,-51.34101,24,29.172
15390,itapura,-20.642856,-51.507277,6,12.21
15400,olimpia,-20.737991,-48.91093,36,118.578
15410,cajobi,-20.877811,-48.811121,8,21.695
15420,guaraci,-20.498765,-48.946308,2,9.8
15425,embauba,-20.982906,-48.836271,1,0.875
15440,nova granada,-20.535127,-49.321576,19,41.148
15450,onda verde,-20.607673,-49.297329,1,0.6
15460,icem,-20.340381,-49.197567,9,23.832
15470,palestina,-20.390332,-49.433307,10,12.179
15480,orindiuva,-20.184914,-49.353301,5,12.757
15490,paulo de faria,-20.03106,-49.405267,5,11.7
15495,riolandia,-19.981811,-49.680087,3,12.2
15500,votuporanga,-20.420561,-49.973339,15,52.634
15501,votuporanga,-20.43152,-49.976393,12,12.688
15502,votuporanga,-20.416381,-49.985076,9,37.25
15503,votuporanga,-20.398122,-49.973254,15,67.936
15505,votuporanga,-20.422768,-49.971726,12,13.348
15520,valentim gentil,-20.422398,-50.08301,3,9.75
15525,parisi,-20.305962,-50.011714,1,0.2
15530,cosmorama,-20.479527,-49.776503,6,10.958
15540,alvares florence,-20.320713,-49.908236,2,4.8
15550,americo de campos,-20.299461,-49.7318,1,2.45
15560,pontes gestal,-20.182815,-49.70142,1,5.95
15570,cardoso,-20.079706,-49.913405,6,31.48
15580,mira estrela,-19.978785,-50.136645,1,0.61
15600,fernandopolis,-20.283956,-50.248952,52,94.528
15620,macedonia,-20.146467,-50.195603,4,8.6
15625,meridiano,-20.35624,-50.174263,1,5.9
15630,pedranopolis,-20.249311,-50.110082,1,6.95
15650,estrela d oeste,-20.285088,-50.398801,2,12.717
15670,populina,-19.942722,-50.538288,1,0.4
15685,ouroeste,-20.001939,-50.375581,11,32.075
15690,indiapora,-19.979929,-50.289121,3,3.55
15700,jales,-20.270084,-50.546465,13,27.339
15703,jales,-20.277511,-50.543204,3,2.1
15704,jales,-20.277985,-50.55172,7,13.142
15706,jales,-20.269777,-50.559012,2,0.85
15707,jales,-20.253783,-50.550278,3,38.5
15710,sao francisco,-20.359857,-50.696734,2,9.95
15718,pontalinda,-20.44048,-50.522467,2,0.375
15720,palmeira d'oeste,-20.416194,-50.762551,6,5.45
15730,marinopolis,-20.441846,-50.823212,2,3.15
15735,aparecida d'oeste,-20.452889,-50.881046,1,0.1
15745,paranapua,-20.102548,-50.58926,2,0.472
15750,santa albertina,-20.031993,-50.727482,7,38.925
15755,turmalina,-20.053525,-50.475397,1,0.1
15760,urania,-20.245689,-50.644393,4,16.664
15768,santa salete,-20.245485,-50.689237,1,0.207
15770,tres fronteiras,-20.237574,-50.889795,5,3.75
15773,nova canaa paulista,-20.384938,-50.949175,2,1.193
15775,santa fe do sul,-20.205737,-50.926924,34,112.157
15780,santa rita d'oeste,-20.144995,-50.831324,3,9.05
15785,santa clara d'oeste,-20.092272,-50.927056,1,0.2
15790,rubineia,-20.172407,-51.001132,1,1.65
15800,catanduva,-21.140472,-48.974041,11,7.382
15801,catanduva,-21.136483,-48.980874,11,16.918
15802,catanduva,-21.142974,-48.994517,3,6.75
15803,catanduva,-21.128896,-48.99314,6,35.725
15804,catanduva,-21.121022,-48.971676,8,7.087
15805,catanduva,-21.124255,-48.963118,1,1.2
15806,catanduva,-21.132951,-48.958979,10,28.163
15807,catanduva,-21.123847,-48.951522,7,6.503
15808,catanduva,-21.141231,-48.94717,8,8.083
15810,catanduva,-21.153145,-48.970611,2,0.8
15811,catanduva,-21.176891,-49.001242,1,1.3
15813,catanduva,-21.129375,-49.01634,4,2.425
15820,pirangi,-21.097051,-48.662922,7,25.088
15823,elisiario,-21.169183,-49.111079,1,3.0
15825,paraiso,-21.018978,-48.774038,5,7.93
15828,palmares paulista,-21.086079,-48.804271,1,0.6
15830,pindorama,-21.185866,-48.906487,2,6.825
15840,itajobi,-21.315363,-49.055377,10,31.432
15850,urupes,-21.203192,-49.292143,10,25.388
15860,ibira,-21.08297,-49.23954,6,11.518
15868,termas de ibira,-21.081026,-49.241642,1,0.15
15870,catigua,-21.050491,-49.060921,6,17.923
15880,tabapua,-20.963533,-49.032906,12,9.687
15885,novais,-20.995719,-48.919225,1,0.4
15890,uchoa,-20.955315,-49.174589,3,34.2
15895,cedral,-20.902691,-49.268431,6,3.517
15900,taquaritinga,-21.405759,-48.503657,33,47.719
15903,guariroba,-21.448306,-48.574959,2,3.5
15910,monte alto,-21.263914,-48.495645,32,51.719
15915,aparecida de monte alto,-21.263306,-48.47998,1,0.35
15920,vista alegre do alto,-21.172301,-48.631064,3,9.217
15930,candido rodrigues,-21.325646,-48.633175,4,3.367
15940,fernando prestes,-21.266661,-48.687323,6,7.008
15950,santa adelia,-21.242083,-48.804641,15,34.488
15953,botelho,-21.508156,-47.749366,1,4.3
15960,ariranha,-21.189617,-48.787302,5,22.675
15970,santa ernestina,-21.461865,-48.390961,2,8.625
15980,dobrada,-21.516182,-48.392047,2,26.05
15990,matao,-21.604208,-48.364893,22,85.673
15991,matao,-21.625096,-48.349497,9,19.985
15993,matao,-21.621038,-48.363343,4,24.967
15995,matao,-21.599587,-48.38776,1,0.7
15996,matao,-21.587924,-48.375367,3,1.675
15997,matao,-21.592709,-48.356395,12,30.557
16010,aracatuba,-21.208174,-50.439615,11,34.05
16011,aracatuba,-21.206814,-50.424687,3,0.923
16012,aracatuba,-21.212248,-50.403803,2,1.05
16013,aracatuba,-21.220306,-50.416803,11,9.089
16015,aracatuba,-21.213362,-50.43347,9,31.475
16016,aracatuba,-21.231196,-50.424144,1,1.7
16018,aracatuba,-21.226655,-50.436284,5,16.0
16020,aracatuba,-21.222521,-50.445883,11,28.235
16021,aracatuba,-21.226886,-50.456204,9,43.947
16022,aracatuba,-21.231335,-50.464381,5,4.525
16025,aracatuba,-21.213234,-50.45542,8,21.941
16026,aracatuba,-21.217283,-50.468208,5,6.575
16050,aracatuba,-21.198076,-50.442432,13,34.55
16052,aracatuba,-21.172111,-50.439336,12,31.542
16055,aracatuba,-21.192523,-50.429994,1,0.3
16056,aracatuba,-21.186562,-50.428082,2,2.9
16057,aracatuba,-21.172287,-50.450103,5,11.01
16070,aracatuba,-21.20078,-50.47795,1,1.85
16071,aracatuba,-21.206443,-50.466135,5,5.65
16072,aracatuba,-21.202463,-50.457456,6,3.95
16074,aracatuba,-21.1942,-50.452461,7,10.255
16075,aracatuba,-21.186871,-50.458968,5,8.625
16078,aracatuba,-21.171833,-50.467718,1,0.5
16130,santo antonio do aracangua,-20.935398,-50.495991,1,0.383
16200,birigui,-21.294074,-50.342952,28,119.697
16201,birigui,-21.275372,-50.332551,11,51.344
16202,birigui,-21.284953,-50.318456,9,23.893
16203,birigui,-21.297186,-50.325908,8,25.708
16204,birigui,-21.303652,-50.35442,15,29.075
16205,birigui,-21.307755,-50.36574,2,31.0
16206,birigui,-21.286208,-50.363866,1,0.95
16207,birigui,-21.304314,-50.37613,4,7.895
16210,bilac,-21.403129,-50.474944,7,10.6
16220,gabriel monteiro,-21.529885,-50.552465,1,0.65
16230,piacatu,-21.593251,-50.599909,1,1.2
16250,clementina,-21.558721,-50.446234,4,24.85
16260,coroados,-21.355128,-50.284823,2,3.2
16270,glicerio,-21.383906,-50.209158,2,5.85
16290,brauna,-21.50497,-50.324124,5,2.755
16300,penapolis,-21.419488,-50.07621,18,71.403
16301,penapolis,-21.426848,-50.064328,4,6.05
16303,penapolis,-21.428824,-50.07174,2,1.3
16304,penapolis,-21.438901,-50.076964,2,7.55
16305,penapolis,-21.430874,-50.087229,6,91.14
16306,penapolis,-21.416448,-50.087852,2,7.3
16308,penapolis,-21.409692,-50.082472,2,1.1
16309,penapolis,-21.399385,-50.079104,1,6.55
16340,luiziania,-21.675353,-50.328418,3,3.573
16360,avanhandava,-21.458374,-49.944607,7,27.5
16370,promissao,-21.540777,-49.857004,31,112.958
16400,lins,-21.673614,-49.757065,30,60.318
16401,lins,-21.665817,-49.742055,2,11.333
16402,lins,-21.67511,-49.734115,7,14.923
16403,lins,-21.690354,-49.745872,14,16.592
16406,lins,-21.656574,-49.764154,1,13.35
16430,guaicara,-21.623831,-49.798013,8,12.98
16440,sabino,-21.460587,-49.576885,3,38.4
16450,getulina,-21.798813,-49.93099,2,2.65
16500,cafelandia,-21.806689,-49.604713,8,18.138
16570,guaranta,-21.894667,-49.588986,5,15.267
16600,pirajui,-21.996077,-49.45648,12,22.784
16640,balbinos,-21.901038,-49.356104,1,0.775
16660,pongai,-21.737384,-49.358572,4,14.65
16670,presidente alves,-22.097113,-49.43866,2,1.85
16700,guararapes,-21.250139,-50.64597,18,34.556
16750,rubiacea,-21.29924,-50.729112,2,3.766
16790,bento de abreu,-21.274326,-50.810977,2,2.237
16800,mirandopolis,-21.134712,-51.103284,13,31.134
16850,lavinia,-21.167275,-51.0426,4,4.675
16880,valparaiso,-21.225091,-50.866491,8,8.894
16900,andradina,-20.904889,-51.382706,14,35.136
16901,andradina,-20.894446,-51.374809,23,43.743
16902,andradina,-20.905001,-51.35868,2,5.8
16903,andradina,-20.900653,-51.395057,1,0.5
16920,castilho,-20.867977,-51.489617,10,31.9
16940,nova independencia,-21.107499,-51.491249,1,0.225
16950,murutinga do sul,-20.993598,-51.277042,2,12.675
16980,guaracai,-21.0333,-51.207011,5,71.875
17010,bauru,-22.320616,-49.07218,1,0.25
17011,bauru,-22.33095,-49.053003,12,14.335
17012,bauru,-22.336915,-49.061537,21,80.643
17013,bauru,-22.32193,-49.060526,15,20.068
17014,bauru,-22.334512,-49.07592,6,7.18
17015,bauru,-22.325849,-49.07368,7,6.875
17016,bauru,-22.340076,-49.068716,2,1.116
17017,bauru,-22.347226,-49.060556,19,111.025
17018,bauru,-22.359576,-49.050911,9,38.575
17020,bauru,-22.305578,-49.066686,9,28.698
17021,bauru,-22.298634,-49.078063,7,11.574
17022,bauru,-22.276268,-49.073061,12,32.4
17023,bauru,-22.28131,-49.055277,1,1.4
17024,bauru,-22.296068,-49.063071,4,1.5
17025,bauru,-22.303125,-49.052826,6,7.3
17026,bauru,-22.293949,-49.045535,7,23.325
17027,bauru,-22.286485,-49.032999,2,3.4
17030,bauru,-22.321867,-49.04627,8,26.182
17031,bauru,-22.324818,-49.019469,5,20.905
17032,bauru,-22.321701,-49.028866,7,16.682
17033,bauru,-22.332151,-49.032378,4,20.75
17034,bauru,-22.313033,-49.032717,1,0.25
17035,bauru,-22.321365,-49.003165,2,11.975
17039,bauru,-22.30495,-49.00216,4,17.2
17047,bauru,-22.334371,-49.044334,11,29.114
17050,bauru,-22.326381,-49.095506,12,39.642
17051,bauru,-22.331084,-49.100565,7,32.42
17052,bauru,-22.341939,-49.095405,7,10.669
17053,bauru,-22.35843,-49.072006,3,6.5
17054,bauru,-22.346643,-49.089152,9,17.955
17055,bauru,-22.338645,-49.111287,8,11.475
17056,bauru,-22.353255,-49.101132,2,6.35
17057,bauru,-22.32312,-49.124318,1,1.2
17060,bauru,-22.315576,-49.081686,7,16.95
17063,bauru,-22.309501,-49.088195,5,33.125
17064,bauru,-22.304164,-49.091884,6,16.155
17065,bauru,-22.31408,-49.118761,8,30.725
17066,bauru,-22.306776,-49.110892,2,2.1
17067,bauru,-22.307788,-49.102334,3,13.5
17110,bauru,-22.236612,-49.115598,1,0.65
17120,agudos,-22.471616,-48.9894,16,9.643
17150,paulistania,-22.578743,-49.403691,1,3.0
17160,arealva,-22.028508,-48.912126,3,4.6
17180,iacanga,-21.891156,-49.022149,6,7.35
17190,reginopolis,-21.888755,-49.221876,3,27.4
17201,jau,-22.294116,-48.557933,7,45.211
17202,jau,-22.300832,-48.560065,3,0.993
17203,jau,-22.304232,-48.570686,1,0.8
17204,jau,-22.292048,-48.577157,6,2.886
17205,jau,-22.293445,-48.568129,5,14.825
17206,jau,-22.266703,-48.56471,2,0.425
17207,jau,-22.285536,-48.557374,3,3.143
17208,jau,-22.274435,-48.55501,7,18.4
17209,jau,-22.277216,-48.543258,9,24.543
17210,jau,-22.284486,-48.536813,12,28.715
17211,jau,-22.301097,-48.542267,7,8.375
17212,jau,-22.315624,-48.546719,4,0.992
17213,jau,-22.311387,-48.581677,4,9.613
17214,jau,-22.292005,-48.515142,1,0.425
17220,jau,-22.365661,-48.668637,2,1.193
17230,itapui,-22.233704,-48.720086,7,23.092
17240,bocaina,-22.142922,-48.526746,6,32.388
17250,bariri,-22.073133,-48.739404,15,79.543
17260,itaju,-21.98103,-48.805228,3,7.1
17270,boraceia,-22.196483,-48.777936,1,0.2
17280,pederneiras,-22.347145,-48.780344,21,77.326
17290,macatuba,-22.513225,-48.717547,12,52.1
17300,dois corregos,-22.368782,-48.385045,11,7.985
17310,guarapua,-22.250352,-48.384641,1,0.243
17320,mineiros do tiete,-22.412663,-48.451583,3,1.533
17340,barra bonita,-22.489557,-48.560845,28,64.249
17350,igaracu do tiete,-22.515499,-48.563253,4,1.5
17360,torrinha,-22.429805,-48.169781,6,12.175
17370,santa maria da serra,-22.569322,-48.157404,2,1.8
17380,brotas,-22.283614,-48.125509,12,19.741
17400,garca,-22.211035,-49.65579,27,70.919
17410,alvaro de carvalho,-22.082947,-49.718091,2,6.25
17420,lupercio,-22.414949,-49.817861,3,1.9
17440,ubirajara,-22.527572,-49.661774,1,2.7
17450,galia,-22.292004,-49.551391,1,1.65
17455,fernao,-22.36055,-49.521211,1,0.25
17470,duartina,-22.414108,-49.404523,10,26.015
17475,lucianopolis,-22.430934,-49.522202,2,1.0
17480,cabralia paulista,-22.456215,-49.337771,4,3.325
17490,piratininga,-22.414447,-49.137408,8,20.567
17500,marilia,-22.217931,-49.951082,1,1.95
17501,marilia,-22.222308,-49.947294,10,14.808
17502,marilia,-22.223682,-49.958582,5,5.175
17504,marilia,-22.213919,-49.957488,4,3.182
17505,marilia,-22.202558,-49.968265,7,22.194
17506,marilia,-22.20398,-49.959221,7,16.911
17507,marilia,-22.191611,-49.962985,4,24.71
17509,marilia,-22.213609,-49.945626,5,3.217
17510,marilia,-22.19557,-49.952324,7,15.55
17511,marilia,-22.180399,-49.956729,25,60.064
17512,marilia,-22.160371,-49.962492,18,19.3
17513,marilia,-22.203127,-49.938233,6,23.7
17514,marilia,-22.187855,-49.928258,19,16.559
17515,marilia,-22.210602,-49.938846,8,12.825
17516,marilia,-22.223746,-49.928327,13,9.359
17519,marilia,-22.230177,-49.937136,10,28.508
17520,marilia,-22.238487,-49.924903,7,7.3
17521,marilia,-22.237899,-49.916994,4,9.827
17522,marilia,-22.249291,-49.929589,6,30.663
17523,marilia,-22.254601,-49.935942,6,2.422
17524,marilia,-22.241723,-49.93239,6,13.265
17525,marilia,-22.233113,-49.964771,1,4.1
17526,marilia,-22.233367,-49.976051,9,12.784
17527,marilia,-22.220392,-49.974969,4,8.45
17533,marilia,-22.156411,-50.003586,2,5.5
17540,ocaucu,-22.439637,-49.920325,5,11.975
17550,julio mesquita,-22.011605,-49.791408,2,7.65
17560,vera cruz,-22.221978,-49.823371,9,13.95
17570,oriente,-22.153216,-50.095094,3,0.85
17580,pompeia,-22.104973,-50.178282,17,38.739
17590,queiroz,-21.798028,-50.240147,1,0.75
17600,tupa,-21.933761,-50.514652,10,36.712
17601,tupa,-21.926666,-50.513101,5,3.763
17602,tupa,-21.930852,-50.497562,12,37.759
17603,tupa,-21.94181,-50.502261,6,10.399
17604,tupa,-21.943131,-50.516337,3,1.741
17605,tupa,-21.935532,-50.524802,6,4.25
17606,tupa,-21.927449,-50.530016,5,22.525
17607,tupa,-21.921651,-50.524178,4,18.185
17625,tupa,-22.082933,-50.540399,1,0.6
17650,herculandia,-22.003708,-50.388096,3,3.55
17670,quintana,-22.069989,-50.306312,4,1.453
17680,iacri,-21.857601,-50.687778,2,0.45
17690,bastos,-21.921299,-50.73203,17,39.98
17700,osvaldo cruz,-21.796511,-50.879202,16,28.277
17720,salmourao,-21.623919,-50.858896,2,1.1
17730,parapua,-21.782409,-50.791373,8,31.825
17740,rinopolis,-21.727623,-50.723875,2,4.3
17760,inubia paulista,-21.769702,-50.962425,3,6.4
17780,lucelia,-21.72327,-51.019558,12,26.502
17800,adamantina,-21.686599,-51.075785,35,86.419
17810,mariapolis,-21.796119,-51.182089,2,1.586
17830,florida paulista,-21.615543,-51.171067,4,4.429
17860,pacaembu,-21.562405,-51.264002,6,19.286
17870,flora rica,-21.676962,-51.38154,1,10.7
17880,irapuru,-21.568644,-51.351612,6,19.0
17890,junqueiropolis,-21.512085,-51.435476,15,46.662
17900,dracena,-21.486472,-51.53352,27,71.936
17905,jamaica,-24.2224,-46.881717,1,0.167
17920,ouro verde,-21.489882,-51.700848,3,10.325
17930,tupi paulista,-21.385586,-51.573011,6,4.025
17940,santa mercedes,-21.352555,-51.753196,2,0.584
17950,nova guataporanga,-21.333015,-51.645612,1,1.7
17960,monte castelo,-21.299375,-51.567751,1,0.353
17980,panorama,-21.36125,-51.857243,5,5.0
17990,pauliceia,-21.313442,-51.836325,2,9.895
18010,sorocaba,-23.500503,-47.458412,11,14.0
18013,sorocaba,-23.492205,-47.434768,4,2.23
18015,sorocaba,-23.503591,-47.429639,9,11.1
18016,sorocaba,-23.495579,-47.428831,13,18.603
18017,sorocaba,-23.491844,-47.409508,18,75.167
18020,sorocaba,-23.50624,-47.442851,15,10.455
18021,sorocaba,-23.508479,-47.428124,8,6.624
18022,sorocaba,-23.522258,-47.435103,2,2.2
18023,sorocaba,-23.510532,-47.355675,1,0.1
18025,sorocaba,-23.515982,-47.442756,21,38.153
18030,sorocaba,-23.509617,-47.460485,15,32.471
18031,sorocaba,-23.515795,-47.457352,8,12.087
18035,sorocaba,-23.500959,-47.462173,14,28.444
18040,sorocaba,-23.50614,-47.470475,13,41.257
18043,sorocaba,-23.505711,-47.481883,3,3.15
18044,sorocaba,-23.510415,-47.477555,9,77.016
18045,sorocaba,-23.518985,-47.485685,15,32.974
18046,sorocaba,-23.521897,-47.474868,12,35.906
18047,sorocaba,-23.520376,-47.464499,6,5.95
18048,sorocaba,-23.53679,-47.468703,17,17.601
18050,sorocaba,-23.514829,-47.496083,15,18.759
18051,sorocaba,-23.51746,-47.504195,22,59.583
18052,sorocaba,-23.530799,-47.495668,12,63.75
18053,sorocaba,-23.501035,-47.517987,19,54.35
18054,sorocaba,-23.492743,-47.520692,2,1.5
18055,sorocaba,-23.49832,-47.501808,33,62.628
18056,sorocaba,-23.507484,-47.503446,4,10.2
18057,sorocaba,-23.480544,-47.509544,7,14.09
18060,sorocaba,-23.491521,-47.47002,12,19.377
18061,sorocaba,-23.495123,-47.484223,8,16.671
18065,sorocaba,-23.485341,-47.479119,7,8.075
18066,sorocaba,-23.480652,-47.496193,2,1.342
18070,sorocaba,-23.47276,-47.484596,8,10.266
18071,sorocaba,-23.463366,-47.503336,24,42.332
18072,sorocaba,-23.434536,-47.509334,14,25.11
18074,sorocaba,-23.452963,-47.488622,12,36.295
18075,sorocaba,-23.474562,-47.468321,17,51.187
18076,sorocaba,-23.462864,-47.471921,14,27.654
18077,sorocaba,-23.454244,-47.475351,15,39.908
18078,sorocaba,-23.439418,-47.467714,20,56.147
18079,sorocaba,-23.434118,-47.477926,8,59.5
18080,sorocaba,-23.485569,-47.45904,11,6.825
18081,sorocaba,-23.477184,-47.451045,10,14.391
18085,sorocaba,-23.472558,-47.434859,17,45.206
18086,sorocaba,-23.448172,-47.450546,7,11.607
18087,sorocaba,-23.451193,-47.408102,19,35.923
18090,sorocaba,-23.481808,-47.447507,18,49.815
18095,sorocaba,-23.488379,-47.448784,9,8.904
18103,sorocaba,-23.418823,-47.416566,9,32.063
18105,sorocaba,-23.398032,-47.376527,5,24.75
18108,sorocaba,-23.502568,-47.36964,14,36.1
18110,votorantim,-23.54256,-47.456783,14,41.653
18111,votorantim,-23.535667,-47.440227,7,12.35
18112,votorantim,-23.529197,-47.433894,10,25.397
18113,votorantim,-23.538484,-47.414369,3,31.05
18114,votorantim,-23.542605,-47.437564,5,2.975
18115,votorantim,-23.55845,-47.45236,12,19.568
18116,votorantim,-23.549487,-47.46169,8,5.4
18117,votorantim,-23.568546,-47.458878,17,14.314
18118,votorantim,-23.475462,-46.853065,1,0.287
18119,votorantim,-23.541862,-47.492492,7,6.207
18120,mairinque,-23.542372,-47.190107,24,47.924
18125,aluminio,-23.521961,-47.254917,13,27.755
18130,sao roque,-23.531197,-47.134767,18,55.414
18131,sao roque,-23.530925,-47.152132,6,18.25
18132,sao roque,-23.5212,-47.13952,8,14.8
18133,sao roque,-23.518575,-47.130727,10,18.422
18134,sao roque,-23.523835,-47.130973,10,17.1
18135,sao roque,-23.545802,-47.120894,10,21.55
18136,sao roque,-23.550865,-47.134465,4,12.15
18140,sao roque,-23.540229,-47.037922,1,0.583
18143,sao roque,-23.560979,-47.088019,7,31.475
18145,sao roque,-23.6049,-47.150678,1,0.8
18147,aracariguama,-23.434019,-47.06537,8,18.453
18150,ibiuna,-23.65671,-47.218741,31,65.137
18160,salto de pirapora,-23.650244,-47.576122,12,28.256
18170,piedade,-23.712859,-47.416239,22,39.514
18180,tapirai,-23.963974,-47.505157,2,2.35
18185,pilar do sul,-23.812865,-47.718958,12,27.838
18190,aracoiaba da serra,-23.508814,-47.611944,11,37.501
18195,capela do alto,-23.471543,-47.738553,3,33.583
18200,itapetininga,-23.587985,-48.04422,19,92.626
18201,itapetininga,-23.585284,-48.036005,5,32.243
18202,itapetininga,-23.587514,-48.018526,4,3.3
18203,itapetininga,-23.596756,-48.034929,1,0.2
18205,itapetininga,-23.599577,-48.050289,1,0.3
18206,itapetininga,-23.618669,-48.062358,3,1.5
18207,itapetininga,-23.601783,-48.064615,7,120.217
18208,itapetininga,-23.591584,-48.068947,7,14.851
18209,itapetininga,-23.584784,-48.069967,3,2.473
18210,itapetininga,-23.581883,-48.053571,5,3.0
18211,itapetininga,-23.563674,-48.041245,4,7.802
18212,itapetininga,-23.571836,-48.036852,6,7.383
18213,itapetininga,-23.572041,-48.0246,6,14.212
18214,itapetininga,-23.578989,-48.021294,5,7.22
18215,itapetininga,-23.586769,-47.982269,1,3.3
18217,rechan,-23.599131,-48.317846,2,10.288
18220,alambari,-23.564724,-47.884453,3,2.025
18225,sarapui,-23.640871,-47.82689,2,2.7
18230,sao miguel arcanjo,-23.879759,-47.996545,13,41.74
18240,angatuba,-23.490902,-48.412927,8,17.059
18245,campina do monte alegre,-23.594172,-48.480717,2,15.95
18250,guarei,-23.372306,-48.182513,5,2.893
18255,quadra,-23.298952,-48.055299,3,8.254
18260,porangaba,-23.176483,-48.122877,2,2.4
18270,tatui,-23.34964,-47.847796,11,19.684
18271,tatui,-23.344584,-47.838865,14,35.066
18272,tatui,-23.342345,-47.827747,3,8.075
18273,tatui,-23.355435,-47.822744,6,5.95
18274,tatui,-23.371561,-47.847787,5,35.5
18275,tatui,-23.35761,-47.854251,12,14.556
18276,tatui,-23.360046,-47.866298,6,3.095
18277,tatui,-23.352397,-47.869887,7,7.385
18278,tatui,-23.344252,-47.861323,2,20.65
18279,tatui,-23.336102,-47.849838,6,7.42
18285,cesario lange,-23.224916,-47.954686,13,32.859
18290,buri,-23.799975,-48.599291,10,23.369
18300,capao bonito,-24.005104,-48.349956,14,54.022
18301,capao bonito,-23.990481,-48.347765,1,0.2
18303,capao bonito,-23.981038,-48.344813,1,0.7
18304,capao bonito,-24.007117,-48.337833,3,3.2
18305,capao bonito,-24.01364,-48.342247,5,7.55
18307,capao bonito,-24.011559,-48.349451,4,6.85
18310,guapiara,-24.187926,-48.531256,3,4.053
18320,apiai,-24.511019,-48.844629,6,34.8
18360,itaoca,-24.640431,-48.839375,1,6.775
18380,ribeira,-24.657928,-49.008153,3,2.05
18385,itapirapua paulista,-24.573123,-49.170319,2,8.5
18400,itapeva,-23.983584,-48.87639,14,27.429
18401,itapeva,-23.974761,-48.87207,4,28.0
18403,itapeva,-23.98192,-48.86937,2,10.35
18404,itapeva,-23.991233,-48.869114,1,0.2
18405,itapeva,-23.993991,-48.876944,3,5.517
18406,itapeva,-23.996919,-48.885375,8,10.71
18407,itapeva,-23.989508,-48.891519,5,7.35
18408,itapeva,-23.995692,-48.903437,2,0.75
18409,itapeva,-23.983066,-48.888789,4,9.65
18410,itapeva,-23.97735,-48.886659,6,14.558
18411,itapeva,-23.971277,-48.883284,3,6.3
18425,taquarivai,-23.925242,-48.699954,3,15.3
18430,ribeirao branco,-24.223425,-48.768054,2,20.7
18435,nova campina,-24.121066,-48.90493,2,8.425
18440,itabera,-23.863645,-49.140463,7,31.05
18460,itarare,-24.112989,-49.331533,28,87.526
18470,riversul,-23.828887,-49.434223,1,1.383
18480,itaporanga,-23.70594,-49.482959,12,53.186
18500,laranjal paulista,-23.052706,-47.836149,17,22.768
18510,maristela,-23.038738,-47.895096,4,11.52
18520,cerquilho,-23.166182,-47.746096,30,68.173
18530,tiete,-23.102471,-47.712983,35,84.157
18535,jumirim,-23.077889,-47.791857,3,9.025
18540,porto feliz,-23.211243,-47.522496,21,35.53
18550,boituva,-23.285339,-47.671227,47,181.161
18560,ipero,-23.35397,-47.69198,18,67.231
18570,conchas,-23.015652,-48.010532,8,21.065
18580,pereiras,-23.074393,-47.975817,1,1.05
18590,bofete,-23.103336,-48.257621,5,28.111
18600,botucatu,-22.888546,-48.440937,8,37.025
18601,botucatu,-22.893777,-48.433172,4,10.242
18602,botucatu,-22.89334,-48.444308,5,9.2
18603,botucatu,-22.882274,-48.449762,19,51.357
18604,botucatu,-22.876552,-48.427931,4,2.924
18605,botucatu,-22.916463,-48.44107,7,16.537
18606,botucatu,-22.899561,-48.450276,6,10.249
18607,botucatu,-22.88978,-48.461993,7,38.883
18608,botucatu,-22.8672,-48.459903,9,3.573
18609,botucatu,-22.867403,-48.44844,8,25.446
18610,botucatu,-22.861331,-48.441751,15,42.879
18611,botucatu,-22.876286,-48.435647,7,51.67
18618,botucatu,-22.900186,-48.495664,1,0.15
18620,anhembi,-22.790703,-48.128849,1,0.6
18640,pardinho,-23.081095,-48.378741,1,9.3
18650,sao manuel,-22.736554,-48.570365,20,49.681
18655,aparecida de sao manuel,-22.730568,-48.615857,2,2.15
18670,areiopolis,-22.673299,-48.666852,3,3.749
18680,lencois paulista,-22.592986,-48.799596,8,22.308
18681,lencois paulista,-22.599105,-48.787046,10,29.536
18682,lencois paulista,-22.609023,-48.796363,9,11.047
18683,lencois paulista,-22.601376,-48.80749,9,11.436
18684,lencois paulista,-22.585369,-48.814719,1,1.433
18685,lencois paulista,-22.581978,-48.809321,6,13.686
18690,itatinga,-23.104782,-48.613097,4,7.403
18700,avare,-23.104533,-48.924565,10,6.838
18701,avare,-23.103346,-48.914046,8,5.275
18702,avare,-23.112643,-48.90677,6,9.967
18703,avare,-23.120638,-48.930868,6,3.6
18704,avare,-23.115143,-48.935869,3,1.7
18705,avare,-23.099575,-48.933948,8,14.15
18706,avare,-23.08981,-48.930717,10,24.533
18707,avare,-23.084261,-48.924114,3,3.05
18708,avare,-23.084419,-48.914887,9,48.175
18710,arandu,-23.135514,-49.054809,3,21.0
18720,paranapanema,-23.385782,-48.725211,11,9.125
18725,holambra ii,-22.640919,-47.057263,5,8.663
18730,itai,-23.41865,-49.091858,10,19.807
18740,taquarituba,-23.532234,-49.244751,15,81.993
18745,coronel macedo,-23.631212,-49.313939,2,1.8
18760,cerqueira cesar,-23.033823,-49.163101,18,68.346
18770,aguas de santa barbara,-22.882509,-49.238861,3,2.075
18775,iaras,-22.874423,-49.159285,1,1.4
18780,manduri,-23.0061,-49.317716,3,5.85
18790,oleo,-22.940448,-49.340514,1,1.65
18800,piraju,-23.198781,-49.382064,17,66.953
18830,tejupa,-23.399983,-49.348612,3,2.382
18840,sarutaia,-23.274698,-49.475087,1,0.5
18860,timburi,-23.206916,-49.602628,3,5.959
18870,fartura,-23.389297,-49.510745,10,46.254
18890,taguai,-23.453617,-49.405672,10,8.125
18900,santa cruz do rio pardo,-22.897543,-49.625885,34,49.869
18935,espirito santo do turvo,-22.695894,-49.430267,2,21.7
18940,sao pedro do turvo,-22.747299,-49.740533,2,2.5
18950,ipaussu,-23.055647,-49.626775,7,55.975
18960,bernardino de campos,-23.014916,-49.475859,4,5.613
18970,chavantes,-23.038866,-49.708182,12,24.15
18980,irape,-23.060354,-49.735544,2,12.75
18990,canitar,-23.005444,-49.784725,2,4.3
19010,presidente prudente,-22.122652,-51.386137,17,17.99
19013,presidente prudente,-22.135066,-51.392334,11,81.925
19014,presidente prudente,-22.129241,-51.396674,4,7.35
19015,presidente prudente,-22.120911,-51.394405,12,20.437
19020,presidente prudente,-22.113735,-51.385696,5,4.2
19023,presidente prudente,-22.111362,-51.398548,8,92.609
19024,presidente prudente,-22.101081,-51.394712,1,0.25
19025,presidente prudente,-22.099617,-51.408197,8,2.169
19026,presidente prudente,-22.096928,-51.417278,12,37.738
19027,presidente prudente,-22.112718,-51.421001,4,15.1
19028,presidente prudente,-22.084864,-51.433613,2,0.55
19030,presidente prudente,-22.119004,-51.377331,1,0.25
19031,presidente prudente,-22.12802,-51.37889,2,0.611
19033,presidente prudente,-22.09677,-51.387747,2,1.7
19034,presidente prudente,-22.083393,-51.382662,2,5.175
19035,presidente prudente,-22.125647,-51.373029,1,1.2
19040,presidente prudente,-22.131683,-51.384956,1,10.5
19041,presidente prudente,-22.138077,-51.378867,4,2.8
19042,presidente prudente,-22.135552,-51.371309,1,0.1
19045,presidente prudente,-22.145467,-51.381719,1,2.2
19050,presidente prudente,-22.137102,-51.401031,8,14.97
19051,presidente prudente,-22.143353,-51.457564,1,0.4
19053,presidente prudente,-22.146273,-51.410937,9,95.65
19060,presidente prudente,-22.120851,-51.413425,8,26.037
19061,presidente prudente,-22.127885,-51.409671,6,3.835
19062,presidente prudente,-22.132882,-51.425288,2,1.2
19063,presidente prudente,-22.127875,-51.445019,7,25.125
19064,presidente prudente,-22.154597,-51.453248,3,3.25
19065,presidente prudente,-22.106761,-51.43242,5,11.625
19066,presidente prudente,-22.109507,-51.42885,2,1.233
19067,presidente prudente,-22.12059,-51.428391,2,0.75
19070,presidente prudente,-22.136601,-51.418342,2,5.05
19085,presidente prudente,-22.110654,-51.439245,1,0.3
19110,presidente prudente,-22.107997,-51.376045,1,2.65
19140,presidente prudente,-21.803104,-51.300435,1,0.6
19160,alvares machado,-22.077017,-51.473919,8,7.023
19180,alfredo marcondes,-21.954387,-51.41585,1,6.55
19190,santo expedito,-21.851462,-51.395558,1,0.311
19200,pirapozinho,-22.276421,-51.498884,14,30.11
19210,tarabai,-22.304278,-51.558983,5,42.995
19220,narandiba,-22.406818,-51.523786,2,1.4
19230,estrela do norte,-22.488285,-51.661043,3,4.346
19260,mirante do paranapanema,-22.295185,-51.907598,3,2.95
19273,rosana,-22.578874,-53.056195,4,4.047
19274,primavera,-22.533408,-51.744531,9,24.425
19275,euclides da cunha paulista,-22.558257,-52.590562,2,2.383
19280,teodoro sampaio,-22.530978,-52.170197,12,19.245
19300,presidente bernardes,-22.005865,-51.555652,5,30.9
19350,emilianopolis,-21.830411,-51.483653,2,2.0
19360,santo anastacio,-21.976551,-51.653314,17,70.1
19400,presidente venceslau,-21.876176,-51.844728,22,71.015
19410,piquerobi,-21.887277,-51.729733,1,1.35
19450,caiua,-21.831345,-51.99011,2,2.333
19470,presidente epitacio,-21.770325,-52.112293,23,37.573
19500,martinopolis,-22.149698,-51.17184,8,82.183
19505,tecainda,-22.002038,-51.135861,1,0.1
19560,indiana,-22.175131,-51.255219,3,2.65
19570,regente feijo,-22.220684,-51.30297,10,19.628
19575,espigao,-22.195168,-51.356993,2,0.9
19580,anhumas,-22.29641,-51.387936,1,0.2
19590,taciba,-22.390819,-51.289808,2,24.0
19600,rancharia,-22.229935,-50.893814,21,42.211
19610,agisse,-24.306586,-46.97661,1,1.15
19640,iepe,-22.660785,-51.075383,5,6.416
19645,nantes,-22.619672,-51.237709,1,0.65
19680,joao ramalho,-22.249999,-50.76842,3,26.2
19700,paraguacu paulista,-22.418411,-50.580261,20,43.785
19750,lutecia,-22.339138,-50.392763,1,5.962
19770,oscar bressane,-22.315912,-50.282611,3,2.2
19780,quata,-22.245954,-50.700545,12,13.393
19800,assis,-22.664874,-50.415871,15,63.287
19801,assis,-22.671473,-50.412483,6,6.182
19802,assis,-22.669638,-50.426783,7,7.611
19803,assis,-22.675429,-50.437784,2,3.483
19804,assis,-22.664711,-50.435924,6,16.56
19806,assis,-22.655684,-50.423965,10,37.822
19807,assis,-22.645101,-50.42402,9,28.529
19810,assis,-22.633555,-50.421094,1,0.25
19812,assis,-22.639825,-50.396803,3,14.056
19813,assis,-22.644135,-50.402008,8,44.538
19814,assis,-22.657362,-50.410303,7,18.26
19815,assis,-22.655818,-50.395499,8,19.14
19816,assis,-22.663416,-50.401272,2,2.95
19820,taruma,-22.749112,-50.579041,9,29.358
19830,echapora,-22.429716,-50.205234,2,6.7
19840,maracai,-22.612726,-50.668352,8,43.545
19860,cruzalia,-22.744428,-50.791241,3,8.75
19865,pedrinhas paulista,-22.814863,-50.791328,4,4.796
19870,florinia,-22.901966,-50.727979,1,0.57
19880,candido mota,-22.750047,-50.386736,16,11.003
19900,ourinhos,-22.980548,-49.867167,10,41.889
19901,ourinhos,-22.990688,-49.868722,4,6.483
19902,ourinhos,-22.993207,-49.860337,1,11.45
19904,ourinhos,-23.012721,-49.883246,1,0.8
19905,ourinhos,-22.995504,-49.883619,8,49.25
19906,ourinhos,-22.985147,-49.882648,10,10.243
19907,ourinhos,-22.974461,-49.880112,12,27.97
19909,ourinhos,-22.969825,-49.903292,1,10.5
19910,ourinhos,-22.965391,-49.893054,4,39.067
19911,ourinhos,-22.969483,-49.870612,12,20.55
19912,ourinhos,-22.979795,-49.860315,5,13.0
19913,ourinhos,-22.981023,-49.854356,4,15.875
19915,ourinhos,-22.958696,-49.864162,5,5.85
19920,salto grande,-22.888799,-49.982629,1,12.65
19930,ribeirao do sul,-22.784841,-49.931891,3,3.213
19940,ibirarema,-22.813926,-50.073148,5,2.725
19970,palmital,-22.78615,-50.218925,18,38.81
